n,alpha,gamma,p0,pn,c,R,neg,R_env,neg_env,purity,purity_env,x,z,p_success,witness
2,0.2,0.0,0.040000000000000084,0.9600000000000003,0.19595917942265448,0.3119183588453087,0.19595917942265473,0.0,2.220446049250313e-16,1.0000000000000007,1.0000000000000009,0.3919183588453088,-0.9199999999999998,1.0000000000000004,0.31191835884530894
2,0.2,0.0025,0.04000600000000008,0.9552059999999998,0.19546928147409778,0.31092656294819543,0.1930752814740977,0.0009677958971132661,-1.1102230246251565e-16,0.9904469249439998,0.9904469249439996,0.39281938214992945,-0.91960305944864,0.9952119999999999,0.31092656294819543
2,0.2,0.005,0.04002400000000009,0.9504240000000009,0.19497938352554128,0.30991076705108234,0.19020338352554178,0.0019115917942265082,4.440892098500626e-16,0.980987240704002,0.980987240704002,0.39371957644528754,-0.9191800074309806,0.990448000000001,0.30991076705108256
2,0.2,0.0075,0.04005400000000008,0.9456540000000003,0.1944894855769846,0.308870971153969,0.18734348557698477,0.0028313876913397262,2.220446049250313e-16,0.9716202612640008,0.9716202612640009,0.3946188639576518,-0.9187304962524397,0.9857080000000004,0.308870971153969
2,0.2,0.01,0.04009600000000012,0.9408960000000006,0.19399958762842806,0.30780717525685586,0.18449558762842844,0.0037271835884531423,4.440892098500626e-16,0.9623453040640014,0.9623453040640014,0.3955171655394293,-0.9182541753653444,0.9809920000000008,0.30780717525685586
2,0.2,0.0125,0.04015000000000005,0.9361500000000003,0.19350968967987123,0.3067193793597425,0.18165968967987145,0.004598979485566312,1.1102230246251565e-16,0.9531616900000006,0.9531616900000006,0.3964144006552723,-0.9177506913858444,0.9763000000000003,0.3067193793597425
2,0.2,0.015,0.04021600000000012,0.9314160000000004,0.19301979173131475,0.3056075834626293,0.17883579173131503,0.0054467753826796805,2.220446049250313e-16,0.9440687434240009,0.944068743424001,0.39731048736829305,-0.9172196881123715,0.9716320000000005,0.3056075834626293
2,0.2,0.0175,0.04029400000000009,0.9266940000000002,0.19252989378275803,0.30447178756551585,0.17602389378275818,0.006270571279792803,1.1102230246251565e-16,0.9350657921440007,0.9350657921440005,0.3982053423263949,-0.916660806545686,0.9669880000000003,0.30447178756551585
2,0.2,0.02,0.040384000000000086,0.9219839999999999,0.19203999583420134,0.3033119916684024,0.17322399583420134,0.007070367176906123,0.0,0.926152167424,0.9261521674239999,0.3990988807487392,-0.9160736849105537,0.962368,0.3033119916684026
2,0.2,0.0225,0.040486000000000084,0.9172860000000008,0.1915500978856448,0.3021281957712896,0.1704360978856453,0.007846163074019419,4.440892098500626e-16,0.9173272039840017,0.9173272039840016,0.39999101641234996,-0.915457958679101,0.957772000000001,0.30212819577128935
2,0.2,0.025,0.04060000000000012,0.9126000000000009,0.19106019993708825,0.3009203998741763,0.1676601999370888,0.008597958971132691,5.551115123125783e-16,0.9085902400000018,0.9085902400000019,0.4008816616388755,-0.9148132605958874,0.9532000000000009,0.3009203998741763
2,0.2,0.0275,0.04072600000000008,0.9079259999999999,0.19057030198853145,0.29968860397706276,0.16489630198853145,0.009325754868245939,0.0,0.899940617104,0.899940617104,0.4017707272815141,-0.9141392207047472,0.9486519999999999,0.29968860397706276
2,0.2,0.03,0.04086400000000008,0.9032640000000004,0.19008040403997487,0.29843280807994965,0.1621444040399751,0.010029550765359163,2.220446049250313e-16,0.8913776803840009,0.8913776803840009,0.40265812271212115,-0.9134354663774402,0.9441280000000005,0.29843280807994943
2,0.2,0.0325,0.041014000000000085,0.8986140000000002,0.1895905060914182,0.2971530121828363,0.15940450609141843,0.010709346662472585,1.1102230246251565e-16,0.8829007783840006,0.8829007783840004,0.4035437558085075,-0.9127016223441615,0.9396280000000004,0.2971530121828363
2,0.2,0.035,0.04117600000000012,0.8939760000000008,0.1891006081428617,0.29584921628572314,0.1566766081428621,0.011365142559585761,4.440892098500626e-16,0.8745092631040017,0.8745092631040016,0.4044275329419421,-0.9119373107259567,0.9351520000000009,0.29584921628572314
2,0.2,0.0375,0.04135000000000008,0.8893500000000004,0.18861071019430495,0.29452142038860973,0.15396071019430524,0.011996938456699136,2.220446049250313e-16,0.8662024900000009,0.8662024900000008,0.4053093589648756,-0.9111421510690876,0.9307000000000005,0.29452142038860973
2,0.2,0.04,0.04153600000000009,0.8847360000000006,0.18812081224574834,0.2931696244914965,0.15125681224574872,0.012604734353812264,4.440892098500626e-16,0.8579798179840012,0.8579798179840014,0.4061891371988966,-0.9103157603813997,0.9262720000000008,0.2931696244914963
2,0.2,0.0425,0.041734000000000084,0.8801340000000001,0.18763091429719164,0.2917938285943831,0.14856491429719165,0.01318853025092559,1.1102230246251565e-16,0.8498406094240002,0.8498406094240004,0.40706676942293607,-0.9094577531707357,0.9218680000000001,0.2917938285943833
2,0.2,0.045,0.041944000000000085,0.8755440000000005,0.18714101634863506,0.2903940326972698,0.14588501634863538,0.013748326148038892,4.440892098500626e-16,0.8417842301440012,0.8417842301440014,0.4079421558617332,-0.9085677414854472,0.9174880000000006,0.29039403269727004
2,0.2,0.0475,0.04216600000000005,0.8709660000000002,0.1866511184000783,0.28897023680015654,0.14321711840007845,0.01428412204515217,1.1102230246251565e-16,0.8338100494240005,0.8338100494240005,0.4088151951745821,-0.9076453349570488,0.9131320000000003,0.28897023680015654
2,0.2,0.05,0.04240000000000008,0.8664,0.18616122045152173,0.28752244090304324,0.14056122045152175,0.014795917942265424,0.0,0.82591744,0.82591744,0.40968578444437,-0.9066901408450703,0.9088,0.28752244090304324
2,0.2,0.0525,0.04264600000000009,0.8618460000000002,0.1856713225029651,0.2860506450059299,0.1379173225029653,0.015283713839378654,1.1102230246251565e-16,0.8181057780640005,0.8181057780640005,0.41055381916692474,-0.9057017640841487,0.9044920000000003,0.28605064500593014
2,0.2,0.055,0.04290400000000009,0.8573040000000003,0.18518142455440847,0.2845548491088168,0.13528542455440862,0.015747509736492082,2.220446049250313e-16,0.8103744432640005,0.8103744432640005,0.4114191932406919,-0.9046798073334161,0.9002080000000003,0.2845548491088168
2,0.2,0.0575,0.04317400000000012,0.8527740000000011,0.18469152660585203,0.28303505321170386,0.13266552660585262,0.016187305633605265,6.661338147750939e-16,0.8027228187040022,0.8027228187040023,0.41228179895675143,-0.9036238710282292,0.8959480000000013,0.28303505321170364
2,0.2,0.06,0.043456000000000085,0.8482560000000002,0.1842016286572952,0.28149125731459024,0.1300576286572953,0.016603101530718423,1.1102230246251565e-16,0.7951502909440005,0.7951502909440004,0.4131415269891964,-0.9025335534342925,0.8917120000000003,0.28149125731459024
2,0.2,0.0625,0.04375000000000009,0.8437500000000002,0.18371173070873859,0.27992346141747704,0.12746173070873867,0.01699489742783178,2.220446049250313e-16,0.7876562500000006,0.7876562500000006,0.41399826638588966,-0.9014084507042253,0.8875000000000003,0.27992346141747704
2,0.2,0.065,0.04405600000000011,0.8392560000000003,0.183221832760182,0.2783316655203638,0.12487783276018227,0.01736269332494511,3.3306690738754696e-16,0.7802400893440008,0.7802400893440008,0.41485190455961635,-0.9002481569366201,0.8833120000000004,0.2783316655203638
2,0.2,0.0675,0.04437400000000009,0.8347740000000003,0.1827319348116253,0.27671586962325057,0.12230593481162555,0.01770648922205842,2.220446049250313e-16,0.7729012059040008,0.7729012059040008,0.4157023272796508,-0.8990522642376481,0.8791480000000005,0.27671586962325034
2,0.2,0.07,0.04470400000000005,0.830304,0.18224203686306856,0.27507607372613707,0.11974603686306862,0.018026285119171703,0.0,0.7656390000640002,0.7656390000640001,0.41654941866375744,-0.8978203627852543,0.8750080000000001,0.27507607372613707
2,0.2,0.0725,0.04504600000000012,0.8258460000000007,0.18175213891451217,0.2734122778290242,0.11719813891451258,0.018322081016284963,4.440892098500626e-16,0.7584528756640015,0.7584528756640015,0.4173930611706434,-0.8965520408960006,0.8708920000000009,0.273412277829024
2,0.2,0.075,0.04540000000000012,0.8214000000000004,0.18126224096595547,0.2717244819319107,0.11466224096595568,0.0185938769133982,2.220446049250313e-16,0.7513422400000008,0.7513422400000008,0.4182331355928827,-0.8952468850946007,0.8668000000000005,0.2717244819319107
2,0.2,0.0775,0.045766000000000084,0.8169660000000003,0.18077234301739875,0.27001268603479733,0.112138343017399,0.018841672810511412,2.220446049250313e-16,0.7443065038240007,0.7443065038240005,0.4190695210503347,-0.8939044801861991,0.8627320000000004,0.27001268603479733
2,0.2,0.08,0.04614400000000009,0.8125440000000005,0.18028244506884214,0.2682768901376842,0.10962644506884245,0.019065468707624822,4.440892098500626e-16,0.737345081344001,0.7373450813440011,0.41990209498407344,-0.8925244093314451,0.8586880000000006,0.2682768901376842
2,0.2,0.0825,0.04653400000000008,0.8081340000000006,0.17979254712028553,0.2665170942405708,0.1071265471202858,0.019265264604737986,3.3306690738754696e-16,0.7304573902240011,0.7304573902240014,0.42073073315085013,-0.8911062541244084,0.8546680000000006,0.2665170942405708
2,0.2,0.085,0.04693600000000009,0.8037360000000002,0.17930264917172886,0.2647332983434576,0.10463864917172905,0.019441060501851348,2.220446049250313e-16,0.7236428515840005,0.7236428515840005,0.42155530961811083,-0.8896495946733876,0.8506720000000003,0.2647332983434576
2,0.2,0.08750000000000001,0.047350000000000086,0.7993500000000001,0.1788127512231722,0.26292550244634416,0.10216275122317231,0.019592856398964464,2.220446049250313e-16,0.7169008900000003,0.7169008900000006,0.42237569675958936,-0.8881540096846579,0.8467000000000002,0.26292550244634416
2,0.2,0.09,0.04777600000000008,0.7949760000000005,0.17832285327461558,0.2610937065492309,0.0996988532746158,0.01972065229607778,2.220446049250313e-16,0.710230933504001,0.7102309335040009,0.4231917652514986,-0.8866190765492101,0.8427520000000005,0.26109370654923114
2,0.2,0.0925,0.04821400000000008,0.7906140000000007,0.177832955326059,0.2592379106521179,0.09724695532605943,0.01982444819319107,4.440892098500626e-16,0.7036324135840013,0.7036324135840013,0.42400338406934157,-0.8850443714325225,0.8388280000000008,0.2592379106521179
2,0.2,0.095,0.04866400000000009,0.7862640000000003,0.1773430573775023,0.25735811475500436,0.0948070573775025,0.019904244090304335,2.220446049250313e-16,0.6971047651840006,0.6971047651840008,0.42481042048536455,-0.8834294693674184,0.8349280000000003,0.2573581147550046
2,0.2,0.0975,0.049126000000000086,0.7819260000000005,0.1768531594289457,0.25545431885789127,0.09237915942894592,0.019960039987417577,2.220446049250313e-16,0.6906474267040009,0.6906474267040009,0.42561274006667593,-0.8817739443500525,0.8310520000000006,0.25545431885789127
2,0.2,0.1,0.049600000000000095,0.7776000000000001,0.17636326148038903,0.25352652296077793,0.08996326148038913,0.019991835884530795,1.1102230246251565e-16,0.6842598400000002,0.6842598400000004,0.4264102066740546,-0.8800773694390713,0.8272000000000002,0.25352652296077793
2,0.2,0.10250000000000001,0.05008600000000009,0.7732860000000007,0.17587336353183244,0.25157472706366457,0.0875593635318328,0.01999963178164421,4.440892098500626e-16,0.6779414503840013,0.6779414503840014,0.42720268246146886,-0.8783393168579936,0.8233720000000008,0.2515747270636648
2,0.2,0.105,0.05058400000000009,0.7689840000000007,0.1753834655832758,0.2495989311665514,0.08516746558327615,0.01998342767875738,3.3306690738754696e-16,0.6716917066240012,0.6716917066240011,0.427990027876334,-0.8765593581008531,0.8195680000000007,0.2495989311665514
2,0.2,0.1075,0.05109400000000009,0.7646940000000001,0.1748935676347191,0.247599135269438,0.08278756763471917,0.01994322357587075,1.1102230246251565e-16,0.6655100609440003,0.6655100609440002,0.42877210166052715,-0.8747370640411478,0.8157880000000002,0.247599135269438
2,0.2,0.11,0.05161600000000008,0.7604160000000005,0.17440366968616253,0.245575339372325,0.08041966968616276,0.019879019472984094,3.3306690738754696e-16,0.659395969024001,0.6593959690240011,0.42954876085218907,-0.8728720050441361,0.8120320000000006,0.24557533937232479
2,0.2,0.1125,0.05215000000000005,0.7561500000000002,0.17391377173760578,0.24352754347521133,0.07806377173760592,0.019790815370097192,1.1102230246251565e-16,0.6533488900000004,0.6533488900000004,0.43031986078833534,-0.8709637510825188,0.8083000000000002,0.24352754347521155
2,0.2,0.115,0.05269600000000009,0.7518960000000009,0.17342387378904928,0.2414557475780983,0.07571987378904976,0.01967861126721049,5.551115123125783e-16,0.6473682864640016,0.6473682864640015,0.43108525510830104,-0.8690118718555491,0.804592000000001,0.2414557475780983
2,0.2,0.11750000000000001,0.05325400000000009,0.7476539999999999,0.17293397584049255,0.239359951680985,0.0733879758404925,0.01954240716432376,0.0,0.641453624464,0.641453624464,0.43184479575804596,-0.8670159369116051,0.8009080000000001,0.23935995168098478
2,0.2,0.12,0.0538240000000001,0.7434240000000002,0.17244407789193594,0.2372401557838717,0.07106807789193614,0.01938220306143701,2.220446049250313e-16,0.6356043735040005,0.6356043735040006,0.43259833299534367,-0.8649755157742633,0.7972480000000003,0.2372401557838717
2,0.2,0.1225,0.054406000000000086,0.7392060000000001,0.1719541799433793,0.23509635988675837,0.06876017994337946,0.019197998958550233,1.1102230246251565e-16,0.6298200065440004,0.6298200065440003,0.4333457153958843,-0.862890178071904,0.7936120000000002,0.23509635988675837
2,0.2,0.125,0.055000000000000084,0.7350000000000002,0.17146428199482266,0.23292856398964523,0.0664642819948228,0.018989794855663655,1.1102230246251565e-16,0.6241000000000004,0.6241000000000004,0.4340867898603104,-0.860759493670886,0.7900000000000003,0.23292856398964523
2,0.2,0.1275,0.05560600000000014,0.7308060000000006,0.17097438404626614,0.23073676809253207,0.06418038404626647,0.01875759075277683,5.551115123125783e-16,0.6184438337440011,0.6184438337440012,0.4348214016222183,-0.858583032812317,0.7864120000000008,0.23073676809253185
2,0.2,0.13,0.05622400000000014,0.7266240000000007,0.17048448609770953,0.2285209721954189,0.061908486097709936,0.018501386649890206,4.440892098500626e-16,0.6128509911040013,0.6128509911040012,0.43554939425714656,-0.8563603662524524,0.7828480000000009,0.22852097219541867
2,0.2,0.1325,0.05685400000000009,0.7224540000000002,0.16999458814915275,0.22628117629830524,0.05964858814915286,0.018221182547003334,2.220446049250313e-16,0.6073209588640003,0.6073209588640005,0.43627060969258036,-0.8540910654067453,0.7793080000000002,0.22628117629830524
2,0.2,0.135,0.05749600000000009,0.7182960000000006,0.16950469020059616,0.22401738040119223,0.05740069020059646,0.01791697844411666,4.440892098500626e-16,0.601853227264001,0.6018532272640013,0.4369848882189969,-0.8517747024975766,0.7757920000000007,0.224017380401192
2,0.2,0.1375,0.05815000000000007,0.7141500000000003,0.16901479225203947,0.22172958450407876,0.05516479225203963,0.017588774341229962,2.220446049250313e-16,0.5964472900000005,0.5964472900000006,0.43769206850197956,-0.8494108507056842,0.7723000000000003,0.22172958450407898
2,0.2,0.14,0.058816000000000104,0.710016,0.16852489430348283,0.21941778860696548,0.05294089430348281,0.01723657023834324,1.1102230246251565e-16,0.5911026442240002,0.5911026442240003,0.4383919875954248,-0.846999084325314,0.7688320000000001,0.21941778860696548
2,0.2,0.14250000000000002,0.05949400000000013,0.7058940000000008,0.16803499635492636,0.2170819927098524,0.05072899635492689,0.016860366135456495,5.551115123125783e-16,0.5858187905440014,0.5858187905440015,0.43908448095587116,-0.8445389789231081,0.765388000000001,0.2170819927098524
2,0.2,0.145,0.0601840000000001,0.7017840000000005,0.1675450984063696,0.21472219681273907,0.048529098406369875,0.016460162032569725,4.440892098500626e-16,0.580595233024001,0.5805952330240008,0.4397693824579758,-0.8420301115007452,0.7619680000000006,0.21472219681273885
2,0.2,0.1475,0.06088600000000013,0.6976860000000006,0.16705520045781305,0.21233840091562595,0.046341200457813425,0.016035957929683153,4.440892098500626e-16,0.5754314791840011,0.5754314791840012,0.4404465244111644,-0.8394720606613477,0.7585720000000007,0.21233840091562595
2,0.2,0.15,0.061600000000000085,0.6936000000000004,0.16656530250925633,0.20993060501851257,0.04416530250925654,0.015587753826796336,3.3306690738754696e-16,0.5703270400000008,0.5703270400000008,0.44111573757747935,-0.8368644067796609,0.7552000000000005,0.20993060501851257
2,0.2,0.1525,0.06232600000000009,0.689526,0.16607540456069964,0.20749880912139917,0.04200140456069967,0.015115549723909716,0.0,0.5652814299040001,0.5652814299040001,0.44177685119065885,-0.8342067321760132,0.7518520000000001,0.20749880912139895
2,0.2,0.155,0.0630640000000001,0.6854640000000002,0.16558550661214302,0.20504301322428575,0.03984950661214315,0.01461934562102285,2.220446049250313e-16,0.5602941667840003,0.5602941667840006,0.442429692976463,-0.8314986212940596,0.7485280000000003,0.20504301322428575
2,0.2,0.1575,0.0638140000000001,0.6814139999999999,0.16509560866358636,0.20256321732717253,0.037709608663586414,0.014099141518136182,1.1102230246251565e-16,0.5553647719839999,0.5553647719840001,0.4430740891742832,-0.8287396608823068,0.745228,0.20256321732717253
2,0.2,0.16,0.06457600000000006,0.6773760000000001,0.1646057107150297,0.20005942143005928,0.0355817107150298,0.01355493741524949,2.220446049250313e-16,0.5504927703040002,0.5504927703040003,0.44370986456005146,-0.8259294401794184,0.7419520000000002,0.20005942143005928
2,0.2,0.1625,0.06535000000000013,0.6733500000000002,0.1641158127664732,0.197531625532946,0.03346581276647331,0.012986733312362775,2.220446049250313e-16,0.5456776900000005,0.5456776900000005,0.4443368424704836,-0.8230675511032892,0.7387000000000004,0.19753162553294623
2,0.2,0.165,0.06613600000000008,0.6693360000000005,0.16362591481791652,0.19497982963583294,0.031361914817916836,0.012394529209476035,2.220446049250313e-16,0.5409190627840008,0.5409190627840007,0.44495484482867165,-0.8201535884438835,0.7354720000000006,0.19497982963583294
2,0.2,0.1675,0.06693400000000012,0.6653340000000006,0.1631360168693599,0.19240403373871962,0.02927001686936026,0.011778325106589271,5.551115123125783e-16,0.5362164238240011,0.5362164238240013,0.44556369217106234,-0.817187150059814,0.7322680000000008,0.1924040337387194
2,0.2,0.17,0.06774400000000011,0.661344,0.1626461189208032,0.18980423784160605,0.027190118920803252,0.011138121003702484,1.1102230246251565e-16,0.5315693117440001,0.5315693117440001,0.4461632036758338,-0.8141678370786514,0.7290880000000002,0.18980423784160605
2,0.2,0.17250000000000001,0.06856600000000007,0.6573660000000001,0.16215622097224655,0.1871804419444929,0.02512222097224659,0.010473916900815672,1.1102230246251565e-16,0.5269772686240003,0.5269772686240002,0.4467531971927026,-0.8110952541009349,0.7259320000000002,0.18718044194449313
2,0.2,0.17500000000000002,0.0694000000000001,0.6534000000000003,0.16166632302368997,0.18453264604737973,0.02306632302369016,0.009785712797929058,2.220446049250313e-16,0.5224398400000005,0.5224398400000007,0.44733348927418337,-0.8079690094078581,0.7228000000000004,0.18453264604737973
2,0.2,0.1775,0.07024600000000013,0.6494460000000005,0.1611764250751334,0.18186085015026654,0.021022425075133744,0.00907350869504242,4.440892098500626e-16,0.5179565748640009,0.5179565748640009,0.4479038952083204,-0.8047887151726014,0.7196920000000007,0.18186085015026654
2,0.2,0.18,0.07110400000000013,0.6455040000000004,0.16068652712657677,0.17916505425315332,0.018990527126577117,0.008337304592155537,3.3306690738754696e-16,0.5135270256640008,0.5135270256640008,0.4484642290529178,-0.8015539876752699,0.7166080000000006,0.1791650542531531
2,0.2,0.1825,0.07197400000000011,0.641574,0.16019662917802002,0.17644525835603986,0.016970629178020058,0.007577100489268851,1.1102230246251565e-16,0.5091507483040001,0.5091507483040001,0.44901430367128775,-0.7982644475213998,0.7135480000000001,0.17644525835603986
2,0.2,0.185,0.07285600000000012,0.6376560000000002,0.1597067312294634,0.1737014624589266,0.014962731229463566,0.006792896386382141,2.220446049250313e-16,0.5048273021440005,0.5048273021440004,0.4495539307695389,-0.7949197198639851,0.7105120000000004,0.1737014624589266
2,0.2,0.1875,0.07375000000000012,0.6337500000000005,0.15921683328090683,0.17093366656181352,0.012966833280907086,0.0059846922834954075,3.3306690738754696e-16,0.5005562500000008,0.5005562500000007,0.4500829209354253,-0.7915194346289751,0.7075000000000006,0.17093366656181352
2,0.2,0.19,0.0746560000000001,0.6298560000000006,0.1587269353323502,0.1681418706647002,0.010982935332350507,0.00515248818060865,5.551115123125783e-16,0.49633715814400103,0.4963371581440011,0.4506010836787735,-0.788063226744186,0.7045120000000007,0.1681418706647002
2,0.2,0.1925,0.07557400000000007,0.6259740000000003,0.1582370373837935,0.16532607476758687,0.009011037383793719,0.004296284077721868,2.220446049250313e-16,0.4921695963040005,0.4921695963040005,0.45110822747351126,-0.7845507363715668,0.7015480000000003,0.16532607476758687
2,0.2,0.195,0.0765040000000001,0.6221040000000008,0.15774713943523694,0.16248627887047373,0.007051139435237386,0.0034160799748352844,5.551115123125783e-16,0.48805313766400116,0.4880531376640012,0.45160415980130986,-0.7809816091427524,0.6986080000000009,0.16248627887047373
2,0.2,0.1975,0.07744600000000011,0.6182460000000007,0.15725724148668027,0.15962248297336035,0.005103241486680732,0.0025118758719484546,5.551115123125783e-16,0.4839873588640012,0.4839873588640012,0.4520886871968632,-0.7773554963978311,0.6956920000000009,0.15962248297336035
2,0.2,0.2,0.07840000000000011,0.6144000000000004,0.1567673435381236,0.15673468707624694,0.003167343538123868,0.001583671769061823,3.3306690738754696e-16,0.4799718400000007,0.4799718400000007,0.45256161529481376,-0.7736720554272516,0.6928000000000005,0.15673468707624694
2,0.2,0.2025,0.07936600000000013,0.6105660000000003,0.15627744558956697,0.15382289117913373,0.001243445589567127,0.0006314676661749452,3.3306690738754696e-16,0.4760061646240006,0.47600616462400064,0.45302274887834415,-0.7699309497167834,0.6899320000000004,0.15382289117913373
2,0.2,0.20500000000000002,0.0803440000000001,0.606744,0.1557875476410103,0.1508870952820205,0.0,0.0,0.0,0.47208991974400005,0.47208991974400016,0.45347189192944803,-0.766131849195445,0.687088,0.1508870952820205
2,0.2,0.20750000000000002,0.08133400000000013,0.6029340000000001,0.1552976496924537,0.14792729938490723,1.1102230246251565e-16,0.0,1.1102230246251565e-16,0.4682226958240002,0.46822269582400017,0.45390884768089007,-0.7622744304863003,0.6842680000000002,0.147927299384907
2,0.2,0.21,0.08233600000000015,0.5991360000000004,0.15480775174389713,0.14494350348779395,4.440892098500626e-16,0.0,4.440892098500626e-16,0.46440408678400086,0.46440408678400086,0.4543334186698705,-0.7583583771600297,0.6814720000000006,0.14494350348779395
2,0.2,0.2125,0.08335000000000012,0.5953500000000002,0.1543178537953404,0.14193570759068064,2.220446049250313e-16,0.0,2.220446049250313e-16,0.4606336900000004,0.4606336900000005,0.45474540679340014,-0.7543833799911592,0.6787000000000003,0.14193570759068064
2,0.2,0.215,0.08437600000000016,0.5915760000000004,0.15382795584678385,0.1389039116935673,4.440892098500626e-16,0.0,3.3306690738754696e-16,0.4569111063040008,0.45691110630400067,0.4551446133653979,-0.7503491372168436,0.6759520000000006,0.13890391169356753
2,0.2,0.2175,0.08541400000000006,0.587814,0.15333805789822705,0.13584811579645395,0.0,0.0,0.0,0.453235939984,0.45323593998399997,0.4555308391755157,-0.746255354798077,0.673228,0.13584811579645395
2,0.2,0.22,0.08646400000000011,0.5840640000000004,0.15284815994967052,0.1327683198993408,3.3306690738754696e-16,0.0,3.3306690738754696e-16,0.44960779878400065,0.4496077987840006,0.4559038845496994,-0.7421017466832107,0.6705280000000005,0.1327683198993408
2,0.2,0.2225,0.08752600000000008,0.5803260000000002,0.1523582620011138,0.1296645240022274,2.220446049250313e-16,0.0,2.220446049250313e-16,0.44602629390400045,0.4460262939040005,0.45626354941248576,-0.737888035073639,0.6678520000000003,0.1296645240022274
2,0.2,0.225,0.08860000000000014,0.5766000000000007,0.15186836405255733,0.1265367281051144,5.551115123125783e-16,0.0,5.551115123125783e-16,0.44249104000000106,0.44249104000000095,0.4566096333510437,-0.7336139506915214,0.6652000000000008,0.1265367281051144
2,0.2,0.2275,0.08968600000000011,0.5728860000000002,0.15137846610400058,0.12338493220800095,2.220446049250313e-16,0.0,2.220446049250313e-16,0.43900165518400047,0.43900165518400036,0.45694193568095387,-0.7292792330493891,0.6625720000000004,0.12338493220800073
2,0.2,0.23,0.09078400000000007,0.5691839999999999,0.15088856815544385,0.12020913631088748,0.0,0.0,0.0,0.43555776102399996,0.43555776102399996,0.45726025551373356,-0.7248836307214892,0.659968,0.12020913631088748
2,0.2,0.2325,0.09189400000000009,0.5654939999999998,0.15039867020688727,0.11700934041377442,0.0,0.0,-5.551115123125783e-17,0.4321589825439999,0.43215898254399987,0.45756439182609754,-0.720426901616701,0.6573879999999999,0.11700934041377442
2,0.2,0.23500000000000001,0.09301600000000014,0.5618160000000003,0.1499087722583307,0.11378554451666112,4.440892098500626e-16,0.0,4.440892098500626e-16,0.4288049482240006,0.42880494822400067,0.45785414353095333,-0.7159088132528647,0.6548320000000004,0.11378554451666134
2,0.2,0.23750000000000002,0.09415000000000011,0.5581500000000003,0.14941887430977405,0.1105377486195478,2.220446049250313e-16,0.0,2.220446049250313e-16,0.4254952900000004,0.42549529000000036,0.45812930955012715,-0.711329143032347,0.6523000000000003,0.11053774861954802
2,0.2,0.24,0.09529600000000005,0.5544960000000004,0.14892897636121738,0.10726595272243467,2.220446049250313e-16,0.0,3.3306690738754696e-16,0.4222296432640007,0.42222964326400064,0.45838968888880527,-0.7066876785186644,0.6497920000000005,0.10726595272243467
2,0.2,0.2425,0.0964540000000001,0.5508540000000002,0.14843907841266077,0.10397015682532129,2.220446049250313e-16,0.0,2.220446049250313e-16,0.4190076468640004,0.41900764686400044,0.4586350807116882,-0.7019842177139785,0.6473080000000002,0.10397015682532151
2,0.2,0.245,0.09762400000000004,0.5472240000000003,0.14794918046410407,0.10065036092820812,2.220446049250313e-16,0.0,2.220446049250313e-16,0.4158289431040004,0.41582894310400037,0.4588652844208372,-0.6972185693372701,0.6448480000000003,0.10065036092820812
2,0.2,0.2475,0.09880600000000012,0.543606,0.14745928251554746,0.0973065650310947,2.220446049250313e-16,0.0,1.1102230246251565e-16,0.4126931777440003,0.41269317774400016,0.4590800997352086,-0.6923905531029927,0.6424120000000002,0.09730656503109447
2,0.2,0.25,0.10000000000000007,0.5400000000000007,0.14696938456699093,0.09393876913398169,4.440892098500626e-16,0.0,4.440892098500626e-16,0.40960000000000096,0.40960000000000096,0.45927932677184613,-0.6875000000000001,0.6400000000000008,0.09393876913398169
2,0.2,0.2525,0.10120600000000006,0.5364060000000004,0.14647948661843427,0.09054697323686844,2.220446049250313e-16,0.0,2.220446049250313e-16,0.4065490625440006,0.40654906254400064,0.4594627661287246,-0.6825467525705289,0.6376120000000004,0.09054697323686844
2,0.2,0.255,0.10242400000000011,0.5328240000000003,0.1459895886698776,0.08713117733975495,2.220446049250313e-16,0.0,3.3306690738754696e-16,0.4035400215040005,0.40354002150400053,0.45963021896921363,-0.6775306651890285,0.6352480000000004,0.08713117733975517
2,0.2,0.2575,0.10365400000000011,0.5292540000000003,0.145499690721321,0.08369138144264188,2.220446049250313e-16,0.0,2.220446049250313e-16,0.40057253646400054,0.4005725364640006,0.45978148710814487,-0.6724516043405991,0.6329080000000005,0.08369138144264165
2,0.2,0.26,0.10489600000000017,0.5256960000000004,0.14500979277276435,0.08022758554552833,4.440892098500626e-16,0.0,4.440892098500626e-16,0.3976462704640007,0.39764627046400075,0.4599163730994501,-0.6673094488988123,0.6305920000000006,0.08022758554552833
2,0.2,0.2625,0.10615000000000015,0.5221499999999998,0.14451989482420763,0.07673978964841499,0.0,0.0,0.0,0.3947608899999999,0.3947608899999999,0.4600346803253466,-0.6621040904026734,0.6283,0.07673978964841499
2,0.2,0.265,0.10741600000000012,0.5186160000000001,0.14402999687565102,0.07322799375130185,2.220446049250313e-16,0.0,2.220446049250313e-16,0.3919160650240002,0.3919160650240002,0.46013621308703384,-0.6568354333324812,0.6260320000000001,0.07322799375130185
2,0.2,0.2675,0.10869400000000011,0.515094,0.14354009892709435,0.06969219785418845,2.220446049250313e-16,0.0,2.220446049250313e-16,0.3891114689440003,0.38911146894400034,0.4602207766968724,-0.6515033953843291,0.6237880000000001,0.06969219785418845
2,0.2,0.27,0.10998400000000015,0.5115840000000003,0.1430502009785378,0.06613240195707526,3.3306690738754696e-16,0.0,3.3306690738754696e-16,0.3863467786240006,0.3863467786240006,0.460288177572004,-0.6461079077429981,0.6215680000000005,0.06613240195707526
2,0.2,0.2725,0.11128600000000016,0.5080860000000003,0.14256030302998113,0.06254860605996182,3.3306690738754696e-16,0.0,3.3306690738754696e-16,0.3836216743840005,0.38362167438400047,0.46033822332937563,-0.6406489153529701,0.6193720000000005,0.06254860605996182
2,0.2,0.275,0.1126000000000002,0.5045999999999998,0.14207040508142443,0.05894081016284858,1.1102230246251565e-16,0.0,1.1102230246251565e-16,0.38093584,0.38093584,0.46037072288212716,-0.6351263771872969,0.6172,0.05894081016284858
2,0.2,0.2775,0.11392600000000015,0.5011260000000005,0.14158050713286796,0.055309014265735534,4.440892098500626e-16,0.0,4.440892098500626e-16,0.3782889627040008,0.37828896270400075,0.4603854865372938,-0.6295402665140507,0.6150520000000007,0.055309014265735534
2,0.2,0.28,0.11526400000000009,0.4976639999999999,0.14109060918431113,0.05165321836862202,0.0,0.0,0.0,0.37568073318399997,0.3756807331839999,0.4603823260947816,-0.6238905711600707,0.6129279999999999,0.051653218368622245
2,0.2,0.28250000000000003,0.11661400000000013,0.49421399999999993,0.1406007112357545,0.04797342247150871,1.1102230246251565e-16,0.0,1.1102230246251565e-16,0.3731108455840001,0.37311084558400004,0.4603610549475613,-0.6181772937717325,0.610828,0.04797342247150871
2,0.2,0.28500000000000003,0.11797600000000011,0.490776,0.14011081328719788,0.04426962657439559,0.0,0.0,1.1102230246251565e-16,0.3705789975040001,0.37057899750400014,0.46032148818302976,-0.6124004520724364,0.6087520000000001,0.04426962657439559
2,0.2,0.28750000000000003,0.11935000000000019,0.4873500000000004,0.1396209153386414,0.04054183067728245,4.440892098500626e-16,0.0,4.440892098500626e-16,0.36808489000000055,0.36808489000000066,0.460263442685483,-0.6065600791165318,0.6067000000000006,0.04054183067728245
2,0.2,0.29,0.12073600000000001,0.4839360000000001,0.13913101739008463,0.03679003478016929,1.1102230246251565e-16,0.0,0.0,0.36562822758400015,0.3656282275840002,0.46018673723964265,-0.6006562235393735,0.6046720000000001,0.03679003478016929
2,0.2,0.2925,0.12213400000000015,0.4805340000000006,0.13864111944152818,0.0330142388830561,5.551115123125783e-16,0.0,5.551115123125783e-16,0.3632087182240009,0.36320871822400086,0.4600911926351756,-0.5946889498032084,0.6026680000000008,0.0330142388830561
2,0.2,0.295,0.1235440000000001,0.4771440000000005,0.13815122149297146,0.029214442985942668,4.440892098500626e-16,0.0,4.440892098500626e-16,0.3608260733440007,0.3608260733440008,0.45997663177213904,-0.5886583384385905,0.6006880000000006,0.029214442985942668
2,0.2,0.2975,0.1249660000000001,0.47376600000000013,0.13766132354441477,0.025390647088829432,2.220446049250313e-16,0.0,1.1102230246251565e-16,0.3584800078240003,0.3584800078240002,0.45984287976729055,-0.582564486281007,0.5987320000000003,0.02539064708882921
2,0.2,0.3,0.1264000000000001,0.4704000000000003,0.13717142559585815,0.021542851191716172,3.3306690738754696e-16,0.0,2.220446049250313e-16,0.3561702400000005,0.3561702400000005,0.4596897640611865,-0.5764075067024128,0.5968000000000004,0.021542851191716172
2,0.2,0.3025,0.12784600000000018,0.46704600000000024,0.13668152764730154,0.017671055294602667,3.3306690738754696e-16,0.0,3.3306690738754696e-16,0.3538964916640005,0.3538964916640005,0.45951711452600286,-0.5701875298373482,0.5948920000000004,0.017671055294602667
2,0.2,0.305,0.1293040000000001,0.46370400000000045,0.13619162969874493,0.013775259397489581,4.440892098500626e-16,0.0,4.440892098500626e-16,0.3516584880640007,0.3516584880640006,0.4593247635739984,-0.5639047028033349,0.5930080000000005,0.013775259397489581
2,0.2,0.3075,0.1307740000000001,0.46037400000000017,0.13570173175018824,0.00985546350037625,2.220446049250313e-16,0.0,2.220446049250313e-16,0.3494559579040004,0.3494559579040003,0.4591125462665464,-0.5575591899152157,0.5911480000000002,0.00985546350037625
2,0.2,0.31,0.13225600000000012,0.4570560000000001,0.13521183380163157,0.005911667603262893,1.1102230246251565e-16,0.0,1.1102230246251565e-16,0.3472886333440002,0.3472886333440002,0.45888030042365174,-0.5511511728931362,0.5893120000000002,0.005911667603262893
2,0.2,0.3125,0.13375000000000015,0.45375000000000043,0.134721935853075,0.0019438717061497357,4.440892098500626e-16,0.0,4.440892098500626e-16,0.34515625000000066,0.34515625000000066,0.45862786673387185,-0.5446808510638297,0.5875000000000006,0.0019438717061497357
2,0.2,0.315,0.13525600000000018,0.45045600000000036,0.13423203790451835,0.0,4.440892098500626e-16,0.0,4.440892098500626e-16,0.3430585469440006,0.34305854694400056,0.45835508886455534,-0.5381484415548936,0.5857120000000006,-0.002047924190963668
2,0.2,0.3175,0.13677400000000006,0.44717400000000024,0.13374213995596165,0.0,1.1102230246251565e-16,0.0,1.1102230246251565e-16,0.34099526670400027,0.34099526670400027,0.45806181357230974,-0.5315541794817347,0.5839480000000004,-0.006063720088076874
2,0.2,0.32,0.13830400000000012,0.4439040000000006,0.13325224200740518,0.0,4.440892098500626e-16,0.0,5.551115123125783e-16,0.3389661552640008,0.33896615526400087,0.4577478908136096,-0.5248983181268552,0.5822080000000007,-0.010103515985189881
2,0.2,0.3225,0.13984600000000008,0.4406460000000002,0.13276234405884843,0.0,2.220446049250313e-16,0.0,2.220446049250313e-16,0.33697096206400035,0.33697096206400035,0.45741317385544805,-0.5181811291111678,0.5804920000000002,-0.014167311882303246
2,0.2,0.325,0.14140000000000016,0.43740000000000023,0.1322724461102918,0.0,3.3306690738754696e-16,0.0,3.3306690738754696e-16,0.33500944000000044,0.3350094400000005,0.4570575193859423,-0.5114029025570143,0.5788000000000004,-0.018255107779416857
2,0.2,0.3275,0.14296600000000018,0.4341660000000003,0.13178254816173515,0.0,3.3306690738754696e-16,0.0,3.3306690738754696e-16,0.3330813454240005,0.3330813454240004,0.4566807876247897,-0.5045639472425717,0.5771320000000004,-0.022366903676529937
2,0.2,0.33,0.14454400000000017,0.4309440000000003,0.1312926502131786,0.0,4.440892098500626e-16,0.0,4.440892098500626e-16,0.33118643814400056,0.33118643814400056,0.45628284243347733,-0.4976645907473308,0.5754880000000004,-0.02650269957364315
2,0.2,0.3325,0.14613400000000024,0.4277340000000002,0.13080275226462193,0.0,4.440892098500626e-16,0.0,3.3306690738754696e-16,0.3293244814240005,0.3293244814240005,0.45586355142514245,-0.4907051795883369,0.5738680000000005,-0.030662495470756612
2,0.2,0.335,0.14773600000000017,0.42453600000000014,0.13031285431606524,0.0,2.220446049250313e-16,0.0,2.220446049250313e-16,0.32749524198400026,0.3274952419840003,0.45542278607398284,-0.4836860793468836,0.5722720000000003,-0.034846291367869986
2,0.2,0.3375,0.1493500000000002,0.42135000000000006,0.12982295636750857,0.0,3.3306690738754696e-16,0.0,2.220446049250313e-16,0.3256984900000003,0.32569849000000034,0.45496042182410557,-0.4766076747853509,0.5707000000000002,-0.03905408726498316
2,0.2,0.34,0.15097600000000022,0.41817599999999994,0.12933305841895198,0.0,2.220446049250313e-16,0.0,2.220446049250313e-16,0.3239339991040002,0.3239339991040002,0.45447633819771155,-0.46947036995389574,0.5691520000000001,-0.04328588316209636
2,0.2,0.3425,0.15261400000000014,0.41501400000000016,0.12884316047039532,0.0,2.220446049250313e-16,0.0,2.220446049250313e-16,0.32220154638400034,0.32220154638400034,0.45397041890250395,-0.46227458828669465,0.5676280000000002,-0.047541679059209585
2,0.2,0.34500000000000003,0.1542640000000001,0.4118640000000002,0.12835326252183868,0.0,1.1102230246251565e-16,0.0,2.220446049250313e-16,0.3205009123840003,0.32050091238400025,0.45344255193821403,-0.45502077268744867,0.5661280000000003,-0.05182147495632283
2,0.2,0.34750000000000003,0.15592600000000015,0.40872600000000026,0.12786336457328207,0.0,2.220446049250313e-16,0.0,3.3306690738754696e-16,0.3188318811040004,0.3188318811040004,0.45289262970212446,-0.44770938560387624,0.5646520000000004,-0.056125270853436104
2,0.2,0.35000000000000003,0.15760000000000002,0.4056000000000001,0.12737346662472537,0.0,1.1102230246251565e-16,0.0,1.1102230246251565e-16,0.3171942400000002,0.31719424000000024,0.45232054909348485,-0.44034090909090917,0.5632000000000001,-0.06045306675054929
2,0.2,0.3525,0.1592860000000001,0.4024859999999999,0.12688356867616873,0.0,0.0,0.0,0.0,0.315587779984,0.315587779984,0.45172621161670123,-0.43291584486232815,0.5617719999999999,-0.06480486264766283
2,0.2,0.355,0.1609840000000002,0.3993840000000004,0.1263936707276122,0.0,4.440892098500626e-16,0.0,4.440892098500626e-16,0.31401229542400066,0.31401229542400066,0.4511095234831827,-0.4254347143305826,0.5603680000000006,-0.06918065854477606
2,0.2,0.3575,0.16269400000000012,0.39629400000000004,0.12590377277905546,0.0,2.220446049250313e-16,0.0,1.1102230246251565e-16,0.31246758414400017,0.31246758414400017,0.45047039571173414,-0.41789805863453217,0.5589880000000002,-0.07358045444188921
2,0.2,0.36,0.16441600000000006,0.39321600000000034,0.12541387483049884,0.0,3.3306690738754696e-16,0.0,2.220446049250313e-16,0.31095344742400044,0.31095344742400044,0.4498087442273713,-0.41030643865488375,0.5576320000000003,-0.07800425033900249
2,0.2,0.3625,0.1661500000000002,0.3901500000000001,0.1249239768819422,0.0,2.220446049250313e-16,0.0,2.220446049250313e-16,0.30946969000000024,0.3094696900000003,0.44912448995844745,-0.40266043501707677,0.5563000000000002,-0.0824520462361159
2,0.2,0.365,0.16789600000000016,0.387096,0.12443407893338558,0.0,2.220446049250313e-16,0.0,1.1102230246251565e-16,0.3080161200640002,0.3080161200640002,0.44841755893196855,-0.3949606480814134,0.5549920000000002,-0.08692384213322923
2,0.2,0.3675,0.16965400000000017,0.38405400000000045,0.12394418098482901,0.0,4.440892098500626e-16,0.0,5.551115123125783e-16,0.30659254926400065,0.3065925492640007,0.44768788236698354,-0.38720769792020354,0.5537080000000006,-0.09141963803034248
2,0.2,0.37,0.17142400000000013,0.38102400000000064,0.12345428303627244,0.0,5.551115123125783e-16,0.0,5.551115123125783e-16,0.3051987927040008,0.30519879270400085,0.44693539676593014,-0.3794022242817428,0.5524480000000007,-0.0959394339274553
2,0.2,0.3725,0.1732060000000001,0.3780060000000003,0.12296438508771572,0.0,3.3306690738754696e-16,0.0,3.3306690738754696e-16,0.30383466894400046,0.30383466894400046,0.4461600440038157,-0.37154488654093165,0.5512120000000004,-0.10048322982456881
2,0.2,0.375,0.175,0.37500000000000006,0.122474487139159,0.0,-1.1102230246251565e-16,0.0,-5.551115123125783e-17,0.3025,0.30250000000000005,0.44536177141512356,-0.36363636363636376,0.55,-0.10505102572168201
2,0.2,0.3775,0.17680600000000007,0.3720060000000002,0.12198458919060247,0.0,2.220446049250313e-16,0.0,2.220446049250313e-16,0.3011946113440004,0.30119461134400044,0.44454053187832043,-0.35567735399371747,0.5488120000000003,-0.10964282161879513
2,0.2,0.38,0.17862400000000017,0.3690240000000004,0.12149469124204583,0.0,5.551115123125783e-16,0.0,4.440892098500626e-16,0.29991833190400063,0.29991833190400063,0.443696283897853,-0.34766857543531615,0.5476480000000006,-0.11425861751590871
2,0.2,0.3825,0.1804540000000002,0.3660540000000002,0.12100479329348919,0.0,2.220446049250313e-16,0.0,3.3306690738754696e-16,0.29867099406400044,0.29867099406400044,0.4428289916835219,-0.3396107650757168,0.5465080000000004,-0.11889841341302199
2,0.2,0.385,0.18229600000000018,0.36309600000000036,0.12051489534493255,0.0,4.440892098500626e-16,0.0,4.440892098500626e-16,0.29745243366400065,0.29745243366400065,0.44193862522711164,-0.3315046792032153,0.5453920000000005,-0.12356220931013528
2,0.2,0.3875,0.18415000000000006,0.3601499999999999,0.12002499739637582,0.0,0.0,0.0,0.0,0.29626249000000004,0.29626249,0.44102516037617423,-0.32335109314716126,0.5443,-0.12825000520724839
2,0.2,0.39,0.18601600000000018,0.3572160000000002,0.11953509944781925,0.0,3.3306690738754696e-16,0.0,3.3306690738754696e-16,0.29510100582400045,0.2951010058240004,0.44008857890484787,-0.3151508011310083,0.5432320000000004,-0.13296180110436184
2,0.2,0.3925,0.18789400000000014,0.3542940000000003,0.11904520149926262,0.0,3.3306690738754696e-16,0.0,3.3306690738754696e-16,0.2939678273440004,0.29396782734400045,0.4391288685816083,-0.3069046161110168,0.5421880000000004,-0.13769759700147488
2,0.2,0.395,0.18978400000000037,0.35138400000000003,0.11855530355070601,0.0,4.440892098500626e-16,0.0,4.440892098500626e-16,0.29286280422400046,0.29286280422400046,0.43814602323384205,-0.29861336960056684,0.5411680000000004,-0.14245739289858883
2,0.2,0.3975,0.19168600000000022,0.34848600000000035,0.11806540560214937,0.0,4.440892098500626e-16,0.0,4.440892098500626e-16,0.2917857895840006,0.2917857895840006,0.4371400428091395,-0.29027791148004706,0.5401720000000005,-0.1472411887957017
2,0.2,0.4,0.19360000000000022,0.3456,0.11757550765359268,0.0,2.220446049250313e-16,0.0,2.220446049250313e-16,0.2907366400000002,0.2907366400000002,0.43611093343320706,-0.28189910979228433,0.5392000000000002,-0.15204898469281503
2,0.2,0.4025,0.1955260000000001,0.3427259999999999,0.11708560970503597,0.0,0.0,0.0,0.0,0.28971521550400003,0.289715215504,0.4350587074642954,-0.27347785052354634,0.538252,-0.15688078058992816
2,0.2,0.405,0.19746400000000025,0.3398640000000002,0.11659571175647944,0.0,4.440892098500626e-16,0.0,4.440892098500626e-16,0.2887213795840005,0.2887213795840005,0.4339833835440526,-0.2650150373700977,0.5373280000000005,-0.16173657648704165
2,0.2,0.40750000000000003,0.1994140000000001,0.33701400000000026,0.11610581380792276,0.0,2.220446049250313e-16,0.0,2.220446049250313e-16,0.2877549991840004,0.2877549991840004,0.43288498664470415,-0.2565115914903773,0.5364280000000003,-0.16661637238415472
2,0.2,0.41000000000000003,0.2013760000000002,0.33417600000000003,0.11561591585936613,0.0,2.220446049250313e-16,0.0,2.220446049250313e-16,0.2868159447040002,0.28681594470400024,0.4317635481124749,-0.24796845124282935,0.5355520000000003,-0.17152016828126815
2,0.2,0.41250000000000003,0.20335000000000017,0.33135000000000037,0.11512601791080955,0.0,4.440892098500626e-16,0.0,4.440892098500626e-16,0.2859040900000006,0.28590409000000055,0.4306191057071608,-0.2393865719094821,0.5347000000000005,-0.17644796417838116
2,0.2,0.41500000000000004,0.2053360000000001,0.3285360000000004,0.11463611996225292,0.0,4.440892098500626e-16,0.0,3.3306690738754696e-16,0.28501931238400047,0.2850193123840005,0.42945170363777396,-0.230766925405341,0.5338720000000005,-0.1813997600754942
2,0.2,0.4175,0.20733400000000005,0.3257340000000002,0.11414622201369624,0.0,2.220446049250313e-16,0.0,2.220446049250313e-16,0.28416149262400026,0.28416149262400026,0.42826139259417634,-0.2221104999737371,0.5330680000000002,-0.18637555597260747
2,0.2,0.42,0.20934400000000009,0.32294400000000045,0.11365632406513969,0.0,4.440892098500626e-16,0.0,4.440892098500626e-16,0.2833305149440005,0.2833305149440005,0.4270482297746317,-0.21341829986774125,0.5322880000000005,-0.19137535186972077
2,0.2,0.4225,0.21136600000000014,0.3201659999999998,0.11316642611658285,0.0,0.0,0.0,-1.1102230246251565e-16,0.28252626702399997,0.28252626702399997,0.42581227890920165,-0.20469134501779696,0.5315319999999999,-0.19639914776683454
2,0.2,0.425,0.21340000000000023,0.3174000000000003,0.1126765281680264,0.0,4.440892098500626e-16,0.0,4.440892098500626e-16,0.28174864000000055,0.2817486400000005,0.42455361027892347,-0.19593067068575726,0.5308000000000005,-0.20144694366394766
2,0.2,0.4275,0.21544600000000017,0.3146460000000001,0.11218663021946969,0.0,2.220446049250313e-16,0.0,2.220446049250313e-16,0.2809975284640002,0.2809975284640003,0.423272300730702,-0.18713732710548336,0.5300920000000002,-0.20651873956106082
2,0.2,0.43,0.21750400000000022,0.31190400000000024,0.11169673227091308,0.0,3.3306690738754696e-16,0.0,4.440892098500626e-16,0.2802728304640004,0.2802728304640004,0.4219684336878664,-0.17831237911025138,0.5294080000000004,-0.21161453545817444
2,0.2,0.4325,0.21957400000000002,0.30917400000000017,0.11120683432235638,0.0,1.1102230246251565e-16,0.0,1.1102230246251565e-16,0.2795744475040002,0.2795744475040002,0.4206420991563328,-0.16945690574716138,0.5287480000000002,-0.2167343313552874
2,0.2,0.435,0.22165600000000013,0.30645600000000034,0.11071693637379985,0.0,4.440892098500626e-16,0.0,4.440892098500626e-16,0.2789022845440005,0.27890228454400057,0.41929339372632984,-0.16057199987881382,0.5281120000000005,-0.22187812725240053
2,0.2,0.4375,0.22375000000000012,0.30375,0.11022703842524313,0.0,1.1102230246251565e-16,0.0,2.220446049250313e-16,0.2782562500000002,0.2782562500000002,0.41792242056964213,-0.1516587677725117,0.5275000000000001,-0.22704592314951388
2,0.2,0.44,0.22585600000000014,0.30105600000000016,0.10973714047668652,0.0,2.220446049250313e-16,0.0,2.220446049250313e-16,0.27763625574400036,0.27763625574400036,0.41652928943233963,-0.14271832867727435,0.5269120000000003,-0.23223771904662738
2,0.2,0.4425,0.2279740000000002,0.298374,0.10924724252812985,0.0,1.1102230246251565e-16,0.0,2.220446049250313e-16,0.2770422171040002,0.2770422171040002,0.415114116622956,-0.1337518143889589,0.5263480000000001,-0.23745351494374067
2,0.2,0.445,0.23010400000000003,0.2957040000000004,0.10875734457957328,0.0,2.220446049250313e-16,0.0,2.220446049250313e-16,0.2764740528640004,0.27647405286400034,0.4136770249960943,-0.12476036880382252,0.5258080000000005,-0.24269331084085344
2,0.2,0.4475,0.23224600000000004,0.2930460000000002,0.10826744663101662,0.0,2.220446049250313e-16,0.0,2.220446049250313e-16,0.27593168526400025,0.2759316852640003,0.4122181439314384,-0.11574514746084108,0.5252920000000002,-0.2479571067379669
2,0.2,0.45,0.23440000000000016,0.2903999999999999,0.10777754868245988,0.0,1.1102230246251565e-16,0.0,0.0,0.27541504000000006,0.27541504000000006,0.410737609308155,-0.10670731707317022,0.5248,-0.2532449026350805
2,0.2,0.4525,0.23656600000000017,0.2877659999999999,0.1072876507339033,0.0,1.1102230246251565e-16,0.0,1.1102230246251565e-16,0.27492404622400013,0.27492404622400013,0.40923556347468126,-0.09764805504909052,0.524332,-0.25855669853219365
2,0.2,0.455,0.23874400000000015,0.2851440000000003,0.10679775278534676,0.0,4.440892098500626e-16,0.0,4.440892098500626e-16,0.2744586365440005,0.2744586365440005,0.40771215521388793,-0.0885685490028405,0.5238880000000005,-0.26389249442930685
2,0.2,0.4575,0.2409340000000002,0.2825339999999999,0.10630785483679002,0.0,1.1102230246251565e-16,0.0,1.1102230246251565e-16,0.2740187470240001,0.2740187470240001,0.40616753970363045,-0.07946999625574003,0.523468,-0.2692522903264203
2,0.2,0.46,0.2431360000000002,0.2799359999999999,0.10581795688823338,0.0,1.1102230246251565e-16,0.0,1.1102230246251565e-16,0.27360431718400013,0.27360431718400013,0.40460187847268964,-0.0703536033280307,0.5230720000000001,-0.27463608622353375
2,0.2,0.4625,0.2453500000000001,0.27735000000000043,0.10532805893967688,0.0,4.440892098500626e-16,0.0,4.440892098500626e-16,0.27321529000000055,0.27321529000000055,0.40301533935212086,-0.06122058542184872,0.5227000000000005,-0.28004388212064635
2,0.2,0.465,0.2475760000000002,0.27477600000000024,0.10483816099112017,0.0,4.440892098500626e-16,0.0,3.3306690738754696e-16,0.2728516119040005,0.2728516119040005,0.4014080964220299,-0.05207216589579439,0.5223520000000005,-0.2854756780177601
2,0.2,0.4675,0.24981400000000026,0.2722140000000002,0.10434826304256352,0.0,4.440892098500626e-16,0.0,4.440892098500626e-16,0.2725132327840005,0.2725132327840005,0.39978032995380874,-0.04290957573156973,0.5220280000000004,-0.2909314739148735
2,0.2,0.47000000000000003,0.2520640000000001,0.26966400000000007,0.10385836509400687,0.0,2.220446049250313e-16,0.0,2.220446049250313e-16,0.27220010598400024,0.27220010598400024,0.39813222634785495,-0.033734052993130426,0.5217280000000002,-0.2964112698119866
2,0.2,0.47250000000000003,0.2543260000000002,0.26712600000000036,0.10336846714545028,0.0,4.440892098500626e-16,0.0,5.551115123125783e-16,0.2719121883040006,0.2719121883040006,0.39646397806682177,-0.02454684227886772,0.5214520000000006,-0.3019150657091
2,0.2,0.47500000000000003,0.2566000000000004,0.26460000000000006,0.10287856919689357,0.0,3.3306690738754696e-16,0.0,4.440892098500626e-16,0.2716494400000004,0.2716494400000004,0.3947757835644416,-0.015349194167305624,0.5212000000000004,-0.3074428616062137
2,0.2,0.47750000000000004,0.25888600000000017,0.2620860000000002,0.10238867124833699,0.0,3.3306690738754696e-16,0.0,3.3306690738754696e-16,0.2714118247840004,0.2714118247840004,0.3930678472099725,-0.006142364656833821,0.5209720000000004,-0.31299465750332645
2,0.2,0.48,0.2611840000000003,0.2595840000000001,0.10189877329978034,0.0,4.440892098500626e-16,0.0,3.3306690738754696e-16,0.2711993098240004,0.2711993098240004,0.39134037920832415,0.003072385400025024,0.5207680000000003,-0.31537045340043945
2,0.2,0.4825,0.26349400000000034,0.25709399999999993,0.10140887535122367,0.0,2.220446049250313e-16,0.0,2.220446049250313e-16,0.27101186574400027,0.27101186574400027,0.38959359551593054,0.012293790867250909,0.5205880000000003,-0.3113702492975525
2,0.2,0.485,0.2658160000000002,0.25461600000000006,0.10091897740266709,0.0,2.220446049250313e-16,0.0,2.220446049250313e-16,0.27084946662400033,0.27084946662400033,0.38782771775243274,0.02152058290036002,0.5204320000000002,-0.30739404519466595
2,0.2,0.4875,0.26815000000000017,0.2521500000000001,0.10042907945411048,0.0,2.220446049250313e-16,0.0,2.220446049250313e-16,0.2707120900000003,0.27071209000000035,0.3860429731082469,0.030751489525273956,0.5203000000000002,-0.3034418410917792
2,0.2,0.49,0.27049600000000007,0.24969600000000017,0.0999391815055538,0.0,2.220446049250313e-16,0.0,2.220446049250313e-16,0.2705997168640002,0.2705997168640002,0.3842395942480998,0.03998523622047223,0.5201920000000002,-0.29951363698889266
2,0.2,0.4925,0.2728540000000002,0.24725400000000008,0.09944928355699718,0.0,2.220446049250313e-16,0.0,2.220446049250313e-16,0.27051233166400035,0.27051233166400035,0.38241781921061446,0.04922054650188057,0.5201080000000002,-0.2956094328860057
2,0.2,0.495,0.2752240000000003,0.24482400000000007,0.09895938560844054,0.0,3.3306690738754696e-16,0.0,3.3306690738754696e-16,0.27044992230400045,0.27044992230400045,0.3805778913040353,0.05845614250992259,0.5200480000000004,-0.291729228783119
2,0.2,0.4975,0.27760600000000035,0.24240600000000004,0.09846948765988389,0.0,4.440892098500626e-16,0.0,3.3306690738754696e-16,0.27041248014400043,0.27041248014400043,0.37872005899819167,0.06769074559817911,0.5200120000000004,-0.2878730246802321
2,0.2,0.5,0.2800000000000003,0.24000000000000005,0.09797958971132723,0.0,2.220446049250313e-16,0.0,2.220446049250313e-16,0.2704000000000003,0.2704000000000003,0.3768445758127968,0.07692307692307732,0.5200000000000004,-0.2840408205773456
2,0.2,0.5025000000000001,0.2824060000000003,0.23760599999999985,0.09748969176277056,0.0,1.1102230246251565e-16,0.0,1.1102230246251565e-16,0.2704124801440002,0.2704124801440002,0.3749517002021897,0.08615185803404629,0.5200120000000001,-0.28023261647445863
2,0.2,0.505,0.28482400000000013,0.23522400000000016,0.09699979381421399,0.0,3.3306690738754696e-16,0.0,3.3306690738754696e-16,0.27044992230400033,0.27044992230400033,0.3730416954366287,0.09537581146355706,0.5200480000000003,-0.27644841237157236
2,0.2,0.5075000000000001,0.28725400000000045,0.2328539999999998,0.09650989586565728,0.0,2.220446049250313e-16,0.0,2.220446049250313e-16,0.2705123316640003,0.2705123316640003,0.37111482948025115,0.104593661316497,0.5201080000000002,-0.272688208268685
2,0.2,0.51,0.2896960000000002,0.23049600000000028,0.09601999791710074,0.0,4.440892098500626e-16,0.0,4.440892098500626e-16,0.2705997168640005,0.2705997168640005,0.3691713748658213,0.11380413385826738,0.5201920000000004,-0.2689520041657991
2,0.2,0.5125,0.29214999999999997,0.2281500000000002,0.09553009996854409,0.0,2.220446049250313e-16,0.0,2.220446049250313e-16,0.27071209000000024,0.27071209000000024,0.36721160856638113,0.12300595810109499,0.5203000000000002,-0.26523980006291215
2,0.2,0.515,0.2946160000000004,0.2258160000000001,0.09504020201998743,0.0,4.440892098500626e-16,0.0,4.440892098500626e-16,0.27084946662400056,0.27084946662400056,0.36523581186394133,0.1321978663879243,0.5204320000000004,-0.2615515959600254
2,0.2,0.5175,0.2970940000000003,0.22349400000000025,0.09455030407143086,0.0,4.440892098500626e-16,0.0,4.440892098500626e-16,0.2710118657440006,0.2710118657440006,0.3632442702153364,0.14137859497337624,0.5205880000000005,-0.2578873918571388
2,0.2,0.52,0.2995840000000002,0.22118399999999985,0.0940604061228741,0.0,0.0,0.0,0.0,0.2711993098240001,0.2711993098240001,0.3612372731153761,0.15054688460120497,0.520768,-0.25424718775425137
2,0.2,0.5225,0.3020860000000002,0.21888600000000014,0.09357050817431753,0.0,3.3306690738754696e-16,0.0,3.3306690738754696e-16,0.2714118247840004,0.2714118247840004,0.35921511395743905,0.15970148107767784,0.5209720000000003,-0.25063098365136516
2,0.2,0.525,0.30460000000000037,0.21659999999999993,0.09308061022576085,0.0,2.220446049250313e-16,0.0,2.220446049250313e-16,0.27164944000000035,0.27164944000000035,0.35717808989163774,0.16884113584036908,0.5212000000000003,-0.24703877954847808
2,0.2,0.5275,0.3071260000000003,0.21432600000000007,0.09259071227720424,0.0,2.220446049250313e-16,0.0,3.3306690738754696e-16,0.2719121883040003,0.2719121883040004,0.35512650168070764,0.17796460652178947,0.5214520000000004,-0.24347057544559159
2,0.2,0.53,0.30966400000000016,0.21206400000000006,0.09210081432864758,0.0,1.1102230246251565e-16,0.0,1.1102230246251565e-16,0.2722001059840002,0.27220010598400013,0.3530606535537581,0.1870706575073603,0.5217280000000002,-0.2399263713427049
2,0.2,0.5325,0.31221400000000016,0.2098140000000002,0.09161091638009101,0.0,4.440892098500626e-16,0.0,3.3306690738754696e-16,0.2725132327840004,0.2725132327840004,0.35098085305803883,0.1961580604871767,0.5220280000000004,-0.23640616723981833
2,0.2,0.535,0.3147760000000002,0.207576,0.09112101843153432,0.0,2.220446049250313e-16,0.0,2.220446049250313e-16,0.27285161190400026,0.27285161190400026,0.3488874109088671,0.2052255950010724,0.5223520000000003,-0.23290996313693135
2,0.2,0.5375,0.31735000000000013,0.2053500000000001,0.09063112048297771,0.0,2.220446049250313e-16,0.0,2.220446049250313e-16,0.2732152900000002,0.2732152900000002,0.34678064083787136,0.21427204897646834,0.5227000000000002,-0.22943775903404473
2,0.2,0.54,0.3199360000000004,0.20313600000000012,0.09014122253442111,0.0,4.440892098500626e-16,0.0,4.440892098500626e-16,0.2736043171840006,0.2736043171840005,0.3446608594396986,0.22329621925853443,0.5230720000000005,-0.2259895549311579
2,0.2,0.5425,0.3225340000000003,0.2009340000000001,0.08965132458586446,0.0,3.3306690738754696e-16,0.0,3.3306690738754696e-16,0.2740187470240004,0.2740187470240004,0.3425283860173473,0.23229691213216486,0.5234680000000005,-0.22256535082827134
2,0.2,0.545,0.32514400000000016,0.19874400000000006,0.08916142663730779,0.0,1.1102230246251565e-16,0.0,2.220446049250313e-16,0.27445863654400027,0.27445863654400027,0.3403835424262734,0.24127294383532366,0.5238880000000002,-0.21916514672538456
2,0.2,0.5475,0.3277660000000003,0.19656600000000007,0.08867152868875118,0.0,3.3306690738754696e-16,0.0,3.3306690738754696e-16,0.2749240462240004,0.2749240462240004,0.33822665291743065,0.250223141063296,0.5243320000000004,-0.21578894262249781
2,0.2,0.55,0.33040000000000047,0.19440000000000013,0.08818163074019456,0.0,4.440892098500626e-16,0.0,4.440892098500626e-16,0.2754150400000006,0.2754150400000006,0.3360580439793996,0.259146341463415,0.5248000000000006,-0.2124367385196111
2,0.2,0.5525,0.33304600000000023,0.19224599999999994,0.08769173279163785,0.0,1.1102230246251565e-16,0.0,2.220446049250313e-16,0.2759316852640002,0.27593168526400025,0.3338780441797622,0.26804139411984235,0.5252920000000002,-0.20910853441672406
2,0.2,0.555,0.3357040000000002,0.19010400000000025,0.0872018348430813,0.0,3.3306690738754696e-16,0.0,4.440892098500626e-16,0.2764740528640004,0.27647405286400045,0.33168698400587754,0.2769071600279947,0.5258080000000005,-0.20580433031383794
2,0.2,0.5575,0.33837400000000045,0.18797400000000009,0.08671193689452461,0.0,4.440892098500626e-16,0.0,4.440892098500626e-16,0.27704221710400057,0.2770422171040005,0.32948519570521606,0.2857425125582319,0.5263480000000005,-0.20252412621095095
2,0.2,0.56,0.3410560000000004,0.18585600000000005,0.08622203894596797,0.0,4.440892098500626e-16,0.0,4.440892098500626e-16,0.27763625574400047,0.27763625574400047,0.3272730131254095,0.2945463379084177,0.5269120000000005,-0.199267922108064
2,0.2,0.5625,0.3437500000000002,0.18375000000000008,0.08573214099741135,0.0,3.3306690738754696e-16,0.0,3.3306690738754696e-16,0.2782562500000003,0.2782562500000003,0.32505077155416606,0.3033175355450238,0.5275000000000003,-0.1960357180051775
2,0.2,0.5650000000000001,0.34645600000000043,0.18165599999999987,0.08524224304885467,0.0,2.220446049250313e-16,0.0,2.220446049250313e-16,0.2789022845440003,0.2789022845440003,0.32281880755920944,0.31205501863241214,0.5281120000000004,-0.19282751390229047
2,0.2,0.5675,0.34917400000000026,0.179574,0.08475234510029805,0.0,2.220446049250313e-16,0.0,2.220446049250313e-16,0.2795744475040003,0.27957444750400035,0.3205774588283947,0.32075771444998413,0.5287480000000002,-0.18964330979940391
2,0.2,0.5700000000000001,0.3519040000000002,0.17750400000000013,0.08426244715174144,0.0,3.3306690738754696e-16,0.0,3.3306690738754696e-16,0.2802728304640003,0.2802728304640004,0.3183270640101449,0.32942456479690513,0.5294080000000003,-0.18648310569651727
2,0.2,0.5725,0.3546460000000002,0.17544600000000013,0.0837725492031848,0.0,3.3306690738754696e-16,0.0,3.3306690738754696e-16,0.2809975284640004,0.2809975284640004,0.316067962554367,0.3380545263840993,0.5300920000000003,-0.18334690159363065
2,0.2,0.5750000000000001,0.3574000000000004,0.1734000000000001,0.08328265125462816,0.0,4.440892098500626e-16,0.0,4.440892098500626e-16,0.2817486400000005,0.2817486400000005,0.3138004945539868,0.34664657121326314,0.5308000000000005,-0.18023469749074383
2,0.2,0.5775,0.3601660000000002,0.1713660000000001,0.08279275330607153,0.0,2.220446049250313e-16,0.0,2.220446049250313e-16,0.2825262670240003,0.2825262670240003,0.31152500058725147,0.3551996869426488,0.5315320000000003,-0.17714649338785726
2,0.2,0.58,0.36294399999999993,0.16934400000000002,0.08230285535751487,0.0,-1.1102230246251565e-16,0.0,-1.1102230246251565e-16,0.28333051494399997,0.2833305149439999,0.3092418215609402,0.363712877239389,0.532288,-0.17408228928497027
2,0.2,0.5825,0.3657340000000003,0.167334,0.08181295740895823,0.0,2.220446049250313e-16,0.0,2.220446049250313e-16,0.28416149262400026,0.28416149262400026,0.3069512985546241,0.37218516211815406,0.5330680000000003,-0.17104208518208353
2,0.2,0.585,0.3685360000000001,0.16533600000000015,0.08132305946040164,0.0,2.220446049250313e-16,0.0,2.220446049250313e-16,0.2850193123840002,0.2850193123840002,0.3046537726661132,0.38061557826595105,0.5338720000000002,-0.16802588107919703
2,0.2,0.5875,0.3713500000000004,0.16335,0.08083316151184496,0.0,4.440892098500626e-16,0.0,4.440892098500626e-16,0.2859040900000005,0.2859040900000005,0.30234958485821917,0.3890031793529087,0.5347000000000004,-0.1650336769763101
2,0.2,0.59,0.3741760000000001,0.16137599999999994,0.0803432635632883,0.0,1.1102230246251565e-16,0.0,0.0,0.2868159447040001,0.28681594470400007,0.3000390758069741,0.3973470363288722,0.535552,-0.1620654728734232
2,0.2,0.5925,0.3770140000000005,0.15941400000000006,0.07985336561473172,0.0,4.440892098500626e-16,0.0,4.440892098500626e-16,0.2877549991840006,0.2877549991840006,0.297722585751421,0.40564623770571306,0.5364280000000006,-0.15912126877053656
2,0.2,0.595,0.3798640000000002,0.15746400000000016,0.07936346766617512,0.0,3.3306690738754696e-16,0.0,3.3306690738754696e-16,0.28872137958400035,0.28872137958400035,0.29540045434511164,0.41389988982520903,0.5373280000000004,-0.15620106466765016
2,0.2,0.5975,0.3827260000000001,0.15552600000000003,0.07887356971761843,0.0,2.220446049250313e-16,0.0,2.220446049250313e-16,0.2897152155040002,0.2897152155040002,0.29307302050942086,0.42210711711243065,0.5382520000000002,-0.15330486056476333
2,0.2,0.6,0.38560000000000005,0.15359999999999988,0.07838367176906175,0.0,-5.551115123125783e-17,0.0,0.0,0.29073664,0.29073664000000005,0.29074062228880476,0.4302670623145405,0.5391999999999999,-0.1504326564618761
2,0.2,0.6025,0.3884860000000003,0.1516860000000001,0.07789377382050516,0.0,3.3306690738754696e-16,0.0,3.3306690738754696e-16,0.29178578958400037,0.2917857895840004,0.2884035967081045,0.4383788867249691,0.5401720000000003,-0.14758445235898976
2,0.2,0.605,0.3913840000000001,0.14978399999999997,0.0774038758719485,0.0,0.0,0.0,0.0,0.2928628042240001,0.2928628042240001,0.28606227963201253,0.44644177039292804,0.5411680000000001,-0.1447602482561029
2,0.2,0.6075,0.3942940000000002,0.14789400000000005,0.07691397792339189,0.0,2.220446049250313e-16,0.0,2.220446049250313e-16,0.2939678273440003,0.2939678273440003,0.28371700562680047,0.4544549123182366,0.5421880000000002,-0.1419600441532165
2,0.2,0.61,0.3972160000000003,0.1460160000000001,0.07642407997483526,0.0,3.3306690738754696e-16,0.0,3.3306690738754696e-16,0.2951010058240004,0.29510100582400045,0.28136810782441096,0.4624175306314798,0.5432320000000004,-0.1391838400503297
2,0.2,0.6125,0.4001500000000002,0.1441500000000001,0.07593418202627863,0.0,3.3306690738754696e-16,0.0,3.3306690738754696e-16,0.2962624900000004,0.2962624900000004,0.2790159177890082,0.4703288627595075,0.5443000000000003,-0.1364316359474429
2,0.2,0.615,0.4030960000000002,0.1422959999999999,0.07544428407772194,0.0,0.0,0.0,0.0,0.29745243366400015,0.2974524336640002,0.276660765386078,0.4781881655763199,0.5453920000000001,-0.1337034318445558
2,0.2,0.6175,0.40605400000000047,0.14045400000000013,0.0749543861291654,0.0,6.661338147750939e-16,0.0,5.551115123125783e-16,0.29867099406400066,0.29867099406400066,0.27430297865416536,0.48599471553938833,0.5465080000000007,-0.1309992277416695
2,0.2,0.62,0.40902400000000033,0.13862399999999991,0.07446448818060863,0.0,1.1102230246251565e-16,0.0,1.1102230246251565e-16,0.2999183319040003,0.2999183319040003,0.27194288367932906,0.49374780881149993,0.5476480000000002,-0.12831902363878245
2,0.2,0.6225,0.41200600000000037,0.13680600000000018,0.07397459023205212,0.0,4.440892098500626e-16,0.0,4.440892098500626e-16,0.30119461134400055,0.30119461134400055,0.2695808044723951,0.5014467613681916,0.5488120000000005,-0.1256628195358962
2,0.2,0.625,0.4150000000000004,0.1350000000000001,0.07348469228349544,0.0,4.440892098500626e-16,0.0,4.440892098500626e-16,0.30250000000000055,0.30250000000000055,0.2672170628490741,0.5090909090909093,0.5500000000000005,-0.12303061543300942
2,0.2,0.6275000000000001,0.4180060000000004,0.13320600000000005,0.07299479433493879,0.0,3.3306690738754696e-16,0.0,3.3306690738754696e-16,0.30383466894400046,0.30383466894400046,0.26485197831302193,0.5166796078459831,0.5512120000000005,-0.12042241133012244
2,0.2,0.63,0.42102400000000045,0.13142400000000015,0.07250489638638219,0.0,5.551115123125783e-16,0.0,4.440892098500626e-16,0.3051987927040007,0.30519879270400063,0.2624858679418954,0.5242122335495829,0.5524480000000006,-0.11783820722723604
2,0.2,0.6325000000000001,0.4240540000000006,0.1296540000000001,0.07201499843782555,0.0,4.440892098500626e-16,0.0,4.440892098500626e-16,0.3065925492640007,0.3065925492640007,0.26011904627646865,0.531688182218787,0.5537080000000008,-0.1152780031243491
2,0.2,0.635,0.4270960000000004,0.12789600000000007,0.07152510048926891,0.0,3.3306690738754696e-16,0.0,3.3306690738754696e-16,0.3080161200640005,0.3080161200640005,0.25775182521286377,0.5391068700089372,0.5549920000000005,-0.1127417990214622
2,0.2,0.6375000000000001,0.4301500000000003,0.12614999999999998,0.07103520254071223,0.0,1.1102230246251565e-16,0.0,2.220446049250313e-16,0.3094696900000003,0.30946969000000035,0.2553845138979407,0.5464677332374622,0.5563000000000002,-0.11022959491857542
2,0.2,0.64,0.43321600000000043,0.12441600000000001,0.0705453045921556,0.0,3.3306690738754696e-16,0.0,3.3306690738754696e-16,0.3109534474240005,0.3109534474240005,0.25301741862789634,0.5537702283943535,0.5576320000000005,-0.1077413908156889
2,0.2,0.6425,0.43629400000000024,0.12269400000000008,0.070055406643599,0.0,2.220446049250313e-16,0.0,2.220446049250313e-16,0.31246758414400033,0.31246758414400033,0.25065084275010896,0.5610138321395093,0.5589880000000003,-0.10527718671280217
2,0.2,0.645,0.4393840000000005,0.1209840000000001,0.06956550869504238,0.0,4.440892098500626e-16,0.0,4.440892098500626e-16,0.31401229542400066,0.31401229542400066,0.24828508656826337,0.5681980412871542,0.5603680000000006,-0.10283698260991536
2,0.2,0.6475,0.44248600000000043,0.11928599999999993,0.06907561074648567,0.0,3.3306690738754696e-16,0.0,2.220446049250313e-16,0.3155877799840005,0.3155877799840005,0.24592044725079082,0.5753223727775687,0.5617720000000004,-0.10042077850702846
2,0.2,0.65,0.4456000000000004,0.11759999999999989,0.06858571279792902,0.0,1.1102230246251565e-16,0.0,1.1102230246251565e-16,0.3171942400000003,0.3171942400000003,0.24355721874264558,0.5823863636363642,0.5632000000000003,-0.0980285744041417
2,0.2,0.6525,0.44872600000000035,0.11592600000000003,0.06809581484937242,0.0,3.3306690738754696e-16,0.0,2.220446049250313e-16,0.3188318811040004,0.3188318811040004,0.2411956916804417,0.5893895709215589,0.5646520000000004,-0.09566037030125518
2,0.2,0.655,0.45186400000000015,0.11426400000000002,0.06760591690081579,0.0,0.0,0.0,1.1102230246251565e-16,0.32050091238400014,0.3205009123840002,0.23883615331096772,0.5963315716587061,0.5661280000000002,-0.09331616619836858
2,0.2,0.6575,0.4550139999999999,0.11261400000000005,0.06711601895225915,0.0,0.0,0.0,0.0,0.322201546384,0.322201546384,0.23647888741309148,0.6032119627643454,0.567628,-0.09099596209548177
2,0.2,0.66,0.4581760000000002,0.11097600000000003,0.06662612100370252,0.0,1.1102230246251565e-16,0.0,2.220446049250313e-16,0.3239339991040002,0.3239339991040003,0.23412417422306342,0.610030360958057,0.5691520000000002,-0.08869975799259511
2,0.2,0.6625,0.46135,0.10934999999999999,0.06613622305514587,0.0,0.0,0.0,-5.551115123125783e-17,0.32569848999999995,0.32569848999999995,0.23177229036322367,0.6167864026633958,0.5707,-0.08642755388970824
2,0.2,0.665,0.4645360000000004,0.10773599999999986,0.0656463251065892,0.0,0.0,0.0,1.1102230246251565e-16,0.32749524198400026,0.3274952419840003,0.22942350877411152,0.6234797438980073,0.5722720000000002,-0.08417934978682129
2,0.2,0.6675,0.46773400000000004,0.1061340000000001,0.06515642715803263,0.0,2.220446049250313e-16,0.0,2.220446049250313e-16,0.32932448142400017,0.32932448142400017,0.22707809864997738,0.6301100601532057,0.5738680000000002,-0.08195514568393503
2,0.2,0.67,0.4709440000000006,0.10454399999999996,0.06466652920947595,0.0,4.440892098500626e-16,0.0,3.3306690738754696e-16,0.3311864381440006,0.3311864381440006,0.22473632537768257,0.6366770462633458,0.5754880000000006,-0.07975494158104812
2,0.2,0.6725,0.4741660000000002,0.10296600000000009,0.06417663126091935,0.0,2.220446049250313e-16,0.0,3.3306690738754696e-16,0.3330813454240003,0.33308134542400036,0.22239845047898685,0.6431804162652563,0.5771320000000003,-0.07757873747816157
2,0.2,0.675,0.4774000000000005,0.10140000000000007,0.06368673331236271,0.0,4.440892098500626e-16,0.0,4.440892098500626e-16,0.33500944000000066,0.33500944000000066,0.22006473155619438,0.6496199032480996,0.5788000000000005,-0.07542653337527461
2,0.2,0.6775,0.4806460000000003,0.0998460000000001,0.0631968353638061,0.0,3.3306690738754696e-16,0.0,3.3306690738754696e-16,0.33697096206400046,0.33697096206400046,0.21773542224115425,0.655995259193925,0.5804920000000005,-0.07329832927238789
2,0.2,0.68,0.4839040000000005,0.09830400000000009,0.06270693741524945,0.0,5.551115123125783e-16,0.0,4.440892098500626e-16,0.3389661552640007,0.3389661552640007,0.2154107721475809,0.6623062548092777,0.5822080000000006,-0.07119412516950119
2,0.2,0.6825,0.48717400000000033,0.09677400000000004,0.0622170394666928,0.0,2.220446049250313e-16,0.0,2.220446049250313e-16,0.3409952667040004,0.34099526670400043,0.21309102682667894,0.6685526793481613,0.5839480000000004,-0.06911392106661451
2,0.2,0.685,0.4904560000000001,0.09525600000000009,0.061727141518136186,0.0,2.220446049250313e-16,0.0,2.220446049250313e-16,0.34305854694400023,0.3430585469440002,0.21077642772603655,0.6747343404266941,0.5857120000000002,-0.06705771696372786
2,0.2,0.6875,0.4937500000000002,0.09375000000000006,0.06123724356957953,0.0,2.220446049250313e-16,0.0019438717061497357,3.3306690738754696e-16,0.34515625000000033,0.3451562500000004,0.20846721215176003,0.6808510638297871,0.5875000000000002,-0.06502551286084113
2,0.2,0.6900000000000001,0.49705600000000044,0.09225599999999994,0.06074734562102286,0.0,1.1102230246251565e-16,0.0059116676032631155,2.220446049250313e-16,0.34728863334400045,0.3472886333440004,0.2061636132338144,0.6869026933101654,0.5893120000000004,-0.06301730875795408
2,0.2,0.6925,0.5003740000000005,0.090774,0.06025744767246624,0.0,4.440892098500626e-16,0.00985546350037625,4.440892098500626e-16,0.34945595790400064,0.3494559579040007,0.20386585989453126,0.6928890903800743,0.5911480000000006,-0.061033104655067616
2,0.2,0.6950000000000001,0.5037040000000005,0.08930399999999993,0.05976754972390958,0.0,2.220446049250313e-16,0.013775259397489803,2.220446049250313e-16,0.3516584880640004,0.3516584880640005,0.2015741768202437,0.6988101340959991,0.5930080000000004,-0.05907290055218062
2,0.2,0.6975,0.5070460000000003,0.08784600000000008,0.059277651775353,0.0,3.3306690738754696e-16,0.017671055294602667,3.3306690738754696e-16,0.3538964916640004,0.3538964916640005,0.1992887844360084,0.7046657208367233,0.5948920000000004,-0.05713669644929409
2,0.2,0.7000000000000001,0.5104000000000004,0.0864,0.05878775382679634,0.0,3.3306690738754696e-16,0.021542851191716172,3.3306690738754696e-16,0.3561702400000005,0.3561702400000005,0.1970098988833656,0.7104557640750672,0.5968000000000004,-0.05522449234640736
2,0.2,0.7025,0.5137660000000002,0.08496600000000008,0.05829785587823973,0.0,2.220446049250313e-16,0.02539064708882921,3.3306690738754696e-16,0.3584800078240003,0.3584800078240004,0.19473773200109465,0.7161801941436233,0.5987320000000003,-0.05333628824352066
2,0.2,0.705,0.5171440000000002,0.08354400000000001,0.05780795792968307,0.0,1.1102230246251565e-16,0.029214442985942668,1.1102230246251565e-16,0.36082607334400024,0.3608260733440002,0.1924724913089093,0.7218389579948327,0.6006880000000001,-0.05147208414063387
2,0.2,0.7075,0.5205340000000004,0.08213400000000003,0.057318059981126455,0.0,3.3306690738754696e-16,0.03301423888305588,4.440892098500626e-16,0.3632087182240005,0.3632087182240006,0.19021437999404786,0.7274320189557104,0.6026680000000004,-0.0496318800377471
2,0.2,0.71,0.5239360000000001,0.08073600000000015,0.056828162032569844,0.0,2.220446049250313e-16,0.036790034780168845,2.220446049250313e-16,0.36562822758400026,0.36562822758400026,0.1879635969006993,0.7329593564775609,0.6046720000000002,-0.04781567593486069
2,0.2,0.7125,0.5273500000000003,0.07934999999999995,0.056338264084013136,0.0,1.1102230246251565e-16,0.040541830677282675,1.1102230246251565e-16,0.36808489000000033,0.36808489000000033,0.18572033652221234,0.7384209658809959,0.6067000000000002,-0.04602347183197364
2,0.2,0.715,0.5307760000000004,0.077976,0.05584836613545652,0.0,2.220446049250313e-16,0.044269626574395815,2.220446049250313e-16,0.3705789975040005,0.3705789975040005,0.1834847889960328,0.7438168580965648,0.6087520000000004,-0.044255267729086945
2,0.2,0.7175,0.5342140000000002,0.07661400000000011,0.05535846818689993,0.0,3.3306690738754696e-16,0.04797342247150871,3.3306690738754696e-16,0.37311084558400043,0.37311084558400043,0.1812571401013048,0.749147059401337,0.6108280000000003,-0.042511063626200385
2,0.2,0.72,0.5376640000000001,0.07526400000000008,0.054868570238343274,0.0,2.220446049250313e-16,0.05165321836862202,2.220446049250313e-16,0.3756807331840002,0.3756807331840002,0.17903757125908182,0.7544116111517174,0.6129280000000003,-0.04079085952331374
2,0.2,0.7225,0.5411260000000001,0.0739260000000001,0.05437867228978666,0.0,2.220446049250313e-16,0.05530901426573531,2.220446049250313e-16,0.37828896270400025,0.3782889627040002,0.17682625953508532,0.7596105695128216,0.6150520000000002,-0.039094655420426894
2,0.2,0.725,0.5445999999999999,0.07260000000000003,0.05388877434122998,0.0,-1.1102230246251565e-16,0.05894081016284858,-5.551115123125783e-17,0.38093583999999986,0.38093583999999986,0.1746233776449449,0.764744005184705,0.6171999999999999,-0.03742245131754007
2,0.2,0.7275,0.5480860000000006,0.07128599999999999,0.053398876392673336,0.0,2.220446049250313e-16,0.06254860605996226,2.220446049250313e-16,0.38362167438400063,0.38362167438400063,0.1724290939618623,0.769812003125747,0.6193720000000006,-0.035774247214653165
2,0.2,0.73,0.5515840000000004,0.06998400000000016,0.05290897844411676,0.0,5.551115123125783e-16,0.06613240195707504,5.551115123125783e-16,0.3863467786240007,0.3863467786240007,0.17024357252663172,0.7748146622734757,0.6215680000000006,-0.034150043111766726
2,0.2,0.7325,0.5550940000000003,0.06869399999999996,0.05241908049556005,0.0,2.220446049250313e-16,0.06969219785418868,2.220446049250313e-16,0.38911146894400034,0.3891114689440004,0.16806697305994997,0.7797520952631345,0.6237880000000002,-0.032549839008879755
2,0.2,0.735,0.5586160000000007,0.06741600000000007,0.051929182547003475,0.0,6.661338147750939e-16,0.07322799375130185,5.551115123125783e-16,0.39191606502400095,0.3919160650240009,0.16589945097695777,0.7846244281442483,0.6260320000000007,-0.03097363490599314
2,0.2,0.7375,0.5621500000000003,0.06615000000000015,0.05143928459844686,0.0,4.440892098500626e-16,0.07673978964841499,4.440892098500626e-16,0.3947608900000006,0.3947608900000005,0.16374115740393708,0.7894318000954954,0.6283000000000004,-0.029421430803106663
2,0.2,0.74,0.5656960000000005,0.06489600000000002,0.05094938664989017,0.0,4.440892098500626e-16,0.08022758554552856,3.3306690738754696e-16,0.39764627046400075,0.3976462704640007,0.16159223919710405,0.7941743631381306,0.6305920000000006,-0.027893226700219764
2,0.2,0.7425,0.5692540000000005,0.06365400000000007,0.050459488701333564,0.0,4.440892098500626e-16,0.08369138144264165,4.440892098500626e-16,0.4005725364640007,0.4005725364640006,0.15945283896343077,0.7988522818482306,0.6329080000000006,-0.02638902259733311
2,0.2,0.745,0.5728240000000002,0.06242400000000018,0.04996959075277695,0.0,4.440892098500626e-16,0.08713117733975473,4.440892098500626e-16,0.4035400215040005,0.40354002150400053,0.1573230950834223,0.8034657330680297,0.6352480000000004,-0.024908818494446483
2,0.2,0.7475,0.5764060000000003,0.06120600000000003,0.04947969280422026,0.0,3.3306690738754696e-16,0.09054697323686822,3.3306690738754696e-16,0.4065490625440005,0.40654906254400053,0.1552031417357899,0.808014905616582,0.6376120000000003,-0.023452614391559545
2,0.2,0.75,0.5800000000000003,0.06000000000000009,0.04898979485566365,0.0,3.3306690738754696e-16,0.09393876913398147,2.220446049250313e-16,0.40960000000000046,0.4096000000000004,0.1530931089239488,0.8124999999999999,0.6400000000000003,-0.022020410288672854
2,0.2,0.7525000000000001,0.5836060000000002,0.05880599999999998,0.048499896907106974,0.0,1.1102230246251565e-16,0.09730656503109492,1.1102230246251565e-16,0.4126931777440003,0.4126931777440003,0.15099312250427127,0.8169212281215171,0.6424120000000002,-0.020612206185785964
2,0.2,0.755,0.5872240000000003,0.057624000000000015,0.04800999895855035,0.0,2.220446049250313e-16,0.10065036092820812,2.220446049250313e-16,0.4158289431040004,0.4158289431040004,0.14890330421603332,0.8212788129915887,0.6448480000000003,-0.01922800208289943
2,0.2,0.7575000000000001,0.5908540000000003,0.05645400000000005,0.04752010100999372,0.0,2.220446049250313e-16,0.10397015682532129,2.220446049250313e-16,0.41900764686400044,0.4190076468640004,0.1468237717129827,0.8255729884382705,0.6473080000000003,-0.0178677979800127
2,0.2,0.76,0.5944960000000004,0.05529600000000017,0.04703020306143714,0.0,5.551115123125783e-16,0.10726595272243444,6.661338147750939e-16,0.4222296432640007,0.42222964326400075,0.14475463859646504,0.829803998818083,0.6497920000000005,-0.016531593877126105
2,0.2,0.7625000000000001,0.5981500000000007,0.05415000000000009,0.04654030511288049,0.0,6.661338147750939e-16,0.11053774861954802,6.661338147750939e-16,0.42549529000000114,0.4254952900000011,0.14269601445003965,0.8339720987275794,0.6523000000000008,-0.01521938977423909
2,0.2,0.765,0.6018160000000009,0.053016,0.04605040716432379,0.0,4.440892098500626e-16,0.11378554451666134,5.551115123125783e-16,0.42880494822400117,0.4288049482240012,0.14064800487552145,0.8380775527158114,0.6548320000000009,-0.013931185671352542
2,0.2,0.7675000000000001,0.6054940000000008,0.05189399999999994,0.04556050921576713,0.0,3.3306690738754696e-16,0.11700934041377464,2.220446049250313e-16,0.43215898254400087,0.4321589825440008,0.1386107115303811,0.842120634997901,0.6573880000000007,-0.012666981568465574
2,0.2,0.77,0.6091840000000005,0.05078399999999997,0.04507061126721051,0.0,2.220446049250313e-16,0.12020913631088792,2.220446049250313e-16,0.4355577610240006,0.4355577610240005,0.1365842321664398,0.8461016291698994,0.6599680000000004,-0.011426777465578963
2,0.2,0.7725,0.6128859999999999,0.049686000000000084,0.04458071331865391,0.0,1.1102230246251565e-16,0.12338493220800073,2.220446049250313e-16,0.43900165518400003,0.4390016551840001,0.13456866066979561,0.8500208279251158,0.662572,-0.010210573362692377
2,0.2,0.775,0.6166000000000006,0.04860000000000005,0.04409081537009728,0.0,4.440892098500626e-16,0.12653672810511418,4.440892098500626e-16,0.44249104000000083,0.4424910400000007,0.13256408710191592,0.8538785327720986,0.6652000000000007,-0.009018369259805481
2,0.2,0.7775,0.6203260000000004,0.04752600000000007,0.043600917421540646,0.0,3.3306690738754696e-16,0.1296645240022274,3.3306690738754696e-16,0.44602629390400056,0.4460262939040005,0.13057059774183685,0.8576750537544244,0.6678520000000004,-0.007850165156918942
2,0.2,0.78,0.6240640000000004,0.046464000000000005,0.04311101947298398,0.0,2.220446049250313e-16,0.1327683198993408,2.220446049250313e-16,0.4496077987840006,0.4496077987840006,0.12858827512940235,0.8614107091724731,0.6705280000000005,-0.006705961054031984
2,0.2,0.7825,0.6278140000000002,0.045413999999999996,0.04262112152442734,0.0,2.220446049250313e-16,0.13584811579645417,2.220446049250313e-16,0.4532359399840003,0.45323593998400036,0.1266171981094884,0.8650858253073254,0.6732280000000002,-0.005585756951145382
2,0.2,0.785,0.6315760000000004,0.04437600000000007,0.04213122357587075,0.0,4.440892098500626e-16,0.1389039116935673,3.3306690738754696e-16,0.45691110630400056,0.45691110630400056,0.12465744187714725,0.8687007361469452,0.6759520000000004,-0.004489552848258693
2,0.2,0.7875,0.6353500000000007,0.04334999999999997,0.041641325627314055,0.0,4.440892098500626e-16,0.14193570759068086,4.440892098500626e-16,0.460633690000001,0.4606336900000011,0.12270907802361576,0.8722557831147784,0.6787000000000007,-0.0034173487453719176
2,0.2,0.79,0.6391360000000006,0.042336,0.04115142767875743,0.0,4.440892098500626e-16,0.14494350348779395,4.440892098500626e-16,0.4644040867840008,0.4644040867840008,0.12077217458313003,0.8757513148009016,0.6814720000000006,-0.002369144642485055
2,0.2,0.7925,0.6429340000000003,0.041334000000000024,0.04066152973020081,0.0,2.220446049250313e-16,0.14792729938490723,2.220446049250313e-16,0.46822269582400045,0.4682226958240004,0.1188467960804854,0.879187686695856,0.6842680000000003,-0.0013449405395985492
2,0.2,0.795,0.6467440000000001,0.040343999999999915,0.0401716317816441,0.0,-1.6653345369377348e-16,0.1508870952820205,-2.220446049250313e-16,0.47208991974400005,0.4720899197439999,0.11693300357929144,0.8825652609272758,0.687088,-0.0003447364367117345
2,0.2,0.7975,0.6505660000000008,0.03936600000000004,0.03968173383308756,0.0006314676661749452,5.551115123125783e-16,0.15382289117913373,0.00124344558956746,0.47600616462400114,0.4760061646240011,0.11503085473086483,0.8858844059994319,0.6899320000000008,0.0006314676661751673
2,0.2,0.8,0.6544000000000005,0.038400000000000045,0.03919183588453092,0.001583671769061823,4.440892098500626e-16,0.15673468707624694,0.003167343538123868,0.47997184000000076,0.47997184000000076,0.1131404038237035,0.8891454965357968,0.6928000000000005,0.001583671769061823
2,0.2,0.8025,0.6582460000000002,0.03744600000000003,0.03870193793597427,0.0025118758719484546,2.220446049250313e-16,0.15962248297336012,0.005103241486680399,0.48398735886400035,0.4839873588640004,0.11126170183349603,0.8923489130247294,0.6956920000000002,0.0025118758719486767
2,0.2,0.805,0.6621040000000005,0.036503999999999946,0.038212039987417575,0.0034160799748352844,2.220446049250313e-16,0.16248627887047373,0.007051139435237053,0.4880531376640006,0.48805313766400066,0.10939479647360908,0.8954950415683761,0.6986080000000005,0.0034160799748352844
2,0.2,0.8075,0.6659740000000005,0.035574,0.037722142038860984,0.004296284077721868,2.220446049250313e-16,0.16532607476758687,0.009011037383793719,0.49216959630400076,0.49216959630400064,0.10753973224600728,0.8985842736348761,0.7015480000000005,0.004296284077721868
2,0.2,0.81,0.6698560000000008,0.03465600000000002,0.03723224409030436,0.00515248818060865,4.440892098500626e-16,0.1681418706647002,0.010982935332350507,0.49633715814400103,0.49633715814400103,0.10569655049255176,0.9016170058139537,0.7045120000000008,0.00515248818060865
2,0.2,0.8125,0.67375,0.03375000000000011,0.03674234614174777,0.0059846922834954075,3.3306690738754696e-16,0.17093366656181308,0.012966833280906753,0.5005562500000001,0.5005562500000003,0.1038652894466368,0.9045936395759715,0.7075,0.0059846922834951854
2,0.2,0.8150000000000001,0.6776560000000003,0.032856,0.036252448193191074,0.006792896386382141,2.220446049250313e-16,0.1737014624589266,0.014962731229463566,0.5048273021440004,0.5048273021440004,0.10204598428511007,0.9075145810345215,0.7105120000000003,0.006792896386382141
2,0.2,0.8175,0.6815740000000008,0.031974000000000016,0.03576255024463445,0.007577100489268851,5.551115123125783e-16,0.17644525835604008,0.016970629178020502,0.5091507483040012,0.5091507483040011,0.10023866718044029,0.910380240712608,0.7135480000000008,0.007577100489268851
2,0.2,0.8200000000000001,0.6855040000000009,0.031103999999999965,0.03527265229607779,0.008337304592155537,4.440892098500626e-16,0.17916505425315354,0.018990527126577228,0.5135270256640012,0.5135270256640013,0.09844336735307936,0.9131910333124947,0.7166080000000008,0.008337304592155537
2,0.2,0.8225,0.6894460000000001,0.030246000000000006,0.03478275434752116,0.009073508695042198,0.0,0.18186085015026632,0.0210224250751333,0.5179565748640002,0.5179565748640002,0.09666011112398401,0.9159473774892593,0.7196920000000001,0.00907350869504242
2,0.2,0.8250000000000001,0.6934000000000009,0.02939999999999997,0.03429285639896451,0.009785712797929058,4.440892098500626e-16,0.18453264604737996,0.023066323023690494,0.5224398400000012,0.5224398400000013,0.09488892196725088,0.918649695628113,0.7228000000000009,0.009785712797929058
2,0.2,0.8275,0.6973660000000004,0.028566000000000053,0.03380295845040792,0.010473916900815672,3.3306690738754696e-16,0.1871804419444929,0.02512222097224681,0.5269772686240006,0.5269772686240005,0.0931298205628293,0.9212984136255185,0.7259320000000005,0.010473916900815672
2,0.2,0.8300000000000001,0.7013440000000006,0.02774399999999998,0.03331306050185125,0.011138121003702484,2.220446049250313e-16,0.1898042378416065,0.027190118920803585,0.5315693117440008,0.5315693117440009,0.09138282484926707,0.9238939606741574,0.7290880000000006,0.011138121003702484
2,0.2,0.8325,0.7053340000000008,0.02693400000000002,0.032823162553294635,0.011778325106589271,4.440892098500626e-16,0.19240403373871962,0.02927001686936026,0.5362164238240013,0.536216423824001,0.08964795007645998,0.926436769051768,0.7322680000000008,0.011778325106589271
2,0.2,0.835,0.7093360000000007,0.02613599999999998,0.03233326460473797,0.012394529209476035,4.440892098500626e-16,0.19497982963583294,0.03136191481791695,0.540919062784001,0.540919062784001,0.08792520885836018,0.928927273913895,0.7354720000000007,0.012394529209476035
2,0.2,0.8375,0.7133500000000006,0.025349999999999984,0.031843366656181336,0.012986733312362775,3.3306690738754696e-16,0.19753162553294623,0.033465812766473424,0.5456776900000008,0.545677690000001,0.08621461122561612,0.9313659130905647,0.7387000000000006,0.012986733312362775
2,0.2,0.84,0.7173760000000005,0.02457600000000002,0.031353468707624725,0.01355493741524949,3.3306690738754696e-16,0.20005942143005928,0.035581710715030024,0.5504927703040008,0.5504927703040007,0.08451616467810506,0.9337531268869145,0.7419520000000005,0.013554937415249269
2,0.2,0.8425,0.7214140000000006,0.023814000000000033,0.030863570759068096,0.014099141518136182,4.440892098500626e-16,0.20256321732717275,0.037709608663586636,0.5553647719840009,0.5553647719840008,0.0828298742373289,0.9360893578877874,0.7452280000000006,0.014099141518136182
2,0.2,0.845,0.7254640000000001,0.023064000000000043,0.030373672810511464,0.01461934562102285,2.220446049250313e-16,0.20504301322428575,0.03984950661214304,0.5602941667840002,0.5602941667840001,0.08115574249864121,0.9383750507663038,0.7485280000000002,0.01461934562102285
2,0.2,0.8475,0.7295260000000006,0.022326000000000006,0.029883774861954808,0.015115549723909716,3.3306690738754696e-16,0.20749880912139917,0.042001404560700006,0.5652814299040009,0.565281429904001,0.07949376968327487,0.9406106520964234,0.7518520000000005,0.015115549723909716
2,0.2,0.85,0.7336000000000005,0.021599999999999984,0.029393876913398155,0.015587753826796336,2.220446049250313e-16,0.20993060501851257,0.04416530250925654,0.5703270400000007,0.5703270400000007,0.07784395369014338,0.9427966101694917,0.7552000000000004,0.015587753826796336
2,0.2,0.8525,0.7376860000000001,0.020886000000000043,0.028903978964841568,0.016035957929683153,2.220446049250313e-16,0.21233840091562572,0.04634120045781298,0.5754314791840002,0.5754314791840003,0.07620629014738631,0.9449333748147835,0.7585720000000001,0.01603595792968293
2,0.2,0.855,0.7417840000000006,0.02018400000000002,0.02841408101628491,0.016460162032569725,3.3306690738754696e-16,0.21472219681273907,0.048529098406369986,0.5805952330240008,0.580595233024001,0.07458077246363336,0.9470213972240304,0.7619680000000005,0.016460162032569947
2,0.2,0.8575,0.7458940000000003,0.01949400000000004,0.027924183067728287,0.016860366135456495,2.220446049250313e-16,0.21708199270985218,0.05072899635492645,0.5858187905440005,0.5858187905440007,0.07296739187896407,0.9490611297799285,0.7653880000000003,0.016860366135456495
2,0.2,0.86,0.7500160000000001,0.01881600000000004,0.027434285119171654,0.01723657023834324,2.220446049250313e-16,0.21941778860696548,0.05294089430348281,0.5911026442240003,0.5911026442240002,0.07136613751553433,0.9510530258886205,0.7688320000000002,0.01723657023834324
2,0.2,0.8625,0.7541500000000002,0.01815,0.026944387170614995,0.017588774341229962,1.1102230246251565e-16,0.22172958450407876,0.05516479225203963,0.5964472900000003,0.5964472900000004,0.06977699642785183,0.9529975398161337,0.7723000000000002,0.017588774341229962
2,0.2,0.865,0.7582960000000005,0.017496,0.026454489222058352,0.01791697844411666,3.3306690738754696e-16,0.224017380401192,0.05740069020059635,0.6018532272640008,0.6018532272640007,0.06819995365267581,0.9548951265287604,0.7757920000000005,0.017916978444116882
2,0.2,0.8675,0.7624540000000006,0.01685399999999994,0.025964591273501668,0.018221182547003556,1.1102230246251565e-16,0.22628117629830546,0.05964858814915308,0.607320958864001,0.607320958864001,0.06663499225852076,0.9567462415373642,0.7793080000000006,0.018221182547003556
2,0.2,0.87,0.7666240000000002,0.016224000000000013,0.02547469332494509,0.018501386649890206,2.220446049250313e-16,0.22852097219541845,0.06190848609770949,0.6128509911040003,0.6128509911040004,0.06508209339474606,0.9585513407455852,0.7828480000000002,0.018501386649890206
2,0.2,0.8725,0.7708060000000007,0.015605999999999986,0.02498479537638843,0.01875759075277683,3.3306690738754696e-16,0.23073676809253207,0.06418038404626647,0.618443833744001,0.618443833744001,0.06354123634020949,0.9603108803019282,0.7864120000000007,0.01875759075277683
2,0.2,0.875,0.7750000000000002,0.015000000000000025,0.024494897427831827,0.018989794855663655,2.220446049250313e-16,0.232928563989645,0.0664642819948229,0.6241000000000004,0.6241000000000004,0.06201239855147296,0.9620253164556962,0.7900000000000003,0.018989794855663655
2,0.2,0.8775000000000001,0.7792060000000007,0.014406000000000018,0.02400499947927519,0.019197998958550455,4.440892098500626e-16,0.2350963598867586,0.0687601799433798,0.6298200065440012,0.6298200065440013,0.06049555571053655,0.9636951054167527,0.7936120000000008,0.019197998958550233
2,0.2,0.88,0.7834240000000009,0.01382400000000002,0.023515101530718552,0.01938220306143701,5.551115123125783e-16,0.23724015578387192,0.07106807789193648,0.6356043735040016,0.6356043735040015,0.05899068177209231,0.9653207032190736,0.797248000000001,0.01938220306143701
2,0.2,0.8825000000000001,0.7876540000000006,0.01325399999999997,0.023025203582161872,0.01954240716432376,2.220446049250313e-16,0.239359951680985,0.07338797584049295,0.6414536244640009,0.6414536244640011,0.05749774901027797,0.9669025655880576,0.8009080000000006,0.01954240716432376
2,0.2,0.885,0.7918960000000004,0.01269600000000005,0.022535305633605306,0.01967861126721049,4.440892098500626e-16,0.2414557475780983,0.07571987378904943,0.6473682864640007,0.6473682864640008,0.05601672806492059,0.9684411478115615,0.8045920000000004,0.01967861126721049
2,0.2,0.8875000000000001,0.7961500000000001,0.012150000000000001,0.022045407685048625,0.019790815370097192,1.1102230246251565e-16,0.24352754347521155,0.07806377173760581,0.6533488900000003,0.6533488900000001,0.054547587987253794,0.9699369046146233,0.8083000000000001,0.019790815370097192
2,0.2,0.89,0.8004160000000005,0.011616000000000013,0.021555509736492,0.019879019472983872,3.3306690738754696e-16,0.24557533937232479,0.08041966968616276,0.6593959690240007,0.6593959690240007,0.053090296285102034,0.9713902900378311,0.8120320000000004,0.019879019472984094
2,0.2,0.8925000000000001,0.8046940000000004,0.01109400000000002,0.02106561178793537,0.01994322357587075,3.3306690738754696e-16,0.247599135269438,0.0827875676347194,0.6655100609440006,0.6655100609440007,0.0516448189675145,0.9728017573193035,0.8157880000000004,0.01994322357587075
2,0.2,0.895,0.8089840000000005,0.010584,0.02057571383937872,0.01998342767875738,2.220446049250313e-16,0.2495989311665514,0.08516746558327615,0.6716917066240007,0.6716917066240009,0.05021112058884366,0.9741717587802354,0.8195680000000005,0.01998342767875738
2,0.2,0.8975,0.8132860000000005,0.010086000000000041,0.020085815890822128,0.01999963178164421,4.440892098500626e-16,0.25157472706366457,0.08755936353183269,0.6779414503840009,0.6779414503840008,0.048789164292257,0.9755007457139664,0.8233720000000005,0.01999963178164421
2,0.2,0.9,0.8176000000000001,0.00959999999999999,0.019595917942265426,0.019991835884530795,0.0,0.2535265229607777,0.08996326148038902,0.6842598400000002,0.6842598400000002,0.04737891185267269,0.97678916827853,0.8272,0.019991835884531017
2,0.2,0.9025,0.8219260000000003,0.00912600000000003,0.01910601999370884,0.019960039987417577,3.3306690738754696e-16,0.25545431885789105,0.09237915942894581,0.6906474267040006,0.6906474267040006,0.045980323719114646,0.9780374753926347,0.8310520000000003,0.019960039987417577
2,0.2,0.905,0.8262640000000004,0.008663999999999996,0.01861612204515217,0.019904244090304335,2.220446049250313e-16,0.2573581147550046,0.0948070573775025,0.6971047651840008,0.6971047651840006,0.04459335905647471,0.9792461146350344,0.8349280000000004,0.019904244090304335
2,0.2,0.9075,0.8306140000000005,0.008213999999999999,0.018126224096595533,0.01982444819319107,2.220446049250313e-16,0.2592379106521179,0.0972469553260592,0.703632413584001,0.7036324135840009,0.04321797578668218,0.980415532147234,0.8388280000000006,0.01982444819319129
2,0.2,0.91,0.8349760000000003,0.007776000000000001,0.017636326148038894,0.01972065229607778,1.1102230246251565e-16,0.2610937065492309,0.0996988532746157,0.7102309335040006,0.7102309335040005,0.041854130629269085,0.9815461725394896,0.8427520000000003,0.01972065229607778
2,0.2,0.9125,0.8393500000000008,0.007349999999999991,0.017146428199482252,0.019592856398964464,4.440892098500626e-16,0.2629255024463444,0.10216275122317264,0.7169008900000015,0.7169008900000015,0.04050177914133043,0.9826384788000473,0.8467000000000008,0.019592856398964464
2,0.2,0.915,0.8437360000000006,0.006935999999999977,0.0166565302509256,0.019441060501851348,2.220446049250313e-16,0.2647332983434576,0.10463864917172905,0.723642851584001,0.7236428515840009,0.039160875756873596,0.9836928922075725,0.8506720000000005,0.019441060501851348
2,0.2,0.9175,0.848134,0.006534000000000003,0.016166632302368995,0.019265264604737986,0.0,0.2665170942405708,0.10712654712028546,0.730457390224,0.7304573902240002,0.0378313738255533,0.9847098522467204,0.8546680000000001,0.019265264604737986
2,0.2,0.92,0.8525440000000006,0.006143999999999992,0.015676734353812345,0.0190654687076246,3.3306690738754696e-16,0.2682768901376842,0.10962644506884245,0.737345081344001,0.737345081344001,0.036513225650788954,0.9856897965267943,0.8586880000000007,0.0190654687076246
2,0.2,0.9225,0.8569660000000003,0.0057659999999999855,0.015186836405255701,0.018841672810511412,1.1102230246251565e-16,0.27001268603479733,0.112138343017399,0.7443065038240005,0.7443065038240007,0.035206382527263845,0.9866331607034399,0.8627320000000003,0.018841672810511634
2,0.2,0.925,0.8614000000000012,0.00539999999999999,0.014696938456699074,0.0185938769133982,5.551115123125783e-16,0.2717244819319109,0.11466224096595612,0.7513422400000019,0.7513422400000019,0.033910794777801234,0.9875403784033226,0.8668000000000011,0.0185938769133982
2,0.2,0.9275,0.8658460000000002,0.005046000000000015,0.01420704050814247,0.018322081016284963,2.220446049250313e-16,0.2734122778290238,0.11719813891451214,0.7584528756640004,0.7584528756640004,0.03262641178961907,0.9884118811517386,0.8708920000000002,0.018322081016284963
2,0.2,0.93,0.8703040000000007,0.004703999999999988,0.013717142559585794,0.018026285119171703,3.3306690738754696e-16,0.2750760737261373,0.11974603686306917,0.7656390000640013,0.7656390000640013,0.03135318204996019,0.9892480983031012,0.8750080000000008,0.01802628511917148
2,0.2,0.9325,0.8747740000000003,0.0043739999999999985,0.01322724461102917,0.01770648922205842,1.1102230246251565e-16,0.27671586962325057,0.12230593481162544,0.7729012059040004,0.7729012059040005,0.030091053181100717,0.9900494569742524,0.8791480000000003,0.01770648922205842
2,0.2,0.935,0.8792560000000004,0.004056000000000006,0.012737346662472547,0.01736269332494511,2.220446049250313e-16,0.2783316655203638,0.12487783276018216,0.7802400893440007,0.7802400893440008,0.02883997197473269,0.9908163819805459,0.8833120000000004,0.01736269332494489
2,0.2,0.9375,0.8837500000000005,0.003749999999999994,0.012247448713915891,0.01699489742783178,2.220446049250313e-16,0.27992346141747704,0.12746173070873879,0.7876562500000008,0.787656250000001,0.027599884425725935,0.9915492957746479,0.8875000000000005,0.01699489742783178
2,0.2,0.9400000000000001,0.8882560000000009,0.0034559999999999942,0.011757550765359257,0.016603101530718423,4.440892098500626e-16,0.28149125731459046,0.13005762865729564,0.7951502909440016,0.7951502909440016,0.02637073576526781,0.9922486183879997,0.891712000000001,0.016603101530718423
2,0.2,0.9425,0.892774,0.0031740000000000067,0.01126765281680264,0.016187305633605265,0.0,0.2830350532117034,0.13266552660585185,0.8027228187039999,0.802722818704,0.025152470493382744,0.9929147673748924,0.895948,0.016187305633605265
2,0.2,0.9450000000000001,0.8973039999999999,0.0029040000000000008,0.010777754868245995,0.015747509736492082,-5.551115123125783e-17,0.28455484910881657,0.1352854245544084,0.8103744432639998,0.8103744432639998,0.02394503241083393,0.9935481577590957,0.9002079999999999,0.01574750973649186
2,0.2,0.9475,0.9018460000000009,0.002646000000000012,0.010287856919689385,0.015283713839378654,5.551115123125783e-16,0.28605064500593036,0.13791732250296573,0.8181057780640016,0.8181057780640015,0.022748364650410118,0.9941492019829915,0.904492000000001,0.015283713839378654
2,0.2,0.9500000000000001,0.9064000000000004,0.0023999999999999946,0.00979795897113271,0.014795917942265424,2.220446049250313e-16,0.28752244090304346,0.14056122045152186,0.8259174400000008,0.8259174400000007,0.021562409707598384,0.994718309859155,0.9088000000000004,0.014795917942265424
2,0.2,0.9525,0.9109660000000007,0.002166000000000011,0.009308061022576112,0.01428412204515217,4.440892098500626e-16,0.28897023680015677,0.1432171184000789,0.8338100494240013,0.8338100494240015,0.020387109470648503,0.9952558885243317,0.9131320000000007,0.01428412204515217
2,0.2,0.9550000000000001,0.9155440000000005,0.001943999999999991,0.008818163074019432,0.013748326148038892,1.1102230246251565e-16,0.29039403269727004,0.14588501634863538,0.8417842301440008,0.8417842301440009,0.01922240525002927,0.9957623423957589,0.9174880000000004,0.013748326148038892
2,0.2,0.9575,0.9201339999999998,0.001734000000000003,0.008328265125462817,0.01318853025092559,-5.551115123125783e-17,0.2917938285943831,0.14856491429719143,0.8498406094239996,0.8498406094239994,0.01806823780728438,0.9962380731297755,0.9218679999999998,0.01318853025092559
2,0.2,0.96,0.9247359999999999,0.001536000000000005,0.00783836717690619,0.012604734353812264,0.0,0.2931696244914963,0.15125681224574816,0.8579798179839997,0.8579798179839999,0.016924547383287396,0.9966834795826711,0.9262719999999999,0.012604734353812486
2,0.2,0.9625,0.9293500000000007,0.0013499999999999923,0.007348469228349521,0.011996938456699136,2.220446049250313e-16,0.29452142038860973,0.15396071019430535,0.8662024900000013,0.8662024900000014,0.015791273725904192,0.9970989577737188,0.9307000000000006,0.011996938456699136
2,0.2,0.965,0.9339760000000006,0.0011760000000000073,0.006858571279792929,0.011365142559585761,4.440892098500626e-16,0.29584921628572314,0.156676608142862,0.8745092631040011,0.8745092631040012,0.0146683561170653,0.9974849008503431,0.9351520000000005,0.011365142559585983
2,0.2,0.9675,0.9386140000000003,0.0010139999999999943,0.006368673331236251,0.010709346662472585,1.1102230246251565e-16,0.2971530121828363,0.15940450609141832,0.8829007783840004,0.8829007783840006,0.013555733399252149,0.9978416990553709,0.9396280000000002,0.010709346662472585
2,0.2,0.97,0.9432640000000004,0.0008639999999999986,0.005878775382679628,0.010029550765359163,2.220446049250313e-16,0.29843280807994965,0.1621444040399751,0.8913776803840009,0.8913776803840009,0.012453344001405795,0.9981697396963124,0.9441280000000004,0.010029550765359385
2,0.2,0.9725,0.9479259999999999,0.000726000000000004,0.005388877434123011,0.009325754868245939,0.0,0.29968860397706276,0.16489630198853145,0.899940617104,0.899940617104,0.011361125964258784,0.9984694071166245,0.9486519999999999,0.009325754868245939
2,0.2,0.975,0.9526000000000001,0.0006000000000000034,0.004898979485566376,0.008597958971132691,1.1102230246251565e-16,0.30092039987417607,0.16766019993708814,0.9085902400000003,0.9085902400000001,0.010279016965099402,0.9987410826689047,0.9532000000000002,0.008597958971132691
2,0.2,0.9775,0.9572860000000009,0.0004859999999999935,0.004409081537009696,0.007846163074019419,3.3306690738754696e-16,0.3021281957712896,0.17043609788564518,0.9173272039840016,0.9173272039840017,0.009206954341972185,0.998985144689968,0.9577720000000008,0.007846163074019419
2,0.2,0.98,0.9619840000000011,0.000383999999999998,0.00391918358845308,0.007070367176906123,4.440892098500626e-16,0.30331199166840284,0.173223995834202,0.926152167424002,0.926152167424002,0.008144875117321182,0.9992019684777548,0.9623680000000011,0.007070367176906123
2,0.2,0.9825,0.966694,0.00029399999999999945,0.0034292856398964494,0.006270571279792803,0.0,0.30447178756551585,0.17602389378275807,0.9350657921440001,0.9350657921440002,0.007092716021080818,0.9993919262700262,0.9669880000000001,0.006270571279792803
2,0.2,0.985,0.971416,0.00021599999999999837,0.0029393876913398043,0.0054467753826796805,-1.1102230246251565e-16,0.30560758346262906,0.1788357917313146,0.9440687434239999,0.9440687434239999,0.006050413513222711,0.9995553872247929,0.9716319999999999,0.0054467753826796805
2,0.2,0.9875,0.9761500000000009,0.00014999999999999882,0.0024494897427831718,0.004598979485566312,4.440892098500626e-16,0.3067193793597425,0.18165968967987178,0.9531616900000017,0.9531616900000016,0.005017903805762921,0.9996927174024377,0.9763000000000008,0.004598979485566312
2,0.2,0.99,0.980896000000001,9.600000000000018e-05,0.001959591794226546,0.0037271835884531423,5.551115123125783e-16,0.30780717525685586,0.18449558762842844,0.9623453040640019,0.9623453040640019,0.003995122884236659,0.9998042797494782,0.980992000000001,0.0037271835884531423
2,0.2,0.9925,0.9856540000000011,5.399999999999851e-05,0.0014696938456698885,0.0028313876913397262,4.440892098500626e-16,0.3088709711539692,0.1873434855769852,0.9716202612640022,0.9716202612640021,0.0029820065286471995,0.9998904340839274,0.9857080000000011,0.0028313876913397262
2,0.2,0.995,0.9904240000000002,2.400000000000076e-05,0.0009797958971132878,0.0019115917942265082,2.220446049250313e-16,0.3099107670510821,0.19020338352554123,0.9809872407040005,0.9809872407040002,0.0019784903338959494,0.9999515370822092,0.9904480000000002,0.0019115917942265082
2,0.2,0.9975,0.9952060000000005,5.99999999999989e-06,0.0004898979485566317,0.0009677958971132661,2.220446049250313e-16,0.31092656294819543,0.19307528147409814,0.9904469249440009,0.9904469249440011,0.000984509729699062,0.9999879422675773,0.9952120000000004,0.0009677958971132661
2,0.2,1.0,1.0000000000000004,0.0,0.0,0.0,2.220446049250313e-16,0.3119183588453087,0.19595917942265473,1.0000000000000009,1.0000000000000007,0.0,1.0,1.0000000000000004,0.0
2,0.4,0.0,0.16000000000000006,0.8400000000000002,0.3666060555964673,0.41321211119293455,0.3666060555964674,0.0,1.1102230246251565e-16,1.0000000000000004,1.0000000000000004,0.7332121111929345,-0.6799999999999999,1.0000000000000002,0.41321211119293455
2,0.4,0.0025,0.16000525000000007,0.83580525,0.3656895404574761,0.4113685809149521,0.3635947904574761,0.0018225302779824037,0.0,0.9916385519102502,0.9916385519102502,0.7344560846817262,-0.6786431755841096,0.9958105000000002,0.4113685809149519
2,0.4,0.005,0.16002100000000005,0.8316210000000007,0.3647730253184851,0.40950405063697004,0.3605940253184854,0.0036240605559647587,3.3306690738754696e-16,0.9833538561640015,0.9833538561640015,0.735694989358024,-0.6772605436236062,0.9916420000000008,0.40950405063697004
2,0.4,0.0075,0.16004725000000006,0.8274472500000005,0.3638565101794939,0.4076185203589877,0.35760376017949413,0.005404590833947065,3.3306690738754696e-16,0.9751453875302513,0.9751453875302512,0.7369286819916337,-0.6758518655040611,0.9874945000000006,0.4076185203589877
2,0.4,0.01,0.16008400000000028,0.8232840000000006,0.36293999504050295,0.40571199008100534,0.35462399504050335,0.0071641211119293224,4.440892098500626e-16,0.9670126234240016,0.9670126234240016,0.73815701759769,-0.6744169019126102,0.9833680000000009,0.40571199008100534
2,0.4,0.0125,0.16013125000000003,0.81913125,0.3620234799015114,0.4037844598030227,0.35165472990151136,0.008902651389911753,0.0,0.95895504390625,0.9589550439062501,0.7393798494305897,-0.6729554128744846,0.9792625,0.4037844598030227
2,0.4,0.015,0.16018900000000028,0.8149890000000006,0.36110696476252063,0.40183592952504066,0.34869596476252107,0.010620181667894135,4.440892098500626e-16,0.9509721316840017,0.9509721316840017,0.740597028978341,-0.6714671577906801,0.9751780000000009,0.4018359295250409
2,0.4,0.0175,0.16025725000000005,0.8108572499999999,0.3601904496235291,0.39986639924705814,0.34574769962352914,0.012316711945876468,-5.551115123125783e-17,0.9430633721102499,0.9430633721102498,0.741808405957339,-0.6699518954767949,0.9711144999999999,0.39986639924705814
2,0.4,0.02,0.16033600000000006,0.8067360000000006,0.35927393448453804,0.397875868969076,0.34280993448453834,0.013992242223858753,3.3306690738754696e-16,0.9352282531840012,0.9352282531840012,0.7430138283075879,-0.6684093842030377,0.9670720000000006,0.397875868969076
2,0.4,0.0225,0.16042525000000005,0.8026252500000007,0.35835741934554693,0.39586433869109383,0.33988266934554734,0.01564677250184099,4.440892098500626e-16,0.9274662655502515,0.9274662655502516,0.744213142188383,-0.6668393817354334,0.9630505000000008,0.39586433869109383
2,0.4,0.025,0.16052500000000028,0.7985250000000008,0.357440904206556,0.3938318084131114,0.3369659042065566,0.017280302779823398,5.551115123125783e-16,0.9197769025000021,0.919776902500002,0.7454061919744656,-0.6652416453782387,0.9590500000000011,0.3938318084131116
2,0.4,0.0275,0.16063525000000006,0.7944352500000005,0.3565243890675645,0.3917782781351289,0.33405963906756475,0.018892833057805758,2.220446049250313e-16,0.9121596599702511,0.9121596599702511,0.7465928202526709,-0.6636159320175841,0.9550705000000006,0.39177827813512867
2,0.4,0.03,0.16075600000000007,0.7903560000000001,0.3556078739285733,0.38970374785714634,0.3311638739285734,0.02048436333578807,0.0,0.9046140365440003,0.9046140365440001,0.7477728678190859,-0.6619619981663567,0.9511120000000002,0.38970374785714634
2,0.4,0.0325,0.16088725000000006,0.7862872500000003,0.35469135878958213,0.3876082175791642,0.32827860878958237,0.022054893613770332,2.220446049250313e-16,0.8971395334502507,0.8971395334502507,0.7489461736767238,-0.6602796000103466,0.9471745000000004,0.3876082175791642
2,0.4,0.035,0.16102900000000028,0.7822290000000012,0.3537748436505914,0.3854916873011822,0.32540384365059216,0.023604423891752768,7.771561172376096e-16,0.8897356545640027,0.8897356545640027,0.7501125750337466,-0.658568493455661,0.9432580000000015,0.3854916873011822
2,0.4,0.0375,0.16118125000000005,0.778181250000001,0.3528583285116,0.38335415702319997,0.32253957851160053,0.025132954169735156,5.551115123125783e-16,0.882401906406252,0.882401906406252,0.7512719073022386,-0.6568284341774344,0.9393625000000011,0.38335415702319997
2,0.4,0.04,0.16134400000000007,0.7741440000000005,0.35194181337260866,0.38119562674521723,0.31968581337260893,0.026640484447717494,3.3306690738754696e-16,0.8751377981440011,0.8751377981440011,0.7524240040975586,-0.6550591776698367,0.9354880000000005,0.38119562674521723
2,0.4,0.0425,0.16151725000000006,0.7701172500000005,0.3510252982336175,0.3790160964672349,0.3168425482336178,0.028127014725699784,3.3306690738754696e-16,0.867942841590251,0.867942841590251,0.753568697238278,-0.653260479297407,0.9316345000000006,0.3790160964672349
2,0.4,0.045,0.16170100000000007,0.7661010000000007,0.3501087830946264,0.3768155661892527,0.3140097830946268,0.029592545003682025,4.440892098500626e-16,0.8608165512040014,0.8608165512040012,0.7547058167467328,-0.6514320943477165,0.9278020000000008,0.3768155661892525
2,0.4,0.0475,0.16189525000000005,0.76209525,0.34919226795563507,0.37459403591127005,0.31118751795563515,0.03103707528166444,0.0,0.8537584440902501,0.8537584440902501,0.7558351908501982,-0.6495737780853807,0.9239905,0.37459403591127005
2,0.4,0.05,0.16210000000000005,0.7581,0.3482757528166439,0.3723515056332878,0.308375752816644,0.032460605559646805,1.1102230246251565e-16,0.84676804,0.8467680400000003,0.756956645982708,-0.6476852858074331,0.9202,0.3723515056332878
2,0.4,0.0525,0.16231525000000002,0.7541152500000007,0.34735923767765287,0.3700879753553057,0.30557448767765316,0.03386313583762912,4.440892098500626e-16,0.8398448613302514,0.8398448613302514,0.7580700067875362,-0.6457663729000729,0.9164305000000007,0.3700879753553057
2,0.4,0.055,0.16254100000000005,0.7501410000000005,0.3464427225386617,0.3678034450773233,0.30278372253866204,0.03524466611561139,3.3306690738754696e-16,0.8329884331240011,0.8329884331240011,0.7591750961203606,-0.6438167948967988,0.9126820000000005,0.3678034450773233
2,0.4,0.0575,0.16277725000000007,0.7461772500000009,0.3455262073996706,0.36549791479934113,0.30000345739967105,0.03660519639359383,5.551115123125783e-16,0.8261982830702517,0.8261982830702518,0.7602717350531192,-0.6418363075379463,0.908954500000001,0.3654979147993409
2,0.4,0.06,0.16302400000000006,0.7422240000000003,0.34460969226067933,0.36317138452135866,0.2972336922606795,0.037944726671576,2.220446049250313e-16,0.8194739415040007,0.8194739415040008,0.7613597428785905,-0.6398246668316308,0.9052480000000004,0.36317138452135866
2,0.4,0.0625,0.16328125000000007,0.7382812500000002,0.3436931771216881,0.36082385424337615,0.29447442712168825,0.039263256949558345,1.1102230246251565e-16,0.8128149414062505,0.8128149414062505,0.7624389371157031,-0.6377816291161178,0.9015625000000003,0.36082385424337615
2,0.4,0.065,0.16354900000000028,0.7343490000000005,0.34277666198269724,0.3584553239653938,0.29172566198269756,0.04056078722754086,4.440892098500626e-16,0.8062208184040014,0.8062208184040013,0.7635091335156041,-0.635706951123624,0.8978980000000008,0.35845532396539403
2,0.4,0.0675,0.16382725000000006,0.7304272500000005,0.34186014684370586,0.35606579368741165,0.2889873968437062,0.04183731750552311,3.3306690738754696e-16,0.7996911107702511,0.7996911107702509,0.7645701460684976,-0.6336003900455631,0.8942545000000006,0.35606579368741165
2,0.4,0.07,0.16411600000000007,0.7265159999999998,0.34094363170471453,0.353655263409429,0.2862596317047146,0.043092847783505306,-5.551115123125783e-17,0.7932253594239997,0.7932253594239996,0.7656217870112787,-0.6314617035992418,0.8906319999999999,0.353655263409429
2,0.4,0.0725,0.1644152500000003,0.7226152500000009,0.3400271165657239,0.35122373313144717,0.2835423665657245,0.0443273780614879,6.661338147750939e-16,0.7868231079302522,0.7868231079302521,0.7666638668359733,-0.6292906500960226,0.8870305000000012,0.35122373313144717
2,0.4,0.075,0.1647250000000003,0.7187250000000006,0.3391106014267326,0.34877120285346463,0.28083560142673303,0.04554090833947022,4.440892098500626e-16,0.7804839025000017,0.7804839025000015,0.7676961942990146,-0.627086988510951,0.883450000000001,0.34877120285346486
2,0.4,0.0775,0.16504525000000006,0.7148452500000003,0.3381940862877411,0.34629767257548205,0.27813933628774135,0.046733438617452494,2.220446049250313e-16,0.7742072919902506,0.7742072919902506,0.768718576431365,-0.6248504785538656,0.8798905000000004,0.34629767257548205
2,0.4,0.08,0.16537600000000008,0.7109760000000008,0.3372775711487501,0.3438031422975001,0.2754535711487506,0.04790496889543472,5.551115123125783e-16,0.7679928279040016,0.7679928279040017,0.7697308185495093,-0.6225808807419853,0.8763520000000009,0.3438031422975001
2,0.4,0.0825,0.16571725000000007,0.7071172500000004,0.3363610560097588,0.3412876120195174,0.27277830600975905,0.049055499173417116,2.220446049250313e-16,0.7618400643902508,0.7618400643902508,0.7707327242673351,-0.6202779564739938,0.8728345000000004,0.3412876120195174
2,0.4,0.085,0.16606900000000002,0.7032690000000003,0.3354445408707676,0.3387510817415351,0.2701135408707678,0.050185029451399465,2.220446049250313e-16,0.7557485582440004,0.7557485582440006,0.7717240955089216,-0.6179414681056161,0.8693380000000003,0.3387510817415351
2,0.4,0.08750000000000001,0.16643125000000006,0.6994312500000008,0.3345280257317766,0.336193551463553,0.2674592757317771,0.051293559729381766,4.440892098500626e-16,0.7497178689062516,0.7497178689062515,0.7727047325222567,-0.6155711790266933,0.8658625000000009,0.33619355146355323
2,0.4,0.09,0.16680400000000006,0.6956040000000009,0.33361151059278543,0.3336150211855706,0.26481551059278585,0.05238109000736402,5.551115123125783e-16,0.7437475584640018,0.7437475584640016,0.7736744338938996,-0.6131668537397614,0.862408000000001,0.33361502118557085
2,0.4,0.0925,0.16718725000000006,0.6917872500000005,0.33269499545379416,0.3310154909075882,0.26218224545379454,0.05344762028534644,3.3306690738754696e-16,0.737837191650251,0.7378371916502509,0.7746329965646103,-0.6107282579401369,0.8589745000000006,0.3310154909075882
2,0.4,0.095,0.16758100000000006,0.6879810000000004,0.33177848031480295,0.3283949606296057,0.25955948031480314,0.05449315056332882,2.220446049250313e-16,0.7319863358440007,0.7319863358440007,0.775580215845965,-0.6082551585975067,0.8555620000000005,0.3283949606296057
2,0.4,0.0975,0.16798525000000003,0.6841852499999999,0.3308619651758116,0.3257534303516232,0.25694721517581154,0.055517680841311146,-5.551115123125783e-17,0.7261945610702498,0.7261945610702498,0.7765158854379767,-0.6057473240390272,0.8521704999999999,0.32575343035162296
2,0.4,0.1,0.16840000000000008,0.6804000000000002,0.32994545003682063,0.32309090007364105,0.25434545003682074,0.056521211119293424,2.220446049250313e-16,0.7204614400000007,0.7204614400000007,0.7774397974477392,-0.6032045240339301,0.8488000000000003,0.32309090007364105
2,0.4,0.10250000000000001,0.16882525000000007,0.6766252500000008,0.3290289348978296,0.3204073697956591,0.25175418489782997,0.057503741397275876,4.440892098500626e-16,0.7147865479502515,0.7147865479502514,0.7783517424091162,-0.6006265298796325,0.8454505000000009,0.3204073697956591
2,0.4,0.105,0.16926100000000005,0.6728610000000004,0.3281124197588383,0.3177028395176764,0.24917341975883855,0.05846527167525806,2.220446049250313e-16,0.7091694628840007,0.7091694628840007,0.7792515093034932,-0.5980131144893496,0.8421220000000005,0.3177028395176764
2,0.4,0.1075,0.16970725000000006,0.6691072500000002,0.3271959046198471,0.31497730923969414,0.24660315461984728,0.05940580195324041,2.220446049250313e-16,0.7036097654102504,0.7036097654102506,0.7801388855816084,-0.59536405248121,0.8388145000000002,0.31497730923969414
2,0.4,0.11,0.17016400000000007,0.6653640000000002,0.32627938948085594,0.3122307789617118,0.24404338948085602,0.06032533223122272,2.220446049250313e-16,0.6981070387840005,0.6981070387840005,0.7810136571864876,-0.5926791202688599,0.8355280000000003,0.3122307789617118
2,0.4,0.1125,0.17063125000000004,0.6616312499999999,0.3253628743418646,0.3094632486837292,0.24149412434186457,0.061223862509205196,-5.551115123125783e-17,0.6926608689062499,0.6926608689062498,0.7818756085774973,-0.5899580961535572,0.8322624999999999,0.3094632486837292
2,0.4,0.115,0.17110900000000007,0.6579090000000005,0.3244463592028737,0.3066747184057472,0.23895535920287392,0.062101392787187404,3.3306690738754696e-16,0.687270844324001,0.687270844324001,0.7827245227555335,-0.5872007604177474,0.8290180000000006,0.3066747184057472
2,0.4,0.11750000000000001,0.17159725000000006,0.6541972500000002,0.3235298440638824,0.30386518812776475,0.23642709406388251,0.06295792306516979,1.1102230246251565e-16,0.6819365562302504,0.6819365562302503,0.78356018128937,-0.5844068954201076,0.8257945000000002,0.30386518812776475
2,0.4,0.12,0.17209600000000008,0.6504959999999999,0.32261332892489114,0.30103465784978223,0.23390932892489102,0.06379345334315212,0.0,0.676657598464,0.6766575984639999,0.7843823643431765,-0.581576285692056,0.822592,0.30103465784978223
2,0.4,0.1225,0.17260525000000007,0.6468052500000004,0.32169681378590015,0.2981831275718001,0.23140206378590045,0.0646079836211344,3.3306690738754696e-16,0.671433567510251,0.671433567510251,0.7851908507052325,-0.57870871803571,0.8194105000000005,0.2981831275718003
2,0.4,0.125,0.17312500000000006,0.6431250000000003,0.32078029864690893,0.2953105972938177,0.22890529864690912,0.06540151389911686,2.220446049250313e-16,0.6662640625000005,0.6662640625000005,0.7859854178178469,-0.5758039816232772,0.8162500000000004,0.2953105972938177
2,0.4,0.1275,0.1736552500000003,0.6394552500000007,0.3198637835079181,0.2924170670158357,0.2264190335079186,0.06617404417709927,5.551115123125783e-16,0.6611486852102515,0.6611486852102515,0.7867658418085063,-0.5728618680978783,0.813110500000001,0.2924170670158357
2,0.4,0.13,0.1741960000000003,0.6357960000000004,0.31894726836892684,0.289502536737853,0.22394326836892708,0.06692557445508163,4.440892098500626e-16,0.6560870400640011,0.6560870400640011,0.7875318975222634,-0.5698821716757692,0.8099920000000007,0.289502536737853
2,0.4,0.1325,0.17474725000000008,0.6321472499999998,0.31803075322993535,0.28656700645987065,0.22147800322993527,0.06765610473306394,-5.551115123125783e-17,0.6510787341302497,0.6510787341302497,0.7882833585553883,-0.5668646892499575,0.8068944999999998,0.28656700645987065
2,0.4,0.135,0.17530900000000008,0.6285090000000004,0.3171142380909443,0.2836104761818885,0.2190232380909446,0.0683656350110462,3.3306690738754696e-16,0.6461233771240009,0.6461233771240007,0.7890199972902924,-0.5638092204951868,0.8038180000000005,0.2836104761818885
2,0.4,0.1375,0.17588125000000007,0.6248812500000003,0.3161977229519531,0.2806329459039061,0.21657897295195327,0.06905416528902841,2.220446049250313e-16,0.6412205814062506,0.6412205814062505,0.7897415849317443,-0.5607155679742746,0.8007625000000004,0.28063294590390586
2,0.4,0.14,0.1764640000000001,0.6212640000000001,0.3152812078129619,0.2776344156259236,0.21414520781296198,0.0697216955670108,2.220446049250313e-16,0.6363699619840003,0.6363699619840003,0.7904478915443905,-0.557583537245778,0.7977280000000002,0.2776344156259236
2,0.4,0.14250000000000002,0.1770572500000003,0.6176572500000002,0.31436469267397094,0.2746148853479413,0.21172194267397115,0.07036822584499336,3.3306690738754696e-16,0.6315711365102508,0.6315711365102507,0.7911386860915983,-0.5544129369729628,0.7947145000000004,0.2746148853479413
2,0.4,0.145,0.17766100000000007,0.6140610000000002,0.31344817753497956,0.271574355069959,0.20930917753497968,0.07099375612297543,2.220446049250313e-16,0.6268237252840003,0.6268237252840004,0.7918137364756302,-0.5512035790340548,0.7917220000000003,0.271574355069959
2,0.4,0.1475,0.1782752500000003,0.6104752500000005,0.3125316623959887,0.2685128247919768,0.20690691239598902,0.07159828640095789,4.440892098500626e-16,0.6221273512502512,0.6221273512502512,0.792472809579172,-0.5479552786337374,0.7887505000000008,0.2685128247919766
2,0.4,0.15,0.1789000000000001,0.6069000000000003,0.31161514725699724,0.26543029451399436,0.2045151472569975,0.07218181667894008,2.220446049250313e-16,0.6174816400000006,0.6174816400000007,0.7931156713082135,-0.544667854415882,0.7858000000000004,0.26543029451399436
2,0.4,0.1525,0.17953525000000006,0.6033352500000003,0.3106986321180061,0.2623267642360121,0.20213388211800631,0.07274434695692245,2.220446049250313e-16,0.6128862197702505,0.6128862197702506,0.7937420866363107,-0.5413411285774596,0.7828705000000004,0.2623267642360121
2,0.4,0.155,0.18018100000000006,0.5997810000000003,0.3097821169790149,0.25920223395802977,0.19976311697901517,0.07328587723490498,2.220446049250313e-16,0.6083407214440006,0.6083407214440005,0.7943518196502259,-0.5379749269836224,0.7799620000000004,0.25920223395802977
2,0.4,0.1575,0.1808372500000001,0.5962372499999997,0.3088656018400236,0.25605670368004696,0.19740285184002349,0.07380640751288725,-5.551115123125783e-17,0.6038447785502498,0.6038447785502495,0.7949446335969683,-0.5345690792839036,0.7770744999999998,0.25605670368004696
2,0.4,0.16,0.18150400000000005,0.5927040000000002,0.30794908670103255,0.252890173402065,0.19505308670103272,0.07430593779086947,2.220446049250313e-16,0.5993980272640005,0.5993980272640005,0.7955202909322364,-0.5311234190295115,0.7742080000000002,0.252890173402065
2,0.4,0.1625,0.1821812500000003,0.5891812500000003,0.3070325715620416,0.24970264312408252,0.19271382156204186,0.07478446806885186,3.3306690738754696e-16,0.5950001064062509,0.5950001064062509,0.7960785533702802,-0.527637783791667,0.7713625000000006,0.24970264312408275
2,0.4,0.165,0.1828690000000001,0.5856690000000003,0.30611605642305023,0.24649411284610023,0.19038505642305048,0.0752419983468342,3.3306690738754696e-16,0.5906506574440007,0.5906506574440006,0.796619181935181,-0.5241120152809622,0.7685380000000004,0.24649411284610045
2,0.4,0.1675,0.18356725000000007,0.5821672500000004,0.3051995412840591,0.24326458256811812,0.18806679128405923,0.0756785286248165,3.3306690738754696e-16,0.5863493244902506,0.5863493244902506,0.7971419370135704,-0.5205459594676747,0.7657345000000004,0.24326458256811812
2,0.4,0.17,0.18427600000000008,0.5786760000000001,0.30428302614506786,0.2400140522901355,0.1857590261450679,0.07609405890279897,1.1102230246251565e-16,0.5820957543040002,0.5820957543040002,0.7976465784087801,-0.5169394667030165,0.7629520000000002,0.2400140522901355
2,0.4,0.17250000000000001,0.18499525000000008,0.57519525,0.3033665110060767,0.2367425220121533,0.1834617610060767,0.07648858918078116,2.220446049250313e-16,0.5778895962902502,0.5778895962902503,0.7981328653964411,-0.5132923918412555,0.7601905000000001,0.2367425220121533
2,0.4,0.17500000000000002,0.18572500000000008,0.5717250000000003,0.3024499958670856,0.23344999173417103,0.18117499586708574,0.07686211945876353,2.220446049250313e-16,0.5737305025000006,0.5737305025000007,0.7986005567815313,-0.5096045943626641,0.7574500000000004,0.23344999173417103
2,0.4,0.1775,0.18646525000000008,0.5682652500000007,0.3015334807280945,0.2301364614561887,0.17889873072809492,0.07721464973674586,4.440892098500626e-16,0.5696181276302512,0.5696181276302511,0.7990494109568758,-0.5058759384972519,0.7547305000000009,0.2301364614561887
2,0.4,0.18,0.1872160000000003,0.5648160000000002,0.30061696558910345,0.22680193117820635,0.17663296558910369,0.07754618001472835,2.220446049250313e-16,0.5655521290240008,0.5655521290240008,0.799479185963106,-0.5021062933492187,0.7520320000000005,0.22680193117820635
2,0.4,0.1825,0.1879772500000001,0.5613772500000003,0.29970045045011207,0.22344640090022394,0.17437770045011225,0.07785671029271057,2.220446049250313e-16,0.5615321666702505,0.5615321666702504,0.7998896395500712,-0.4982955330220877,0.7493545000000004,0.22344640090022394
2,0.4,0.185,0.18874900000000008,0.5579490000000003,0.2987839353111209,0.2200698706222417,0.17213293531112106,0.07814624057069297,2.220446049250313e-16,0.5575579032040006,0.5575579032040004,0.8002805292397215,-0.4944435367444402,0.7466980000000003,0.2200698706222417
2,0.4,0.1875,0.1895312500000003,0.5545312500000001,0.2978674201721299,0.2166723403442592,0.16989867017213012,0.07841477084867532,3.3306690738754696e-16,0.5536290039062507,0.5536290039062506,0.8006516123904369,-0.4905501889962196,0.7440625000000004,0.2166723403442592
2,0.4,0.19,0.19032400000000022,0.5511240000000008,0.2969509050331388,0.21325381006627708,0.1676749050331393,0.07866230112665762,5.551115123125783e-16,0.5497451367040015,0.5497451367040015,0.801002646262822,-0.48661537963552426,0.741448000000001,0.21325381006627708
2,0.4,0.1925,0.19112725000000008,0.5477272500000002,0.2960343898941474,0.20981427978829448,0.16546163989414753,0.07888883140463987,2.220446049250313e-16,0.5459059721702504,0.5459059721702504,0.8013333880869569,-0.48263900402582643,0.7388545000000003,0.20981427978829448
2,0.4,0.195,0.19194100000000008,0.5443410000000007,0.29511787475515633,0.2063537495103125,0.16325887475515666,0.0790943616826223,5.551115123125783e-16,0.5421111835240012,0.5421111835240011,0.8016435951310938,-0.4786209631635709,0.7362820000000008,0.2063537495103125
2,0.4,0.1975,0.19276525000000008,0.5409652500000006,0.29420135961616517,0.20287221923233023,0.16106660961616548,0.07927889196060467,4.440892098500626e-16,0.5383604466302511,0.538360446630251,0.8019330247718062,-0.4745611638060572,0.7337305000000007,0.20287221923233023
2,0.4,0.2,0.19360000000000008,0.5376000000000005,0.29328484447717396,0.1993696889543477,0.15888484447717421,0.079442422238587,4.440892098500626e-16,0.5346534400000009,0.5346534400000009,0.8022014345655736,-0.4704595185995626,0.7312000000000006,0.1993696889543477
2,0.4,0.2025,0.1944452500000001,0.5342452500000002,0.2923683293381827,0.19584615867636512,0.15671357933818286,0.07958495251656927,2.220446049250313e-16,0.5309898447902505,0.5309898447902505,0.802448582321802,-0.4663159462076148,0.7286905000000004,0.19584615867636512
2,0.4,0.20500000000000002,0.19530100000000006,0.5309009999999998,0.2914518141991915,0.19230162839838272,0.15455281419919142,0.0797064827945515,0.0,0.5273693448039999,0.527369344804,0.8026742261772661,-0.4621303714393514,0.7262019999999999,0.19230162839838294
2,0.4,0.20750000000000002,0.19616725000000032,0.5275672500000003,0.2905352990602006,0.1887360981204005,0.1524025490602009,0.07980701307253413,4.440892098500626e-16,0.5237916264902509,0.5237916264902508,0.8028781246719628,-0.45790272537788335,0.7237345000000006,0.1887360981204005
2,0.4,0.21,0.19704400000000033,0.5242440000000005,0.2896187839212095,0.18514956784241843,0.15026278392120984,0.07988654335051626,4.440892098500626e-16,0.5202563789440011,0.5202563789440011,0.8030600368263694,-0.4536329455085899,0.7212880000000008,0.1851495678424182
2,0.4,0.2125,0.1979312500000001,0.5209312500000002,0.288702268782218,0.18154203756443588,0.14813351878221814,0.07994507362849856,2.220446049250313e-16,0.5167632939062503,0.5167632939062503,0.8032197222200849,-0.4493209758472586,0.7188625000000003,0.18154203756443588
2,0.4,0.215,0.19882900000000034,0.5176290000000006,0.28778575364322717,0.17791350728645372,0.1460147536432277,0.07998260390648104,5.551115123125783e-16,0.5133120657640012,0.5133120657640012,0.8033569410718473,-0.4449667670679925,0.7164580000000009,0.1779135072864535
2,0.4,0.2175,0.19973725000000003,0.5143372500000002,0.2868692385042357,0.1742639770084713,0.14390648850423582,0.07999913418446325,1.1102230246251565e-16,0.5099023915502503,0.5099023915502503,0.8034714543209024,-0.44057027663079984,0.7140745000000002,0.1742639770084713
2,0.4,0.22,0.2006560000000001,0.5110560000000004,0.2859527233652446,0.17059344673048882,0.14180872336524486,0.07999466446244563,3.3306690738754696e-16,0.5065339709440007,0.5065339709440007,0.803563023709715,-0.43613146890877214,0.7117120000000006,0.17059344673048882
2,0.4,0.2225,0.20158525000000005,0.5077852500000004,0.28503620822625336,0.16690191645250652,0.1397214582262536,0.07996919474042796,3.3306690738754696e-16,0.5032065062702507,0.5032065062702507,0.8036314118679961,-0.43165031531477577,0.7093705000000005,0.16690191645250674
2,0.4,0.225,0.2025250000000001,0.5045250000000007,0.2841196930872623,0.1631893861745244,0.1376446930872628,0.07992272501841025,4.440892098500626e-16,0.49991970250000106,0.49991970250000106,0.8036763823980256,-0.4271267944275514,0.7070500000000007,0.1631893861745244
2,0.4,0.2275,0.20347525000000005,0.5012752500000002,0.283203177948271,0.159455855896542,0.13557842794827113,0.0798552552963927,2.220446049250313e-16,0.4966732672502503,0.4966732672502503,0.8036976999612512,-0.4225608921171394,0.7047505000000003,0.159455855896542
2,0.4,0.23,0.20443600000000006,0.4980359999999999,0.2822866628092797,0.15570132561855932,0.1335226628092797,0.07976678557437489,0.0,0.49346691078399996,0.493466910784,0.8036951303661348,-0.4179526016695325,0.702472,0.15570132561855932
2,0.4,0.2325,0.20540725000000004,0.4948072500000001,0.2813701476702887,0.15192579534057726,0.13147739767028876,0.07965731585235725,1.1102230246251565e-16,0.4903003460102502,0.4903003460102502,0.8036684406572232,-0.41330192391045883,0.7002145000000002,0.15192579534057726
2,0.4,0.23500000000000001,0.20638900000000013,0.49158900000000044,0.28045363253129757,0.14812926506259494,0.12944263253129784,0.07952684613033956,4.440892098500626e-16,0.48717328848400077,0.4871732884840008,0.8036173992054115,-0.4086088673281967,0.6979780000000005,0.14812926506259494
2,0.4,0.23750000000000002,0.20738125000000004,0.4883812500000003,0.2795371173923064,0.1443117347846128,0.1274183673923066,0.07937537640832204,2.220446049250313e-16,0.4840854564062505,0.48408545640625045,0.8035417757993748,-0.40387344819532545,0.6957625000000004,0.1443117347846128
2,0.4,0.24,0.2083840000000001,0.4851840000000002,0.2786206022533152,0.14047320450663014,0.1254046022533154,0.07920290668630425,2.220446049250313e-16,0.4810365706240004,0.48103657062400046,0.8034413417381283,-0.3990956906893052,0.6935680000000003,0.14047320450663014
2,0.4,0.2425,0.20939725000000006,0.4819972500000004,0.2777040871143241,0.13661367422864812,0.12340133711432433,0.07900943696428664,2.220446049250313e-16,0.47802635463025056,0.4780263546302506,0.8033158699246925,-0.3942756270117858,0.6913945000000005,0.13661367422864812
2,0.4,0.245,0.21042100000000002,0.47882099999999994,0.2767875719753327,0.13273314395066538,0.12140857197533261,0.07879496724226898,0.0,0.47505453456399993,0.475054534564,0.80316513496082,-0.389413297506536,0.6892419999999999,0.1327331439506656
2,0.4,0.2475,0.21145525000000007,0.47565525000000014,0.2758710568363416,0.12883161367268303,0.1194263068363417,0.07855949752025126,2.220446049250313e-16,0.4721208392102503,0.4721208392102504,0.8029889132427507,-0.38450875077589414,0.6871105000000002,0.12883161367268303
2,0.4,0.25,0.21250000000000005,0.4725000000000003,0.2749545416973505,0.12490908339470086,0.1174545416973507,0.0783030277982335,2.220446049250313e-16,0.46922500000000045,0.46922500000000056,0.8027869830579573,-0.37956204379562064,0.6850000000000004,0.12490908339470086
2,0.4,0.2525,0.21355525000000003,0.46935525000000033,0.2740380265583594,0.12096555311671864,0.11549327655835961,0.07802555807621592,2.220446049250313e-16,0.46636675101025055,0.46636675101025055,0.8025591246828369,-0.3745732420280551,0.6829105000000004,0.12096555311671864
2,0.4,0.255,0.21462100000000003,0.4662210000000001,0.2731215114193681,0.11700102283873615,0.11354251141936822,0.07772708835419828,1.1102230246251565e-16,0.46354582896400015,0.46354582896400015,0.80230512048131,-0.36954241953346006,0.6808420000000002,0.11700102283873615
2,0.4,0.2575,0.21569725000000003,0.4630972500000001,0.2722049962803769,0.11301549256075383,0.11160224628037696,0.0774076186321806,2.220446049250313e-16,0.46076197323025014,0.4607619732302502,0.8020247550042814,-0.3644696590794416,0.6787945000000002,0.11301549256075383
2,0.4,0.26,0.21678400000000017,0.45998399999999984,0.27128848114138576,0.10900896228277124,0.10967248114138584,0.07706714891016286,1.1102230246251565e-16,0.45801492582400005,0.45801492582399994,0.8017178150899148,-0.3593550522483327,0.676768,0.10900896228277124
2,0.4,0.2625,0.2178812500000001,0.45688125,0.2703719660023946,0.10498143200478904,0.10775321600239463,0.0767056791881453,1.1102230246251565e-16,0.4553044314062502,0.4553044314062501,0.8013840899646751,-0.3541986995424314,0.6747625000000002,0.10498143200478904
2,0.4,0.265,0.21898900000000007,0.45378900000000005,0.26945545086340345,0.1009329017268068,0.10584445086340344,0.0763232094661277,1.1102230246251565e-16,0.4526302372840002,0.4526302372840002,0.8010233713450898,-0.3490007104869659,0.6727780000000001,0.1009329017268068
2,0.4,0.2675,0.22010725000000006,0.4507072500000001,0.2685389357244123,0.09686337144882451,0.10394618572441239,0.07591973974411004,2.220446049250313e-16,0.44999209341025026,0.44999209341025026,0.8006354535401731,-0.3437612037306886,0.6708145000000002,0.09686337144882451
2,0.4,0.27,0.22123600000000013,0.4476360000000004,0.26762242058542124,0.09277284117084217,0.10205842058542147,0.07549527002209233,4.440892098500626e-16,0.4473897523840008,0.4473897523840007,0.8002201335544649,-0.33848030714396793,0.6688720000000006,0.09277284117084217
2,0.4,0.2725,0.22237525000000033,0.4445752500000003,0.26670590544643014,0.08866131089285956,0.10018115544643047,0.0750498003000748,4.440892098500626e-16,0.44482296945025085,0.4448229694502508,0.7997772111916248,-0.3331581579142676,0.6669505000000007,0.08866131089285956
2,0.4,0.275,0.2235250000000004,0.44152500000000033,0.26578939030743903,0.08452878061487734,0.09831439030743938,0.074583330578057,5.551115123125783e-16,0.44229150250000093,0.442291502500001,0.7993064891585256,-0.3277949026388989,0.6650500000000007,0.08452878061487734
2,0.4,0.2775,0.2246852500000001,0.4384852500000005,0.26487287516844776,0.0803752503368953,0.09645812516844798,0.07409586085603936,4.440892098500626e-16,0.4397951120702508,0.4397951120702507,0.7988077731697882,-0.32239069741491855,0.6631705000000006,0.0803752503368953
2,0.4,0.28,0.22585600000000006,0.4354560000000001,0.26395636002945644,0.07620072005891276,0.0946123600294565,0.07358739113402168,1.1102230246251565e-16,0.43733356134400025,0.43733356134400014,0.7982808720526964,-0.3169457079260622,0.6613120000000001,0.07620072005891276
2,0.4,0.28250000000000003,0.22703725000000008,0.43243724999999955,0.2630398448904651,0.07200518978092996,0.09277709489046493,0.07305792141200396,-1.1102230246251565e-16,0.4349066161502496,0.4349066161502496,0.7977255978524272,-0.3114601095265997,0.6594744999999996,0.07200518978093018
2,0.4,0.28500000000000003,0.2282290000000001,0.429429,0.26212332975147407,0.06778865950294799,0.09095232975147416,0.07250745168998618,1.1102230246251565e-16,0.43251404496400014,0.43251404496400025,0.797141765937536,-0.30593408732198174,0.6576580000000001,0.06778865950294777
2,0.4,0.28750000000000003,0.22943125000000034,0.4264312500000005,0.26120681461248324,0.06355112922496575,0.08913806461248364,0.0719359819679688,5.551115123125783e-16,0.43015561890625104,0.43015561890625104,0.7965291951056294,-0.3003678362461643,0.6558625000000008,0.06355112922496597
2,0.4,0.29,0.23064400000000007,0.4234440000000002,0.26029029947349186,0.05929259894698369,0.08733429947349203,0.07134351224595092,2.220446049250313e-16,0.42783111174400046,0.4278311117440004,0.7958877076891543,-0.2947615611355049,0.6540880000000002,0.05929259894698369
2,0.4,0.2925,0.2318672500000001,0.42046725000000057,0.25937378433450076,0.05501306866900135,0.08554103433450111,0.07073004252393345,4.440892098500626e-16,0.4255402998902509,0.4255402998902509,0.7952171296612413,-0.28911547679909655,0.6523345000000007,0.05501306866900135
2,0.4,0.295,0.23310100000000009,0.4175010000000001,0.2584572691955095,0.05071253839101875,0.08375826919550955,0.0700955728019157,2.220446049250313e-16,0.4232829624040003,0.4232829624040002,0.7945172907415268,-0.2834298080854347,0.6506020000000002,0.05071253839101875
2,0.4,0.2975,0.23434525000000023,0.4145452500000003,0.25754075405651844,0.046391008113036314,0.08198600405651868,0.06944010307989812,4.440892098500626e-16,0.4210588809902507,0.42105888099025074,0.793788024501879,-0.27770478994529885,0.6488905000000005,0.046391008113036314
2,0.4,0.3,0.23560000000000003,0.41160000000000047,0.2566242389175272,0.0420484778350545,0.0802242389175275,0.0687636333578805,3.3306690738754696e-16,0.41886784000000066,0.4188678400000007,0.7930291684719625,-0.27194066749072976,0.6472000000000004,0.0420484778350545
2,0.4,0.3025,0.23686525000000036,0.40866525000000037,0.25570772377853623,0.037684947557071746,0.07847297377853657,0.06806616363586282,5.551115123125783e-16,0.416709626430251,0.416709626430251,0.7922405642445585,-0.2661376960499927,0.6455305000000007,0.037684947557071746
2,0.4,0.305,0.2381410000000003,0.4057410000000007,0.25479120863954513,0.03330041727908961,0.07673220863954566,0.0673476939138451,6.661338147750939e-16,0.41458402992400123,0.4145840299240011,0.7914220575805653,-0.26029614121842226,0.643882000000001,0.03330041727908983
2,0.4,0.3075,0.23942725000000012,0.4028272500000004,0.2538746935005537,0.028894887001107206,0.075001943500554,0.06660822419182733,4.440892098500626e-16,0.41249084277025067,0.41249084277025067,0.7905734985136064,-0.2544162789050137,0.6422545000000005,0.028894887001107206
2,0.4,0.31,0.24072400000000008,0.39992400000000006,0.2529581783615624,0.02446835672312475,0.07328217836156248,0.06584775446980973,1.1102230246251565e-16,0.4104298599040002,0.41042985990400016,0.7896947414541601,-0.24849839537468305,0.6406480000000001,0.02446835672312475
2,0.4,0.3125,0.24203125000000014,0.39703125000000006,0.25204166322257127,0.020020826445142248,0.07157291322257131,0.06506628474779208,2.220446049250313e-16,0.40840087890625026,0.4084008789062502,0.7887856452931323,-0.24254278728606332,0.6390625000000002,0.020020826445142248
2,0.4,0.315,0.24334900000000037,0.39414900000000036,0.2511251480835804,0.01555229616716014,0.06987414808358072,0.06426381502577438,5.551115123125783e-16,0.40640370000400095,0.406403700004001,0.7878460735047955,-0.23654976172474235,0.6374980000000008,0.015552296167159918
2,0.4,0.3175,0.24467725000000007,0.39127724999999997,0.2502086329445889,0.011062765889177761,0.06818588294458894,0.06344034530375664,0.0,0.40443812607025004,0.40443812607025004,0.7868758942490034,-0.23051963623183724,0.6359545,0.011062765889177761
2,0.4,0.32,0.24601600000000007,0.3884160000000004,0.24929211780559787,0.006552235611195556,0.06650811780559818,0.06259587558173907,3.3306690738754696e-16,0.4025039626240006,0.4025039626240006,0.7858749804726043,-0.22445273882780226,0.6344320000000006,0.006552235611195556
2,0.4,0.3225,0.24736525,0.3855652500000002,0.24837560266660663,0.002020705333213302,0.06484085266660677,0.06173040585972145,0.0,0.40060101783025026,0.4006010178302502,0.7848432100099665,-0.2183494080313717,0.6329305000000002,0.002020705333213302
2,0.4,0.325,0.2487250000000001,0.3827250000000002,0.24745908752761547,0.0,0.06318408752761573,0.06084393613770378,2.220446049250313e-16,0.3987291025000004,0.39872910250000043,0.7837804656825255,-0.21220999287354503,0.6314500000000003,-0.002531824944769223
2,0.4,0.3275,0.2500952500000001,0.37989525000000035,0.24654257238862437,0.0,0.0615378223886246,0.05993646641568606,3.3306690738754696e-16,0.3968880300902506,0.39688803009025053,0.7826866353972772,-0.20603485290651236,0.6299905000000005,-0.007105355222751575
2,0.4,0.33,0.2514760000000002,0.3770760000000004,0.2456260572496332,0.0,0.05990205724963349,0.059007996693668296,4.440892098500626e-16,0.39507761670400077,0.3950776167040007,0.7815616122441197,-0.1998243582074356,0.6285520000000007,-0.011699885500734086
2,0.4,0.3325,0.2528672500000002,0.37426725000000016,0.24470954211064197,0.0,0.058276792110642184,0.058058526971650704,4.440892098500626e-16,0.3932976810902505,0.3932976810902505,0.7804052945919634,-0.19357888937699946,0.6271345000000004,-0.016315415778716424
2,0.4,0.335,0.25426900000000013,0.3714690000000003,0.2437930269716508,0.0,0.056662026971651014,0.05708805724963284,4.440892098500626e-16,0.39154804464400056,0.3915480446440005,0.7792175861835166,-0.18729883753264165,0.6257380000000005,-0.02095194605669859
2,0.4,0.3375,0.25568125000000014,0.3686812499999998,0.24287651183265951,0.0,0.055057761832659535,0.05609658752761537,0.0,0.38982853140624996,0.3898285314062499,0.7779983962286637,-0.1809846042963818,0.6243624999999999,-0.025609476334681358
2,0.4,0.34,0.25710400000000017,0.3659040000000001,0.24195999669366844,0.0,0.053463996693668525,0.05508411780559763,3.3306690738754696e-16,0.3881389680640004,0.38813896806400033,0.7767476394963415,-0.17463660177718404,0.6230080000000002,-0.03028800661266351
2,0.4,0.3425,0.2585372500000001,0.3631372500000004,0.24104348155467736,0.0,0.05188073155467765,0.054050648083580066,4.440892098500626e-16,0.3864791839502506,0.38647918395025066,0.7754652364048297,-0.16825525254775642,0.6216745000000006,-0.03498753689064549
2,0.4,0.34500000000000003,0.25998100000000024,0.3603810000000002,0.2401269664156862,0.0,0.05030796641568647,0.05299617836156245,2.220446049250313e-16,0.3848490110440005,0.3848490110440005,0.7741511131103648,-0.16184098961574023,0.6203620000000004,-0.03970806716862807
2,0.4,0.34750000000000003,0.2614352500000003,0.3576352500000002,0.23921045127669505,0.0,0.04874570127669531,0.05192070863954479,4.440892098500626e-16,0.38324828397025057,0.3832482839702507,0.7728052015939859,-0.1553942563892155,0.6190705000000005,-0.04444959744661048
2,0.4,0.35000000000000003,0.2629,0.3549000000000001,0.23829393613770375,0.0,0.04719393613770384,0.050824238917527076,0.0,0.38167684000000013,0.3816768400000001,0.7714274397465319,-0.14891550663645203,0.6178000000000001,-0.04921212772459249
2,0.4,0.3525,0.26437525000000006,0.3521752500000001,0.2373774209987126,0.0,0.04565267099871262,0.04970676919550954,1.1102230246251565e-16,0.3801345190502502,0.3801345190502502,0.7700177714516897,-0.14240520443986343,0.6165505000000002,-0.05399565800257489
2,0.4,0.355,0.26586100000000024,0.3494610000000004,0.23646090585972163,0.0,0.04412190585972198,0.04856829947349173,5.551115123125783e-16,0.3786211636840009,0.3786211636840009,0.7685761466670179,-0.13586382414410675,0.6153220000000006,-0.05880018828055733
2,0.4,0.3575,0.26735725000000016,0.3467572499999999,0.2355443907207302,0.0,0.04260164072073025,0.04740882975147409,0.0,0.3771366191102501,0.37713661911025,0.7671025215028473,-0.12929185029827456,0.6141145000000001,-0.06362571855853993
2,0.4,0.36,0.2688640000000001,0.3440640000000001,0.23462787558173903,0.0,0.0410918755817391,0.046228360029456406,1.1102230246251565e-16,0.3756807331840002,0.3756807331840002,0.7655968582989812,-0.12268977759214778,0.6129280000000001,-0.06847224883652214
2,0.4,0.3625,0.27038125000000013,0.34138124999999997,0.23371136044274787,0.0,0.03959261044274798,0.04502689030743867,0.0,0.3742533564062501,0.3742533564062501,0.7640591256991001,-0.11605811078645689,0.6117625000000001,-0.07333977911450451
2,0.4,0.365,0.2719090000000002,0.33870900000000015,0.23279484530375677,0.0,0.03810384530375699,0.04380442058542089,2.220446049250313e-16,0.37285434192400035,0.37285434192400035,0.7624892987227911,-0.109397364637138,0.6106180000000003,-0.07822830939248693
2,0.4,0.3675,0.27344725000000014,0.33604725000000013,0.2318783301647656,0.0,0.03662558016476569,0.04256095086340328,3.3306690738754696e-16,0.3714835455302504,0.3714835455302504,0.7608873588351183,-0.1027080638135372,0.6094945000000003,-0.08313783967046917
2,0.4,0.37,0.2749960000000003,0.3333960000000006,0.23096181502577473,0.0,0.035157815025775196,0.041296481141385843,6.661338147750939e-16,0.370140825664001,0.3701408256640011,0.7592532940136437,-0.0959907428105567,0.6083920000000009,-0.08806836994845113
2,0.4,0.3725,0.27655525000000014,0.33075525000000006,0.2300452998867832,0.0,0.03370054988678328,0.040011011419367914,2.220446049250313e-16,0.36882604341025027,0.3688260434102502,0.7575870988128252,-0.08924594585471501,0.6073105000000002,-0.0930199002264338
2,0.4,0.375,0.278125,0.3281250000000001,0.22912878474779205,0.0,0.03225378474779217,0.03870454169735038,1.1102230246251565e-16,0.3675390625000002,0.3675390625000002,0.7558887744257056,-0.08247422680412392,0.6062500000000002,-0.09799243050441586
2,0.4,0.3775,0.27970525000000007,0.32550525000000025,0.22821226960880098,0.0,0.03081751960880119,0.0373770719753328,3.3306690738754696e-16,0.3662797493102504,0.3662797493102504,0.7541583287428122,-0.07567614904235825,0.6052105000000003,-0.1029859607823983
2,0.4,0.38,0.28129600000000027,0.3228960000000004,0.22729575446980996,0.0,0.02939175446981035,0.03602860225331517,6.661338147750939e-16,0.3650479728640009,0.3650479728640009,0.7523957764081937,-0.06885228536624133,0.6041920000000007,-0.10800049106038057
2,0.4,0.3825,0.28289725000000016,0.3202972500000002,0.2263792393308186,0.0,0.027976489330818755,0.03465913253129749,3.3306690738754696e-16,0.36384360483025047,0.3638436048302504,0.7506011388725146,-0.062003217867536986,0.6031945000000003,-0.1130360213383631
2,0.4,0.385,0.2845090000000002,0.31770900000000035,0.2254627241918275,0.0,0.02657172419182774,0.03326866280927976,4.440892098500626e-16,0.36266651952400064,0.3626665195240006,0.7487744444431328,-0.05512953780856794,0.6022180000000006,-0.11809255161634546
2,0.4,0.3875,0.28613125000000006,0.31513124999999986,0.22454620905283615,0.0,0.025177459052836082,0.0318571930872622,-1.1102230246251565e-16,0.3615165939062499,0.36151659390624985,0.7469157283310905,-0.04823184549177739,0.6012624999999999,-0.12317008189432777
2,0.4,0.39,0.28776400000000013,0.3125640000000001,0.22362969391384505,0.0,0.023793693913845226,0.030424723365244377,2.220446049250313e-16,0.36039370758400024,0.3603937075840003,0.7450250326949434,-0.04131075012326585,0.6003280000000002,-0.12826861217231023
2,0.4,0.3925,0.2894072500000003,0.3100072500000004,0.22271317877485416,0.0,0.022420428774854506,0.028971253643226946,4.440892098500626e-16,0.3592977428102508,0.35929774281025084,0.7431024066813663,-0.034366869670320044,0.5994145000000006,-0.13338814245029218
2,0.4,0.395,0.29106100000000046,0.3074610000000003,0.22179666363586295,0.0,0.021057663635863366,0.027496783921209245,5.551115123125783e-16,0.35822858448400086,0.35822858448400086,0.7411479064624614,-0.027400830712989377,0.5985220000000008,-0.13852867272827507
2,0.4,0.3975,0.29272525000000027,0.3049252500000002,0.2208801484968717,0.0,0.019705398496871918,0.026001314199191494,4.440892098500626e-16,0.35718612015025064,0.35718612015025064,0.7391615952697154,-0.02041326828974449,0.5976505000000005,-0.14369020300625723
2,0.4,0.4,0.2944000000000002,0.3023999999999999,0.21996363335788033,0.0,0.01836363335788027,0.024484844477173695,1.1102230246251565e-16,0.35617024000000014,0.3561702400000001,0.7371435434245318,-0.013404825737264814,0.5968000000000001,-0.1488727332842399
2,0.4,0.4025,0.2960852500000002,0.29988525,0.21904711821888917,0.0,0.017032368218889316,0.02294737475515607,2.220446049250313e-16,0.35518083687025015,0.3551808368702502,0.7350938283652936,-0.0063761545244265805,0.5959705000000002,-0.15407626356222215
2,0.4,0.405,0.2977810000000002,0.2973810000000003,0.21813060307989812,0.0,0.015711603079898384,0.021388905033138395,4.440892098500626e-16,0.3542178062440005,0.35421780624400057,0.7330125346708896,0.0006720859194637163,0.5951620000000004,-0.1585007938402042
2,0.4,0.40750000000000003,0.29948725000000004,0.29488725000000005,0.21721408794090688,0.0,0.014401337940906922,0.019809435311120893,1.1102230246251565e-16,0.35328104625025014,0.35328104625025014,0.7308997540806574,0.007739228382105945,0.5943745,-0.15534632411818627
2,0.4,0.41000000000000003,0.30120400000000025,0.292404,0.2162975728019157,0.0,0.013101572801915817,0.0182089655891029,2.220446049250313e-16,0.3523704576640003,0.3523704576640002,0.7287555855106926,0.01482459805123959,0.5936080000000002,-0.15221285439616872
2,0.4,0.41250000000000003,0.3029312500000001,0.28993125000000036,0.21538105766292465,0.0,0.011812307662924848,0.016587495867085522,4.440892098500626e-16,0.35148594390625054,0.3514859439062506,0.7265801350664765,0.021927512703197982,0.5928625000000005,-0.14910038467415132
2,0.4,0.41500000000000004,0.3046690000000002,0.28746900000000025,0.21446454252393346,0.0,0.010533542523933681,0.014945026145067652,4.440892098500626e-16,0.3506274110440005,0.3506274110440006,0.724373516051776,0.029047282896892124,0.5921380000000005,-0.14600891495213364
2,0.4,0.4175,0.3064172500000001,0.2850172500000003,0.2135480273849423,0.0,0.009265277384942427,0.013281556423050178,3.3306690738754696e-16,0.3497947677902505,0.34979476779025054,0.7221358489737821,0.036183212173114376,0.5914345000000003,-0.142938445230116
2,0.4,0.42,0.30817600000000006,0.28257600000000055,0.21263151224595123,0.0,0.008007512245951531,0.011597086701032433,4.440892098500626e-16,0.3489879255040007,0.3489879255040007,0.7198672615444417,0.043334597259085894,0.5907520000000006,-0.13988897550809865
2,0.4,0.4225,0.3099452500000002,0.28014524999999996,0.21171499710695985,0.0,0.006760247106959882,0.009891616979014639,2.220446049250313e-16,0.34820679819025024,0.34820679819025024,0.7175678886779563,0.050500728278120466,0.5900905000000002,-0.13686050578608022
2,0.4,0.425,0.31172500000000036,0.2777250000000002,0.21079848196796885,0.0,0.005523481967969146,0.00816514725699724,4.440892098500626e-16,0.34745130250000067,0.34745130250000067,0.7152378724844131,0.05768088896428897,0.5894500000000006,-0.13385303606406262
2,0.4,0.4275,0.31351525000000013,0.27531525,0.20988196682897753,0.0,0.004297216828977657,0.006417677534979349,2.220446049250313e-16,0.34672135773025015,0.3467213577302502,0.7128773622595211,0.06487435688198917,0.5888305000000001,-0.13086656634204497
2,0.4,0.43,0.31531600000000026,0.2729160000000004,0.2089654516899866,0.0,0.0030814516899869693,0.004649207812961853,4.440892098500626e-16,0.3460168858240007,0.3460168858240007,0.7104865144704346,0.0720804036502602,0.5882320000000006,-0.12790109662002758
2,0.4,0.4325,0.31712725000000014,0.27052725000000044,0.20804893655099535,0.0,0.0018761865509955289,0.002859738090944086,4.440892098500626e-16,0.3453378113702506,0.34533781137025055,0.708065492737638,0.0792982951717372,0.5876545000000006,-0.12495662689801024
2,0.4,0.435,0.31894900000000015,0.2681490000000002,0.20713242141200408,0.0,0.0006814214120043349,0.0010492683689264926,4.440892098500626e-16,0.34468406160400045,0.34468406160400045,0.7056144678128828,0.08652729186609376,0.5870980000000003,-0.12203315717599228
2,0.4,0.4375,0.32078125000000013,0.26578125,0.2062159062730128,0.0,2.220446049250313e-16,0.0,2.220446049250313e-16,0.34405556640625024,0.34405556640625024,0.7031336175531603,0.09376664890783182,0.5865625000000001,-0.11913068745397448
2,0.4,0.44,0.32262400000000013,0.26342400000000016,0.20529939113402174,0.0,2.220446049250313e-16,0.0,2.220446049250313e-16,0.3434522583040004,0.34345225830400034,0.7006231268907038,0.1010156164682755,0.5860480000000003,-0.11624921773195684
2,0.4,0.4425,0.32447725000000016,0.26107725000000015,0.20438287599503058,0.0,2.220446049250313e-16,0.0,3.3306690738754696e-16,0.34287407247025037,0.3428740724702504,0.6980831877990195,0.10827343996160899,0.5855545000000003,-0.11338874800993914
2,0.4,0.445,0.32634100000000005,0.2587410000000002,0.20346636085603942,0.0,2.220446049250313e-16,0.0,2.220446049250313e-16,0.34232094672400026,0.34232094672400026,0.6955139992549396,0.11553936029479595,0.5850820000000003,-0.1105492782879216
2,0.4,0.4475,0.32821525000000007,0.2564152500000001,0.20254984571704818,0.0,2.220446049250313e-16,0.0,1.1102230246251565e-16,0.34179282153025015,0.34179282153025015,0.6929157671967101,0.1228126141212269,0.5846305000000002,-0.10773080856590389
2,0.4,0.45,0.33010000000000017,0.2540999999999999,0.20163333057805696,0.0,0.0,0.0,0.0,0.34128964000000006,0.34128964000000006,0.6902887044781135,0.13009243409791216,0.5842,-0.10493333884388578
2,0.4,0.4525,0.33199525000000013,0.2517952499999999,0.2007168154390658,0.0,1.1102230246251565e-16,0.0,1.1102230246251565e-16,0.34081134789025014,0.34081134789025014,0.6876330308186439,0.13737804914605534,0.5837905000000001,-0.10215686912186817
2,0.4,0.455,0.3339010000000003,0.24950100000000028,0.19980030030007478,0.0,4.440892098500626e-16,0.0,4.440892098500626e-16,0.3403578936040006,0.3403578936040006,0.6849489727497492,0.1446686847148277,0.5834020000000005,-0.09940139939985104
2,0.4,0.4575,0.3358172500000002,0.24721724999999992,0.19888378516108346,0.0,1.1102230246251565e-16,0.0,1.1102230246251565e-16,0.3399292281902501,0.3399292281902501,0.6822367635571597,0.15196356304815622,0.5830345000000001,-0.09666692967783308
2,0.4,0.46,0.33774400000000027,0.244944,0.19796727002209233,0.0,2.220446049250313e-16,0.0,2.220446049250313e-16,0.33952530534400027,0.3395253053440003,0.6794966432193291,0.15926190345433616,0.5826880000000003,-0.09395345995581528
2,0.4,0.4625,0.33968125000000027,0.24268125000000035,0.1970507548831014,0.0,4.440892098500626e-16,0.0,4.440892098500626e-16,0.33914608140625074,0.3391460814062507,0.6767288583420162,0.1665629225782907,0.5823625000000006,-0.09126099023379786
2,0.4,0.465,0.341629,0.24042900000000006,0.19613423974410998,0.0,0.0,0.0,1.1102230246251565e-16,0.3387915153640001,0.3387915153640001,0.6739336620890357,0.17386583467626932,0.5820580000000001,-0.08858952051178026
2,0.4,0.4675,0.34358725000000023,0.23818725000000024,0.1952177246051189,0.0,4.440892098500626e-16,0.0,4.440892098500626e-16,0.3384615688502506,0.3384615688502505,0.6711113141092252,0.1811698518927865,0.5817745000000005,-0.08593905078976272
2,0.4,0.47000000000000003,0.3455560000000002,0.2359560000000002,0.19430120946612775,0.0,4.440892098500626e-16,0.0,3.3306690738754696e-16,0.3381562061440005,0.33815620614400044,0.6682620804596556,0.18847418453961384,0.5815120000000004,-0.08330958106774489
2,0.4,0.47250000000000003,0.3475352500000003,0.23373525000000023,0.19338469432713665,0.0,4.440892098500626e-16,0.0,4.440892098500626e-16,0.33787539417025064,0.33787539417025064,0.6653862335251367,0.19577804137660515,0.5812705000000005,-0.0807011113457271
2,0.4,0.47500000000000003,0.3495250000000003,0.23152499999999987,0.19246817918814527,0.0,1.1102230246251565e-16,0.0,1.1102230246251565e-16,0.3376191025000002,0.33761910250000016,0.6624840519340683,0.20308062989415787,0.5810500000000002,-0.07811364162370915
2,0.4,0.47750000000000004,0.35152525000000023,0.22932525,0.19155166404915416,0.0,2.220446049250313e-16,0.0,2.220446049250313e-16,0.3373873033502503,0.3373873033502503,0.659555820470686,0.21038115659709372,0.5808505000000003,-0.0755471719016918
2,0.4,0.48,0.35353600000000024,0.2271360000000001,0.190635148910163,0.0,3.3306690738754696e-16,0.0,3.3306690738754696e-16,0.33717997158400037,0.33717997158400037,0.6566018299837529,0.21767882728976096,0.5806720000000003,-0.07300170217967428
2,0.4,0.4825,0.3555572500000003,0.2249572499999999,0.18971863377117174,0.0,2.220446049250313e-16,0.0,2.220446049250313e-16,0.33699708471025025,0.33699708471025025,0.6536223772917701,0.22497284736212514,0.5805145000000003,-0.07047723245765636
2,0.4,0.485,0.3575890000000002,0.22278900000000024,0.18880211863218074,0.0,4.440892098500626e-16,0.0,4.440892098500626e-16,0.3368386228840005,0.3368386228840005,0.6506177650847571,0.23226242207664638,0.5803780000000005,-0.06797376273563893
2,0.4,0.4875,0.35963125000000024,0.2206312500000002,0.18788560349318956,0.0,4.440892098500626e-16,0.0,4.440892098500626e-16,0.33670456890625056,0.33670456890625056,0.647588301822673,0.2395467568557333,0.5802625000000005,-0.06549129301362133
2,0.4,0.49,0.36168400000000017,0.2184840000000002,0.18696908835419837,0.0,4.440892098500626e-16,0.0,4.440892098500626e-16,0.33659490822400046,0.3365949082240005,0.6445343016305561,0.24682505756953138,0.5801680000000004,-0.06302982329160378
2,0.4,0.4925,0.36374725000000024,0.21634725000000024,0.18605257321520724,0.0,4.440892098500626e-16,0.0,4.440892098500626e-16,0.3365096289302505,0.3365096289302505,0.6414560841904451,0.25409653082385697,0.5800945000000005,-0.06058935356958606
2,0.4,0.495,0.36582100000000023,0.21422100000000022,0.18513605807621605,0.0,4.440892098500626e-16,0.0,4.440892098500626e-16,0.33644872176400054,0.33644872176400054,0.638353974630168,0.2613603842480371,0.5800420000000004,-0.05816988384756838
2,0.4,0.4975,0.3679052500000003,0.21210525000000013,0.18421954293722487,0.0,3.3306690738754696e-16,0.0,3.3306690738754696e-16,0.3364121801102504,0.3364121801102504,0.6352283034090753,0.2686158267824463,0.5800105000000004,-0.055771414125550534
2,0.4,0.5,0.3700000000000005,0.21,0.1833030277982337,0.0,4.440892098500626e-16,0.0,4.440892098500626e-16,0.3364000000000006,0.33640000000000064,0.6320794062008054,0.27586206896551785,0.5800000000000005,-0.05339394440353251
2,0.4,0.5025000000000001,0.3721052500000002,0.20790524999999996,0.18238651265924244,0.0,1.1102230246251565e-16,0.0,1.1102230246251565e-16,0.33641218011025015,0.33641218011025015,0.628907623773164,0.28309832322001105,0.5800105000000002,-0.05103747468151498
2,0.4,0.505,0.3742210000000002,0.2058210000000002,0.1814699975202514,0.0,3.3306690738754696e-16,0.0,3.3306690738754696e-16,0.3364487217640004,0.3364487217640004,0.6257133018652141,0.29032380413832076,0.5800420000000004,-0.04870200495949761
2,0.4,0.5075000000000001,0.37634725000000036,0.20374724999999985,0.18055348238126004,0.0,2.220446049250313e-16,0.0,2.220446049250313e-16,0.33650962893025027,0.3365096289302503,0.6224967910616632,0.29753772876660695,0.5800945000000002,-0.04638753523747963
2,0.4,0.51,0.37848400000000004,0.20168400000000028,0.17963696724226907,0.0,3.3306690738754696e-16,0.0,3.3306690738754696e-16,0.3365949082240004,0.3365949082240004,0.6192584466646522,0.30473931688752165,0.5801680000000004,-0.044094065515462466
2,0.4,0.5125,0.3806312500000001,0.1996312500000003,0.17872045210327792,0.0,3.3306690738754696e-16,0.0,3.3306690738754696e-16,0.33670456890625033,0.3367045689062504,0.6159986285630308,0.3119277913013502,0.5802625000000003,-0.04182159579344469
2,0.4,0.515,0.3827890000000004,0.19758900000000018,0.1778039369642867,0.0,4.440892098500626e-16,0.0,4.440892098500626e-16,0.3368386228840006,0.3368386228840006,0.6127177010992372,0.31910237810530384,0.5803780000000005,-0.03957012607142685
2,0.4,0.5175,0.3849572500000004,0.19555725000000018,0.17688742182529565,0.0,4.440892098500626e-16,0.0,4.440892098500626e-16,0.3369970847102507,0.3369970847102507,0.6094160329338733,0.3262623069707993,0.5805145000000006,-0.03733965634940917
2,0.4,0.52,0.38713600000000026,0.1935359999999999,0.17597090668630425,0.0,1.1102230246251565e-16,0.0,0.0,0.3371799715840002,0.33717997158400015,0.6060939969080795,0.33340681141849493,0.5806720000000002,-0.035130186627391424
2,0.4,0.5225,0.3893252500000001,0.19152524999999992,0.1750543915473131,0.0,1.1102230246251565e-16,0.0,1.1102230246251565e-16,0.33738730335025013,0.33738730335025013,0.6027519699038326,0.3405351290908765,0.5808505,-0.03294171690537373
2,0.4,0.525,0.3915250000000003,0.189525,0.17413787640832196,0.0,3.3306690738754696e-16,0.0,3.3306690738754696e-16,0.3376191025000004,0.3376191025000004,0.5993903327022524,0.3476465020222015,0.5810500000000003,-0.030774247183356196
2,0.4,0.5275,0.3937352500000002,0.18753525,0.17322136126933074,0.0,2.220446049250313e-16,0.0,2.220446049250313e-16,0.3378753941702502,0.3378753941702502,0.596009469840051,0.35474017690558896,0.5812705000000002,-0.02862777746133849
2,0.4,0.53,0.39595600000000014,0.185556,0.1723048461303396,0.0,1.1102230246251565e-16,0.0,1.1102230246251565e-16,0.33815620614400016,0.33815620614400016,0.5926097694642228,0.3618154053570693,0.5815120000000001,-0.02650230773932083
2,0.4,0.5325,0.3981872500000002,0.1835872500000003,0.1713883309913486,0.0,4.440892098500626e-16,0.0,4.440892098500626e-16,0.3384615688502506,0.3384615688502506,0.5891916231850947,0.3688714441763943,0.5817745000000005,-0.02439783801730333
2,0.4,0.535,0.4004290000000003,0.1816290000000001,0.17047181585235732,0.0,4.440892098500626e-16,0.0,4.440892098500626e-16,0.3387915153640005,0.3387915153640005,0.5857554259278532,0.37590755560442446,0.5820580000000004,-0.022314368295285658
2,0.4,0.5375,0.40268125000000027,0.1796812500000001,0.16955530071336616,0.0,3.3306690738754696e-16,0.0,3.3306690738754696e-16,0.3391460814062504,0.33914608140625035,0.5823015757826648,0.3829230075768959,0.5823625000000003,-0.020251898573268035
2,0.4,0.54,0.4049440000000002,0.1777440000000002,0.16863878557437506,0.0,4.440892098500626e-16,0.0,4.440892098500626e-16,0.3395253053440005,0.33952530534400044,0.5788304738535028,0.389917073974408,0.5826880000000004,-0.01821042885125035
2,0.4,0.5425,0.40721725000000025,0.1758172500000001,0.16772227043538382,0.0,3.3306690738754696e-16,0.0,4.440892098500626e-16,0.33992922819025045,0.3399292281902505,0.5753425241058076,0.396889034868434,0.5830345000000003,-0.0161899591292326
2,0.4,0.545,0.40950100000000017,0.17390100000000008,0.16680575529639263,0.0,2.220446049250313e-16,0.0,2.220446049250313e-16,0.34035789360400026,0.34035789360400026,0.5718381332130935,0.4038381767631924,0.5834020000000002,-0.014190489407214901
2,0.4,0.5475,0.4117952500000002,0.1719952500000001,0.16588924015740147,0.0,3.3306690738754696e-16,0.0,2.220446049250313e-16,0.34081134789025036,0.34081134789025036,0.5683177104026235,0.4107637928332167,0.5837905000000003,-0.01221201968519725
2,0.4,0.55,0.4141000000000004,0.1701000000000001,0.16497272501841032,0.0,4.440892098500626e-16,0.0,4.440892098500626e-16,0.3412896400000006,0.3412896400000006,0.5647816673002745,0.41766518315645346,0.5842000000000005,-0.010254549963179649
2,0.4,0.5525,0.41641525,0.16821525000000004,0.1640562098794191,0.0,0.0,0.0,0.0,0.34179282153025003,0.3417928215302501,0.5612304177747109,0.4245416549427372,0.5846305,-0.008318080241161763
2,0.4,0.555,0.41874100000000025,0.16634100000000018,0.16313969474042803,0.0,4.440892098500626e-16,0.0,4.440892098500626e-16,0.3423209467240005,0.34232094672400054,0.5576643777809877,0.43139252275749357,0.5850820000000004,-0.006402610519144369
2,0.4,0.5575,0.42107725000000024,0.16447724999999994,0.16222317960143673,0.0,1.1102230246251565e-16,0.0,1.1102230246251565e-16,0.34287407247025026,0.34287407247025015,0.5540839652037058,0.43821710874051895,0.5855545000000002,-0.004508140797126359
2,0.4,0.56,0.4234240000000002,0.16262400000000005,0.16130666446244563,0.0,2.220446049250313e-16,0.0,2.220446049250313e-16,0.34345225830400034,0.3434522583040004,0.5504895996998388,0.4450147428197009,0.5860480000000002,-0.00263467107510873
2,0.4,0.5625,0.42578125000000044,0.16078125000000013,0.16039014932345455,0.0,4.440892098500626e-16,0.0,4.440892098500626e-16,0.3440555664062507,0.3440555664062507,0.5468817025413469,0.4517847629195526,0.5865625000000005,-0.0007822013530911498
2,0.4,0.5650000000000001,0.4281490000000003,0.1589489999999999,0.15947363418446323,0.0010492683689267146,1.1102230246251565e-16,0.0,0.0006814214120041129,0.3446840616040002,0.3446840616040002,0.5432606964577061,0.45852651516441945,0.5870980000000001,0.0010492683689267146
2,0.4,0.5675,0.43052725000000014,0.1571272500000001,0.15855711904547215,0.002859738090944086,2.220446049250313e-16,0.0,0.0018761865509953068,0.34533781137025027,0.34533781137025027,0.5396270054784643,0.46523935407624706,0.5876545000000002,0.002859738090944308
2,0.4,0.5700000000000001,0.4329160000000003,0.15531600000000004,0.15764060390648094,0.004649207812961853,3.3306690738754696e-16,0.0,0.003081451689986636,0.3460168858240005,0.3460168858240005,0.5359810547759416,0.4719226427667997,0.5882320000000003,0.004649207812961853
2,0.4,0.5725,0.43531525000000043,0.1535152500000001,0.15672408876748992,0.006417677534979571,3.3306690738754696e-16,0.0,0.00429721682897799,0.34672135773025065,0.3467213577302506,0.5323232705082016,0.4785757531242015,0.5888305000000005,0.006417677534979571
2,0.4,0.5750000000000001,0.43772500000000053,0.15172500000000003,0.1558075736284987,0.00816514725699724,4.440892098500626e-16,0.0,0.005523481967969146,0.34745130250000067,0.34745130250000067,0.5286540796623922,0.4851980659937234,0.5894500000000006,0.008165147256997463
2,0.4,0.5775,0.44014525000000015,0.14994524999999992,0.15489105848950738,0.009891616979014861,0.0,0.0,0.006760247106959882,0.34820679819025013,0.34820679819025013,0.5249739098985914,0.49178897135269967,0.5900905000000001,0.009891616979014861
2,0.4,0.58,0.44257600000000014,0.14817600000000003,0.15397454335051627,0.011597086701032433,1.1102230246251565e-16,0.0,0.008007512245951087,0.34898792550400015,0.34898792550400015,0.5212831893942508,0.49834786847949736,0.5907520000000002,0.011597086701032655
2,0.4,0.5825,0.4450172500000001,0.14641725,0.15305802821152506,0.013281556423050178,1.1102230246251565e-16,0.0,0.009265277384942205,0.3497947677902501,0.3497947677902501,0.517582346689363,0.5048741661164509,0.5914345000000001,0.013281556423049956
2,0.4,0.585,0.44746900000000006,0.1446690000000002,0.152141513072534,0.014945026145067652,2.220446049250313e-16,0.0,0.010533542523933459,0.3506274110440003,0.3506274110440003,0.5138718105324568,0.5113672826266845,0.5921380000000003,0.014945026145067652
2,0.4,0.5875,0.4499312500000004,0.14293125000000004,0.15122499793354277,0.016587495867085522,3.3306690738754696e-16,0.0,0.011812307662924848,0.35148594390625054,0.35148594390625054,0.510152009727526,0.517826646144764,0.5928625000000004,0.0165874958670853
2,0.4,0.59,0.45240400000000025,0.141204,0.15030848279455158,0.01820896558910312,1.1102230246251565e-16,0.0,0.013101572801915928,0.35237045766400027,0.3523704576640003,0.5064233729820067,0.5242516947210956,0.5936080000000002,0.01820896558910312
2,0.4,0.5925,0.45488725000000046,0.13948725000000003,0.14939196765556043,0.019809435311120893,4.440892098500626e-16,0.0,0.014401337940907255,0.3532810462502506,0.3532810462502506,0.5026863287558948,0.5306418764600436,0.5943745000000005,0.01980943531112067
2,0.4,0.595,0.4573810000000002,0.1377810000000002,0.14847545251656935,0.021388905033138172,4.440892098500626e-16,0.0,0.015711603079898273,0.35421780624400045,0.35421780624400057,0.4989413051121182,0.5369966496516911,0.5951620000000004,0.021388905033138172
2,0.4,0.5975,0.4598852500000003,0.13608525000000013,0.14755893737757816,0.02294737475515607,3.3306690738754696e-16,0.0,0.017032368218889538,0.35518083687025054,0.3551808368702505,0.49518872956825233,0.5433154828972239,0.5959705000000004,0.02294737475515607
2,0.4,0.6,0.4624000000000003,0.1344,0.1466424222385869,0.024484844477173695,3.3306690738754696e-16,0.0,0.018363633357880493,0.3561702400000004,0.3561702400000004,0.4914290289496877,0.5495978552278822,0.5968000000000003,0.024484844477173917
2,0.4,0.6025,0.4649252500000003,0.13272525000000018,0.14572590709959585,0.026001314199191272,4.440892098500626e-16,0.0,0.019705398496871807,0.35718612015025064,0.35718612015025053,0.487662629244335,0.5558432562174712,0.5976505000000005,0.026001314199191494
2,0.4,0.605,0.46746100000000035,0.13106099999999998,0.14480939196060458,0.027496783921209245,2.220446049250313e-16,0.0,0.021057663635863033,0.3582285844840004,0.35822858448400047,0.48388995545896224,0.5620511860883981,0.5985220000000003,0.027496783921209245
2,0.4,0.6075,0.4700072500000003,0.12940725000000014,0.14389287682161347,0.028971253643226724,4.440892098500626e-16,0.0,0.022420428774854173,0.3592977428102506,0.3592977428102506,0.48011143147726115,0.5682211558112124,0.5994145000000004,0.028971253643226724
2,0.4,0.61,0.4725640000000003,0.12776400000000018,0.1429763616826224,0.030424723365244377,4.440892098500626e-16,0.0,0.02379369391384545,0.3603937075840006,0.3603937075840006,0.47632747991971813,0.574352687197665,0.6003280000000005,0.030424723365244377
2,0.4,0.6125,0.4751312500000003,0.1261312500000001,0.14205984654363113,0.03185719308726198,3.3306690738754696e-16,0.0,0.025177459052836415,0.3615165939062505,0.3615165939062505,0.4725385220053838,0.580445312987256,0.6012625000000004,0.03185719308726198
2,0.4,0.615,0.4777090000000002,0.1245089999999999,0.14114333140463983,0.03326866280927998,1.1102230246251565e-16,0.0,0.026571724191827517,0.3626665195240002,0.3626665195240002,0.4687449774156196,0.5864985769272925,0.6022180000000001,0.03326866280927998
2,0.4,0.6175,0.48029725000000034,0.12289725000000015,0.1402268162656488,0.034659132531297265,5.551115123125783e-16,0.0,0.027976489330818866,0.36384360483025063,0.3638436048302507,0.4649472641598976,0.5925120338464622,0.6031945000000005,0.034659132531297265
2,0.4,0.62,0.4828960000000002,0.12129599999999989,0.13931030112665752,0.03602860225331517,0.0,0.0,0.029391754469809794,0.3650479728640002,0.36504797286400015,0.4611457984437315,0.5984852497219432,0.6041920000000001,0.03602860225331539
2,0.4,0.6225,0.48550525000000017,0.11970525000000018,0.1383937859876665,0.037377071975332576,3.3306690738754696e-16,0.0,0.03081751960880108,0.3662797493102504,0.3662797493102504,0.45734099453881394,0.6044178017400554,0.6052105000000003,0.037377071975332576
2,0.4,0.625,0.4881250000000004,0.11812500000000008,0.13747727084867528,0.03870454169735038,4.440892098500626e-16,0.0,0.03225378474779239,0.36753906250000057,0.36753906250000057,0.4535332646554232,0.6103092783505155,0.6062500000000005,0.0387045416973506
2,0.4,0.6275000000000001,0.49075525000000025,0.1165552500000001,0.13656075570968412,0.04001101141936814,3.3306690738754696e-16,0.0,0.033700549886783504,0.3688260434102504,0.36882604341025044,0.44972301881717525,0.6161592793142882,0.6073105000000003,0.04001101141936814
2,0.4,0.63,0.4933960000000004,0.11499600000000011,0.13564424057069302,0.041296481141385843,3.3306690738754696e-16,0.0,0.03515781502577475,0.3701408256640006,0.37014082566400053,0.4459106647381718,0.6219674157451116,0.6083920000000005,0.041296481141385843
2,0.4,0.6325000000000001,0.49604725000000044,0.11344725000000001,0.13472772543170183,0.042560950863403724,3.3306690738754696e-16,0.0,0.036625580164766025,0.37148354553025054,0.37148354553025054,0.4420966077026182,0.6277333101447184,0.6094945000000005,0.042560950863403724
2,0.4,0.635,0.4987090000000002,0.1119090000000001,0.13381121029271062,0.04380442058542111,2.220446049250313e-16,0.0,0.03810384530375688,0.3728543419240004,0.3728543419240004,0.4382812504469588,0.6334565964318115,0.6106180000000003,0.04380442058542089
2,0.4,0.6375000000000001,0.5013812500000004,0.11038125000000001,0.1328946951537194,0.045026890307438894,3.3306690738754696e-16,0.0,0.0395926104427482,0.37425335640625057,0.37425335640625057,0.43446499304458613,0.6391369199648559,0.6117625000000004,0.045026890307438894
2,0.4,0.64,0.5040640000000004,0.10886399999999992,0.13197818001472816,0.046228360029456406,1.1102230246251565e-16,0.0,0.04109187558173932,0.3756807331840003,0.3756807331840003,0.43064823279317666,0.6447739375587349,0.6129280000000004,0.046228360029456406
2,0.4,0.6425,0.5067572499999999,0.10735725,0.13106166487573706,0.04740882975147409,-5.551115123125783e-17,0.0,0.04260164072073014,0.3771366191102499,0.37713661911025,0.42683136410469735,0.650367317495353,0.6141144999999999,0.04740882975147409
2,0.4,0.645,0.5094610000000005,0.1058610000000001,0.13014514973674599,0.04856829947349173,4.440892098500626e-16,0.0,0.044121905859721866,0.3786211636840007,0.3786211636840007,0.42301477839812607,0.655916739528247,0.6153220000000006,0.04856829947349173
2,0.4,0.6475,0.5121752500000004,0.10437524999999996,0.1292286345977547,0.04970676919550954,2.220446049250313e-16,0.0,0.04565267099871284,0.38013451905025053,0.3801345190502505,0.4191988639949351,0.6614218948812793,0.6165505000000003,0.04970676919550954
2,0.4,0.65,0.5149000000000002,0.10289999999999995,0.1283121194587635,0.050824238917527076,1.1102230246251565e-16,0.0,0.04719393613770384,0.3816768400000002,0.38167684000000024,0.4153840060173631,0.6668824862415024,0.6178000000000002,0.050824238917527076
2,0.4,0.6525,0.5176352500000002,0.10143525000000006,0.12739560431977243,0.05192070863954479,2.220446049250313e-16,0.0,0.0487457012766952,0.3832482839702504,0.38324828397025035,0.4115705862895175,0.6722982277462743,0.6190705000000003,0.051920708639544566
2,0.4,0.655,0.5203810000000001,0.09998100000000004,0.1264790891807812,0.05299617836156223,1.1102230246251565e-16,0.0,0.050307966415686134,0.38484901104400016,0.3848490110440001,0.40775898324133714,0.6776688449647141,0.6203620000000001,0.05299617836156223
2,0.4,0.6575,0.5231372499999999,0.09853724999999999,0.12556257404179003,0.054050648083580066,-1.1102230246251565e-16,0.0,0.051880731554677206,0.3864791839502498,0.3864791839502499,0.4039495718154438,0.6829940748735873,0.6216744999999999,0.054050648083580066
2,0.4,0.66,0.5259040000000003,0.09710400000000001,0.12464605890279888,0.05508411780559763,2.220446049250313e-16,0.0,0.053463996693668636,0.3881389680640003,0.38813896806400033,0.40014272337690315,0.6882736658277263,0.6230080000000002,0.055084117805597854
2,0.4,0.6625,0.5286812500000003,0.09568125000000002,0.12372954376380772,0.05609658752761537,2.220446049250313e-16,0.0,0.05505776183265976,0.3898285314062504,0.38982853140625034,0.39633880562592294,0.6935073775250756,0.6243625000000004,0.05609658752761537
2,0.4,0.665,0.5314690000000004,0.09426899999999994,0.1228130286248165,0.05708805724963306,2.220446049250313e-16,0.0,0.0566620269716509,0.39154804464400045,0.39154804464400045,0.39253818251350064,0.6986949809664751,0.6257380000000003,0.05708805724963306
2,0.4,0.6675,0.5342672500000002,0.09286725000000011,0.12189651348582545,0.058058526971650704,3.3306690738754696e-16,0.0,0.058276792110642184,0.39329768109025043,0.39329768109025043,0.38874121416004187,0.7038362584102771,0.6271345000000003,0.058058526971650704
2,0.4,0.67,0.5370760000000004,0.09147599999999993,0.12097999834683415,0.05900799669366852,2.220446049250313e-16,0.0,0.05990205724963338,0.3950776167040005,0.3950776167040005,0.38494825677695427,0.7089310033219213,0.6285520000000003,0.05900799669366852
2,0.4,0.6725,0.5398952500000004,0.09009525000000004,0.12006348320784306,0.05993646641568606,3.3306690738754696e-16,0.0,0.0615378223886246,0.39688803009025053,0.3968880300902506,0.381159662591239,0.7139790203185603,0.6299905000000005,0.05993646641568606
2,0.4,0.675,0.5427250000000002,0.08872500000000005,0.1191469680688519,0.06084393613770378,2.220446049250313e-16,0.0,0.06318408752761573,0.3987291025000004,0.3987291025000004,0.37737577977306785,0.7189801251088763,0.6314500000000003,0.06084393613770378
2,0.4,0.6775,0.5455652500000002,0.0873652500000001,0.11823045292986076,0.06173040585972123,3.3306690738754696e-16,0.0020207053332130798,0.06484085266660677,0.4006010178302505,0.4006010178302504,0.37359695236636786,0.7239341444281796,0.6329305000000003,0.06173040585972145
2,0.4,0.68,0.5484160000000005,0.08601600000000008,0.11731393779086963,0.06259587558173907,3.3306690738754696e-16,0.006552235611195334,0.06650811780559818,0.4025039626240006,0.4025039626240007,0.36982352022240217,0.7288409159689296,0.6344320000000006,0.06259587558173907
2,0.4,0.6825,0.5512772499999998,0.08467725000000006,0.11639742265187838,0.06344034530375664,0.0,0.01106276588917754,0.06818588294458883,0.4044381260702499,0.40443812607025,0.3660558189363497,0.733700288306789,0.6359544999999999,0.06344034530375664
2,0.4,0.685,0.5541490000000003,0.0833490000000001,0.11548090751288727,0.06426381502577438,4.440892098500626e-16,0.015552296167159918,0.06987414808358039,0.4064037000040006,0.4064037000040006,0.3622941797868768,0.7385121208223397,0.6374980000000005,0.06426381502577438
2,0.4,0.6875,0.5570312500000008,0.08203125000000008,0.11456439237389617,0.06506628474779208,6.661338147750939e-16,0.02002082644514247,0.07157291322257209,0.40840087890625115,0.4084008789062512,0.35853892967869655,0.743276283618582,0.6390625000000009,0.06506628474779208
2,0.4,0.6900000000000001,0.5599240000000005,0.08072399999999998,0.11364787723490484,0.06584775446980973,3.3306690738754696e-16,0.024468356723124973,0.07328217836156281,0.41042985990400066,0.4104298599040006,0.3547903910881006,0.747992657434348,0.6406480000000006,0.06584775446980973
2,0.4,0.6925,0.5628272500000009,0.07942725000000002,0.11273136209591375,0.06660822419182755,6.661338147750939e-16,0.028894887001107428,0.07500194350055434,0.41249084277025116,0.41249084277025116,0.3510488820114568,0.752661133553755,0.642254500000001,0.06660822419182733
2,0.4,0.6950000000000001,0.5657410000000004,0.07814100000000003,0.11181484695692252,0.06734769391384487,2.220446049250313e-16,0.03330041727908961,0.07673220863954511,0.4145840299240005,0.41458402992400056,0.34731471591665075,0.7572816137118292,0.6438820000000004,0.0673476939138451
2,0.4,0.6975,0.5686652500000003,0.07686525000000008,0.1108983318179314,0.0680661636358626,4.440892098500626e-16,0.037684947557071746,0.07847297377853624,0.4167096264302506,0.41670962643025056,0.3435882016974607,0.7618540099964292,0.6455305000000005,0.0680661636358626
2,0.4,0.7000000000000001,0.5716000000000002,0.07560000000000015,0.10998181667894029,0.06876363335788027,4.440892098500626e-16,0.042048477835054054,0.08022423891752739,0.4188678400000005,0.41886784000000055,0.33986964363084127,0.7663782447466004,0.6472000000000003,0.06876363335788027
2,0.4,0.7025,0.5745452500000003,0.07434525000000007,0.10906530153994906,0.0694401030798979,3.3306690738754696e-16,0.046391008113036536,0.08198600405651857,0.4210588809902505,0.4210588809902506,0.33615934133709463,0.7708542504474946,0.6488905000000004,0.06944010307989812
2,0.4,0.705,0.577501,0.07310100000000003,0.10814878640095786,0.0700955728019157,0.0,0.05071253839101875,0.08375826919550944,0.4232829624040001,0.42328296240400015,0.3324575897429084,0.7752819696219807,0.6506020000000001,0.07009557280191547
2,0.4,0.7075,0.5804672500000003,0.07186725000000006,0.10723227126196673,0.07073004252393345,3.3306690738754696e-16,0.05501306866900113,0.08554103433450089,0.4255402998902505,0.42554029989025055,0.32876467904722706,0.7796613547190896,0.6523345000000004,0.07073004252393345
2,0.4,0.71,0.5834440000000003,0.07064400000000014,0.10631575612297561,0.07134351224595092,3.3306690738754696e-16,0.059292598946983244,0.08733429947349203,0.42783111174400057,0.4278311117440005,0.32508089468993634,0.7839923679994126,0.6540880000000004,0.07134351224595092
2,0.4,0.7125,0.5864312500000005,0.06943125,0.10539924098398434,0.07193598196796858,3.3306690738754696e-16,0.06355112922496597,0.0891380646124833,0.4301556189062506,0.4301556189062507,0.3214065173233239,0.7882749814175992,0.6558625000000005,0.07193598196796858
2,0.4,0.715,0.5894290000000006,0.06822900000000004,0.1044827258449932,0.0725074516899864,4.440892098500626e-16,0.06778865950294843,0.0909523297514746,0.4325140449640009,0.4325140449640009,0.3177418227862904,0.7925091765020725,0.6576580000000007,0.07250745168998618
2,0.4,0.7175,0.59243725,0.06703725000000012,0.1035662107060021,0.07305792141200396,2.220446049250313e-16,0.07200518978093018,0.09277709489046537,0.43490661615025017,0.4349066161502503,0.31408708208126945,0.7966949442321117,0.6594745000000002,0.07305792141200396
2,0.4,0.72,0.5954560000000003,0.06585600000000004,0.10264969556701087,0.07358739113402168,2.220446049250313e-16,0.07620072005891276,0.09461236002945661,0.4373335613440004,0.43733356134400037,0.31044256135382636,0.8008322849124165,0.6613120000000003,0.07358739113402168
2,0.4,0.7225,0.5984852500000003,0.06468525000000014,0.10173318042801985,0.07409586085603936,4.440892098500626e-16,0.08037525033689485,0.09645812516844798,0.4397951120702506,0.4397951120702507,0.3068085218749018,0.8049212080452912,0.6631705000000004,0.07409586085603936
2,0.4,0.725,0.6015250000000001,0.06352500000000004,0.10081666528902852,0.074583330578057,1.1102230246251565e-16,0.08452878061487734,0.09831439030743883,0.4422915025000002,0.44229150250000027,0.3031852200256477,0.8089617322005863,0.6650500000000001,0.074583330578057
2,0.4,0.7275,0.6045752500000003,0.06237524999999996,0.0999001501500373,0.07504980030007458,1.1102230246251565e-16,0.08866131089286,0.10018115544643025,0.44482296945025046,0.44482296945025046,0.2995729072848352,0.812953884883511,0.6669505000000003,0.07504980030007458
2,0.4,0.73,0.6076360000000005,0.06123600000000015,0.09898363501104629,0.07549527002209233,5.551115123125783e-16,0.09277284117084195,0.10205842058542147,0.44738975238400086,0.4473897523840009,0.2959718302187749,0.8168977024004589,0.6688720000000007,0.07549527002209211
2,0.4,0.7325,0.6107072500000006,0.06010725,0.09806711987205499,0.07591973974411004,3.3306690738754696e-16,0.09686337144882473,0.10394618572441283,0.44999209341025076,0.44999209341025076,0.2923822304737149,0.8207932297229713,0.6708145000000005,0.07591973974410982
2,0.4,0.735,0.6137890000000011,0.05898900000000005,0.09715060473306393,0.0763232094661277,7.771561172376096e-16,0.10093290172680724,0.10584445086340444,0.4526302372840016,0.4526302372840016,0.28880434477067846,0.824640520349952,0.6727780000000012,0.0763232094661277
2,0.4,0.7375,0.6168812500000005,0.057881250000000085,0.0962340895940728,0.07670567918814553,4.440892098500626e-16,0.10498143200478904,0.10775321600239518,0.45530443140625076,0.45530443140625076,0.2852384049026812,0.8284396361682813,0.6747625000000006,0.0767056791881453
2,0.4,0.74,0.6199840000000003,0.05678400000000002,0.0953175744550815,0.07706714891016286,2.220446049250313e-16,0.10900896228277146,0.10967248114138606,0.4580149258240005,0.4580149258240005,0.2816846377342943,0.8321906473119296,0.6767680000000004,0.07706714891016286
2,0.4,0.7425,0.6230972500000007,0.05569725000000008,0.09440105931609045,0.07740761863218082,5.551115123125783e-16,0.11301549256075383,0.11160224628037763,0.46076197323025103,0.46076197323025103,0.2781432652035052,0.8358936320197056,0.6787945000000007,0.07740761863218082
2,0.4,0.745,0.6262210000000001,0.054621000000000135,0.09348454417709927,0.07772708835419828,3.3306690738754696e-16,0.11700102283873592,0.11354251141936822,0.4635458289640004,0.46354582896400043,0.2746145043258178,0.8395486764917555,0.6808420000000003,0.07772708835419828
2,0.4,0.7475,0.6293552500000001,0.05355525000000001,0.092568029038108,0.07802555807621592,1.1102230246251565e-16,0.12096555311671842,0.11549327655835939,0.4663667510102502,0.4663667510102502,0.271098567200557,0.8431558747449336,0.6829105000000002,0.07802555807621592
2,0.4,0.75,0.6325000000000004,0.05250000000000012,0.09165151389911692,0.0783030277982335,4.440892098500626e-16,0.12490908339470064,0.11745454169735081,0.4692250000000007,0.46922500000000067,0.2675956610193193,0.8467153284671531,0.6850000000000005,0.07830302779823373
2,0.4,0.7525000000000001,0.6356552500000006,0.05145525000000001,0.09073499876012565,0.07855949752025126,4.440892098500626e-16,0.12883161367268348,0.11942630683634203,0.4721208392102508,0.4721208392102508,0.2641059880765192,0.8502271468708454,0.6871105000000006,0.07855949752025149
2,0.4,0.755,0.6388210000000003,0.05042100000000001,0.08981848362113448,0.07879496724226898,2.220446049250313e-16,0.1327331439506656,0.12140857197533306,0.4750545345640005,0.4750545345640005,0.26062974578198783,0.8536914465456255,0.6892420000000004,0.07879496724226875
2,0.4,0.7575000000000001,0.6419972500000002,0.04939725000000003,0.08890196848214334,0.07900943696428664,2.220446049250313e-16,0.13661367422864767,0.1234013371143241,0.47802635463025034,0.47802635463025034,0.25716712667556163,0.8571083513102866,0.6913945000000002,0.07900943696428664
2,0.4,0.76,0.6451840000000001,0.04838400000000013,0.08798545334315226,0.07920290668630425,2.220446049250313e-16,0.14047320450662992,0.1254046022533153,0.4810365706240003,0.4810365706240003,0.25371831844361975,0.8604779920642242,0.6935680000000002,0.07920290668630425
2,0.4,0.7625000000000001,0.648381250000001,0.047381250000000076,0.0870689382041611,0.07937537640832204,8.881784197001252e-16,0.1443117347846128,0.12741836739230727,0.48408545640625156,0.48408545640625156,0.2502835039375102,0.8638005066384004,0.6957625000000011,0.07937537640832204
2,0.4,0.765,0.6515890000000005,0.046389,0.0861524230651698,0.07952684613033956,3.3306690738754696e-16,0.14812926506259494,0.12944263253129784,0.4871732884840008,0.48717328848400077,0.24686286119381912,0.8670760396459488,0.6979780000000005,0.07952684613033956
2,0.4,0.7675000000000001,0.6548072500000005,0.04540724999999999,0.08523590792617863,0.07965731585235725,3.3306690738754696e-16,0.15192579534057726,0.131477397670289,0.4903003460102507,0.49030034601025063,0.24345656345642247,0.8703047423325282,0.7002145000000005,0.07965731585235725
2,0.4,0.77,0.6580360000000004,0.04443600000000003,0.0843193927871875,0.07976678557437489,3.3306690738754696e-16,0.15570132561855954,0.13352266280928016,0.4934669107840006,0.4934669107840007,0.24006477920027403,0.8734867724265167,0.7024720000000004,0.07976678557437489
2,0.4,0.7725,0.6612752499999996,0.043475250000000076,0.08340287764819637,0.0798552552963927,0.0,0.15945585589654154,0.13557842794827069,0.49667326725024963,0.49667326725024963,0.2366876721568737,0.876622293989149,0.7047504999999997,0.07985525529639248
2,0.4,0.775,0.664525,0.04252500000000003,0.08248636250920516,0.07992272501841025,1.1102230246251565e-16,0.16318938617452416,0.13764469308726213,0.4999197025000002,0.4999197025000002,0.23332540134136243,0.8797114772646912,0.7070500000000001,0.07992272501841025
2,0.4,0.7775,0.6677852500000002,0.041585250000000046,0.08156984737021401,0.07996919474042796,2.220446049250313e-16,0.16690191645250652,0.13972145822625337,0.5032065062702504,0.5032065062702503,0.2299781210811952,0.8827544985307395,0.7093705000000002,0.07996919474042796
2,0.4,0.78,0.6710560000000004,0.04065600000000001,0.08065333223122281,0.07999466446244563,2.220446049250313e-16,0.17059344673048904,0.14180872336524475,0.5065339709440007,0.5065339709440007,0.22664598104632988,0.8857515399487433,0.7117120000000005,0.07999466446244563
2,0.4,0.7825,0.6743372500000003,0.03973725000000004,0.07973681709223168,0.07999913418446325,2.220446049250313e-16,0.17426397700847107,0.14390648850423582,0.5099023915502504,0.5099023915502503,0.22332912628088986,0.8887027894148298,0.7140745000000004,0.07999913418446325
2,0.4,0.785,0.6776290000000007,0.03882900000000005,0.07882030195324055,0.07998260390648104,5.551115123125783e-16,0.1779135072864535,0.14601475364322747,0.5133120657640011,0.5133120657640011,0.22002769723623847,0.891608440411022,0.7164580000000007,0.07998260390648104
2,0.4,0.7875,0.6809312500000007,0.03793124999999997,0.07790378681424927,0.07994507362849856,4.440892098500626e-16,0.18154203756443632,0.1481335187822186,0.516763293906251,0.516763293906251,0.21674182980541953,0.8944686918569269,0.7188625000000006,0.07994507362849856
2,0.4,0.79,0.6842440000000005,0.03704399999999999,0.07698727167525811,0.07988654335051626,2.220446049250313e-16,0.18514956784241843,0.15026278392120962,0.5202563789440008,0.5202563789440008,0.2134716553589081,0.8972837479619793,0.7212880000000005,0.07988654335051626
2,0.4,0.7925,0.6875672500000006,0.036167250000000005,0.07607075653626696,0.0798070130725339,4.440892098500626e-16,0.1887360981204007,0.1524025490602008,0.5237916264902509,0.5237916264902509,0.21021730078161785,0.9000538180783147,0.7237345000000006,0.0798070130725339
2,0.4,0.795,0.6909010000000002,0.03530099999999996,0.07515424139727574,0.0797064827945515,0.0,0.19230162839838294,0.15455281419919153,0.5273693448040002,0.5273693448040002,0.20697888851111873,0.9027791165543473,0.7262020000000001,0.07970648279455173
2,0.4,0.7975,0.6942452500000009,0.03444525000000004,0.07423772625828472,0.07958495251656927,6.661338147750939e-16,0.19584615867636535,0.15671357933818353,0.5309898447902514,0.5309898447902515,0.20375653657700935,0.9054598625891238,0.728690500000001,0.07958495251656927
2,0.4,0.8,0.6976000000000009,0.033600000000000046,0.07332121111929354,0.079442422238587,6.661338147750939e-16,0.1993696889543477,0.15888484447717455,0.5346534400000014,0.5346534400000013,0.20055035864139345,0.9080962800875273,0.731200000000001,0.079442422238587
2,0.4,0.8025,0.70096525,0.03276525000000003,0.07240469598030232,0.07927889196060467,0.0,0.2028722192323298,0.16106660961616504,0.53836044663025,0.53836044663025,0.1973604640404135,0.9106885975163904,0.7337305000000001,0.07927889196060445
2,0.4,0.805,0.7043410000000003,0.031940999999999935,0.07148818084131103,0.0790943616826223,0.0,0.2063537495103125,0.1632588747551562,0.5421111835240005,0.5421111835240003,0.19418695782678652,0.9132370477615916,0.7362820000000002,0.0790943616826223
2,0.4,0.8075,0.7077272500000006,0.031127249999999995,0.07057166570231994,0.07888883140463987,3.3306690738754696e-16,0.20981427978829492,0.16546163989414775,0.5459059721702508,0.5459059721702508,0.1910299408132992,0.9157418679861867,0.7388545000000006,0.07888883140463987
2,0.4,0.81,0.7111240000000008,0.03032400000000002,0.06965515056332881,0.07866230112665762,4.440892098500626e-16,0.21325381006627708,0.16767490503313898,0.5497451367040012,0.5497451367040009,0.1878895096172051,0.9182032994896474,0.7414480000000008,0.07866230112665762
2,0.4,0.8125,0.7145312500000001,0.029531250000000057,0.06873863542433768,0.07841477084867532,2.220446049250313e-16,0.21667234034425897,0.16989867017212967,0.5536290039062501,0.5536290039062501,0.18476575670548556,0.9206215875682485,0.7440625000000001,0.07841477084867532
2,0.4,0.8150000000000001,0.7179490000000002,0.02874899999999999,0.06782212028534644,0.07814624057069297,0.0,0.22006987062224148,0.17213293531112095,0.5575579032040002,0.5575579032040002,0.18165877044091835,0.9229969813766744,0.7466980000000002,0.07814624057069275
2,0.4,0.8175,0.7213772500000003,0.02797725000000001,0.06690560514635528,0.07785671029271057,2.220446049250313e-16,0.22344640090022394,0.17437770045011225,0.5615321666702504,0.5615321666702504,0.17856863512891494,0.9253297337908827,0.7493545000000004,0.07785671029271057
2,0.4,0.8200000000000001,0.7248160000000011,0.02721599999999997,0.06598909000736412,0.07754618001472835,5.551115123125783e-16,0.2268019311782068,0.17663296558910413,0.5655521290240018,0.5655521290240016,0.17549543106507176,0.9276201012722864,0.7520320000000011,0.07754618001472813
2,0.4,0.8225,0.72826525,0.026465250000000013,0.06507257486837295,0.07721464973674586,0.0,0.2301364614561885,0.17889873072809426,0.56961812763025,0.56961812763025,0.17243923458339885,0.9298683437332929,0.7547305,0.07721464973674586
2,0.4,0.8250000000000001,0.7317250000000008,0.025724999999999967,0.06415605972938174,0.07686211945876353,4.440892098500626e-16,0.23344999173417147,0.18117499586708607,0.5737305025000012,0.5737305025000012,0.16940011810517305,0.9320747244042512,0.7574500000000008,0.07686211945876353
2,0.4,0.8275,0.7351952500000004,0.024995250000000028,0.06323954459039066,0.07648858918078139,3.3306690738754696e-16,0.2367425220121533,0.18346176100607714,0.5778895962902506,0.5778895962902508,0.16637815018838206,0.9342395097018446,0.7601905000000004,0.07648858918078116
2,0.4,0.8300000000000001,0.7386760000000007,0.024275999999999975,0.062323029451399406,0.07609405890279897,3.3306690738754696e-16,0.24001405229013595,0.18575902614506823,0.582095754304001,0.5820957543040008,0.16337339557770175,0.9363629690989737,0.7629520000000006,0.07609405890279897
2,0.4,0.8325,0.7421672500000003,0.02356725,0.06140651431240827,0.0756785286248165,2.220446049250313e-16,0.24326458256811812,0.18806679128405923,0.5863493244902505,0.5863493244902505,0.1603859152549826,0.9384453749961638,0.7657345000000003,0.0756785286248165
2,0.4,0.835,0.7456690000000004,0.022868999999999997,0.060489999173417096,0.0752419983468342,2.220446049250313e-16,0.24649411284610023,0.19038505642305048,0.5906506574440005,0.5906506574440006,0.15741576649018543,0.9404870025945367,0.7685380000000004,0.0752419983468342
2,0.4,0.8375,0.7491812500000009,0.022181249999999996,0.05957348403442593,0.07478446806885186,5.551115123125783e-16,0.24970264312408297,0.19271382156204186,0.5950001064062514,0.5950001064062513,0.15446300289274073,0.9424881297703739,0.771362500000001,0.07478446806885186
2,0.4,0.84,0.7527040000000003,0.021504000000000037,0.05865696889543481,0.07430593779086947,2.220446049250313e-16,0.252890173402065,0.19505308670103272,0.5993980272640005,0.5993980272640005,0.15152767446328322,0.9444490369513101,0.7742080000000003,0.07430593779086947
2,0.4,0.8425,0.7562372500000004,0.02083725,0.0577404537564436,0.07380640751288725,2.220446049250313e-16,0.2560567036800474,0.19740285184002393,0.6038447785502506,0.6038447785502508,0.14860982764572397,0.9463700069941814,0.7770745000000004,0.07380640751288725
2,0.4,0.845,0.7597809999999997,0.020181000000000043,0.05682393861745248,0.07328587723490498,0.0,0.2592022339580293,0.1997631169790146,0.6083407214439996,0.6083407214439996,0.14570950537962749,0.9482513250645543,0.7799619999999997,0.07328587723490498
2,0.4,0.8475,0.7633352500000004,0.019535250000000014,0.05590742347846128,0.07274434695692245,2.220446049250313e-16,0.2623267642360121,0.20213388211800631,0.6128862197702506,0.6128862197702505,0.1428267471528465,0.950093278517967,0.7828705000000004,0.07274434695692267
2,0.4,0.85,0.7669000000000004,0.018899999999999993,0.05499090833947008,0.07218181667894008,2.220446049250313e-16,0.26543029451399436,0.2045151472569975,0.6174816400000006,0.6174816400000005,0.13996158905439057,0.9518961567828964,0.7858000000000004,0.07218181667894008
2,0.4,0.8525,0.7704752500000005,0.018275250000000052,0.054074393200479,0.07159828640095789,4.440892098500626e-16,0.2685128247919768,0.2069069123959888,0.6221273512502509,0.622127351250251,0.13711406382748148,0.9536602512454824,0.7887505000000006,0.07159828640095789
2,0.4,0.855,0.7740610000000004,0.017660999999999996,0.05315787806148775,0.07099375612297543,3.3306690738754696e-16,0.271574355069959,0.2093091775349798,0.6268237252840008,0.6268237252840008,0.13428420092276763,0.9553858551360199,0.7917220000000005,0.07099375612297543
2,0.4,0.8575,0.7776572500000002,0.01705725000000004,0.05224136292249664,0.07036822584499314,2.220446049250313e-16,0.2746148853479413,0.21172194267397082,0.6315711365102503,0.6315711365102504,0.1314720265516651,0.9570732634172396,0.7947145000000002,0.07036822584499314
2,0.4,0.86,0.7812640000000002,0.016464000000000024,0.051324847783505455,0.0697216955670108,2.220446049250313e-16,0.2776344156259236,0.21414520781296198,0.6363699619840003,0.6363699619840003,0.1286775637397846,0.9587227726743952,0.7977280000000002,0.0697216955670108
2,0.4,0.8625,0.7848812500000005,0.015881250000000017,0.050408332644514275,0.06905416528902864,3.3306690738754696e-16,0.2806329459039061,0.21657897295195339,0.6412205814062509,0.6412205814062509,0.12590083238042302,0.960334681007165,0.8007625000000006,0.06905416528902841
2,0.4,0.865,0.7885090000000007,0.015309000000000024,0.04949181750552316,0.0683656350110462,4.440892098500626e-16,0.2836104761818885,0.21902323809094493,0.646123377124001,0.6461233771240011,0.12314184928808042,0.9619092879233857,0.8038180000000007,0.0683656350110462
2,0.4,0.8675,0.792147250000001,0.014747249999999958,0.04857530236653185,0.06765610473306372,4.440892098500626e-16,0.2865670064598711,0.22147800322993605,0.6510787341302515,0.6510787341302515,0.12040062825197542,0.9634468942346244,0.806894500000001,0.06765610473306372
2,0.4,0.87,0.7957960000000003,0.014196000000000014,0.04765878722754077,0.06692557445508163,2.220446049250313e-16,0.289502536737853,0.22394326836892664,0.6560870400640005,0.6560870400640003,0.11767718008953361,0.9649478019535995,0.8099920000000003,0.06692557445508163
2,0.4,0.8725,0.799455250000001,0.013655249999999987,0.04674227208854956,0.06617404417709905,4.440892098500626e-16,0.2924170670158357,0.22641903350791837,0.6611486852102515,0.6611486852102513,0.11497151269981018,0.9664123141934584,0.813110500000001,0.06617404417709905
2,0.4,0.875,0.8031250000000003,0.013125000000000012,0.04582575694955843,0.06540151389911686,2.220446049250313e-16,0.2953105972938177,0.22890529864690912,0.6662640625000005,0.6662640625000005,0.1122836311168353,0.9678407350689127,0.8162500000000004,0.06540151389911664
2,0.4,0.8775000000000001,0.806805250000001,0.012605250000000017,0.0449092418105673,0.06460798362113462,6.661338147750939e-16,0.2981831275718003,0.2314020637859009,0.6714335675102518,0.6714335675102517,0.10961353756283876,0.9692333695992423,0.819410500000001,0.06460798362113462
2,0.4,0.88,0.8104960000000004,0.012096000000000022,0.04399272667157611,0.06379345334315212,3.3306690738754696e-16,0.30103465784978245,0.23390932892489158,0.6766575984640009,0.6766575984640009,0.1069612315013423,0.9705905236131642,0.8225920000000004,0.06379345334315212
2,0.4,0.8825000000000001,0.8141972500000008,0.011597249999999976,0.04307621153258486,0.06295792306516979,3.3306690738754696e-16,0.303865188127765,0.23642709406388285,0.6819365562302512,0.6819365562302512,0.10432670969008591,0.9719125036555705,0.8257945000000008,0.06295792306516979
2,0.4,0.885,0.8179090000000002,0.01110900000000005,0.04215969639359383,0.062101392787187626,3.3306690738754696e-16,0.306674718405747,0.2389553592028737,0.6872708443240005,0.6872708443240003,0.10170996623377011,0.9731996168961348,0.8290180000000003,0.062101392787187626
2,0.4,0.8875000000000001,0.8216312500000004,0.010631250000000012,0.04124318125460259,0.061223862509205196,2.220446049250313e-16,0.30946324868372943,0.2414941243418649,0.6926608689062506,0.6926608689062504,0.0991109926365842,0.9744521710397862,0.8322625000000003,0.061223862509205196
2,0.4,0.89,0.8253640000000003,0.010164000000000012,0.04032666611561142,0.06032533223122272,2.220446049250313e-16,0.3122307789617118,0.24404338948085602,0.6981070387840006,0.6981070387840005,0.09652977785450972,0.975670474239044,0.8355280000000004,0.06032533223122272
2,0.4,0.8925000000000001,0.8291072500000002,0.009707250000000025,0.039410150976620276,0.05940580195324041,2.220446049250313e-16,0.3149773092396939,0.24660315461984716,0.7036097654102503,0.7036097654102503,0.09396630834736468,0.9768548350082169,0.8388145000000002,0.05940580195324041
2,0.4,0.895,0.8328610000000005,0.009260999999999991,0.03849363583762904,0.05846527167525806,2.220446049250313e-16,0.3177028395176764,0.24917341975883855,0.7091694628840008,0.709169462884001,0.09142056813057732,0.9780055621394526,0.8421220000000005,0.05846527167525806
2,0.4,0.8975,0.8366252500000005,0.008825250000000031,0.03757712069863798,0.057503741397275876,4.440892098500626e-16,0.32040736979565865,0.25175418489782986,0.714786547950251,0.7147865479502509,0.08889253882666805,0.9791229646206372,0.8454505000000005,0.057503741397275876
2,0.4,0.9,0.8404000000000003,0.008399999999999987,0.036660605559646696,0.056521211119293424,1.1102230246251565e-16,0.32309090007364105,0.25434545003682074,0.7204614400000005,0.7204614400000003,0.08638219971641538,0.9802073515551367,0.8488000000000002,0.056521211119293424
2,0.4,0.9025,0.8441852499999999,0.007985250000000029,0.03574409042065562,0.055517680841311146,1.1102230246251565e-16,0.3257534303516232,0.25694721517581165,0.7261945610702498,0.7261945610702498,0.08388952778969848,0.9812590320833682,0.8521704999999999,0.055517680841311146
2,0.4,0.905,0.8479810000000004,0.007580999999999993,0.03482757528166438,0.05449315056332882,2.220446049250313e-16,0.3283949606296057,0.25955948031480314,0.7319863358440007,0.7319863358440007,0.08141449779598524,0.9822783153061965,0.8555620000000004,0.05449315056332882
2,0.4,0.9075,0.85178725,0.007187249999999993,0.0339110601426732,0.05344762028534644,0.0,0.331015490907588,0.262182245453794,0.73783719165025,0.73783719165025,0.0789570822944644,0.9832655102101402,0.8589745,0.05344762028534644
2,0.4,0.91,0.8556040000000004,0.006804000000000006,0.03299454500368206,0.05238109000736402,2.220446049250313e-16,0.3336150211855704,0.2648155105927854,0.7437475584640006,0.7437475584640008,0.07651725170379228,0.9842209255943821,0.8624080000000004,0.05238109000736402
2,0.4,0.9125,0.8594312500000013,0.00643124999999999,0.03207802986469088,0.051293559729381766,6.661338147750939e-16,0.33619355146355323,0.2674592757317775,0.7497178689062521,0.7497178689062521,0.07409497435144918,0.9851448699995669,0.8658625000000013,0.051293559729381766
2,0.4,0.915,0.8632690000000004,0.006068999999999983,0.03116151472569967,0.050185029451399465,1.1102230246251565e-16,0.3387510817415351,0.2701135408707678,0.7557485582440008,0.7557485582440007,0.07169021652268659,0.9860376516383731,0.8693380000000004,0.05018502945139924
2,0.4,0.9175,0.8671172500000001,0.005717250000000004,0.030244999586708555,0.049055499173417116,0.0,0.3412876120195172,0.2727783060097587,0.7618400643902501,0.7618400643902501,0.06930294250905195,0.9868995783278502,0.8728345000000001,0.049055499173417116
2,0.4,0.92,0.870976000000001,0.005375999999999997,0.029328484447717372,0.04790496889543472,4.440892098500626e-16,0.3438031422975001,0.2754535711487506,0.7679928279040017,0.7679928279040016,0.06693311465647898,0.987730957423501,0.876352000000001,0.04790496889543472
2,0.4,0.9225,0.8748452500000004,0.005045249999999994,0.0284119693087262,0.046733438617452494,1.1102230246251565e-16,0.34629767257548205,0.27813933628774135,0.7742072919902506,0.7742072919902506,0.06458069341293306,0.9885320957550967,0.8798905000000004,0.046733438617452494
2,0.4,0.925,0.8787250000000006,0.004724999999999984,0.027495454169735,0.04554090833947,2.220446049250313e-16,0.34877120285346463,0.2808356014267328,0.7804839025000011,0.7804839025000012,0.06224563737559563,0.9893032995642086,0.8834500000000006,0.04554090833947
2,0.4,0.9275,0.8826152500000004,0.004415250000000014,0.02657893903074392,0.0443273780614879,3.3306690738754696e-16,0.3512237331314467,0.28354236656572374,0.7868231079302507,0.7868231079302508,0.05992790333758289,0.990044874443438,0.8870305000000004,0.0443273780614879
2,0.4,0.93,0.8865160000000012,0.004115999999999994,0.025662423891752707,0.04309284778350553,5.551115123125783e-16,0.35365526340942965,0.2862596317047157,0.793225359424002,0.7932253594240022,0.05762744633418218,0.9907571252773312,0.8906320000000012,0.043092847783505306
2,0.4,0.9325,0.8904272500000006,0.003827249999999998,0.02474590875276153,0.04183731750552311,2.220446049250313e-16,0.3560657936874114,0.288987396843706,0.7996911107702509,0.799691110770251,0.05534421968860435,0.9914403561849564,0.8942545000000005,0.04183731750552311
2,0.4,0.935,0.8943490000000005,0.0035490000000000027,0.023829393613770383,0.04056078722754086,3.3306690738754696e-16,0.3584553239653938,0.29172566198269734,0.8062208184040008,0.8062208184040011,0.05307817505723449,0.9920948704641284,0.8978980000000005,0.04056078722754064
2,0.4,0.9375,0.8982812500000005,0.003281249999999995,0.022912878474779186,0.039263256949558345,2.220446049250313e-16,0.3608238542433764,0.29447442712168836,0.8128149414062509,0.812814941406251,0.05082926247438014,0.9927209705372617,0.9015625000000005,0.039263256949558345
2,0.4,0.9400000000000001,0.9022240000000006,0.003023999999999994,0.021996363335788013,0.037944726671576,2.220446049250313e-16,0.36317138452135866,0.29723369226067975,0.819473941504001,0.8194739415040011,0.04859743039650571,0.99331895789883,0.9052480000000006,0.037944726671576
2,0.4,0.9425,0.9061772500000004,0.0027772500000000032,0.02107984819679688,0.03660519639359383,2.220446049250313e-16,0.3654979147993407,0.3000034573996706,0.8261982830702508,0.8261982830702507,0.046382625745946295,0.9938891330644164,0.9089545000000003,0.03660519639359383
2,0.4,0.9450000000000001,0.910141,0.0025410000000000007,0.0201633330578057,0.03524466611561139,0.0,0.3678034450773229,0.3027837225386615,0.832988433124,0.8329884331239998,0.044184793954095074,0.9944317955213315,0.912682,0.03524466611561139
2,0.4,0.9475,0.9141152500000008,0.002315250000000012,0.01924681791881459,0.03386313583762912,5.551115123125783e-16,0.3700879753553057,0.3055744876776534,0.8398448613302515,0.8398448613302516,0.04200387900405884,0.994947243680781,0.9164305000000008,0.03386313583762912
2,0.4,0.9500000000000001,0.9181000000000005,0.002099999999999997,0.018330302779823348,0.032460605559646805,2.220446049250313e-16,0.372351505633288,0.3083757528166443,0.8467680400000009,0.8467680400000009,0.039839823472774046,0.9954357748315583,0.9202000000000005,0.032460605559646805
2,0.4,0.9525,0.9220952500000011,0.0018952500000000124,0.01741378764083226,0.03103707528166444,6.661338147750939e-16,0.3745940359112705,0.31118751795563604,0.8537584440902523,0.8537584440902523,0.03769256857258216,0.9958976850952472,0.9239905000000012,0.03103707528166444
2,0.4,0.9550000000000001,0.9261010000000007,0.0017009999999999953,0.016497272501841003,0.029592545003682025,3.3306690738754696e-16,0.3768155661892527,0.3140097830946268,0.8608165512040012,0.8608165512040014,0.03556205419225436,0.9963332693829072,0.9278020000000007,0.029592545003682025
2,0.4,0.9575,0.9301172500000003,0.0015172500000000017,0.015580757362849865,0.028127014725699784,2.220446049250313e-16,0.3790160964672349,0.3168425482336177,0.8679428415902507,0.8679428415902506,0.03344821893746928,0.9967428213532238,0.9316345000000004,0.028127014725699784
2,0.4,0.96,0.9341440000000001,0.0013440000000000058,0.014664242223858722,0.026640484447717494,1.1102230246251565e-16,0.381195626745217,0.3196858133726086,0.8751377981440002,0.8751377981440003,0.03135100017073168,0.997126633372101,0.9354880000000001,0.026640484447717494
2,0.4,0.9625,0.9381812500000006,0.0011812499999999937,0.013747727084867486,0.025132954169734933,2.220446049250313e-16,0.3833541570231995,0.3225395785116002,0.8824019064062513,0.8824019064062513,0.029270334050736486,0.9974849964736723,0.9393625000000007,0.025132954169734933
2,0.4,0.965,0.9422290000000009,0.001029000000000007,0.012831211945876397,0.023604423891752768,5.551115123125783e-16,0.385491687301182,0.3254038436505915,0.8897356545640017,0.8897356545640015,0.027206155571172223,0.9978182003227112,0.9432580000000009,0.023604423891752768
2,0.4,0.9675,0.9462872500000004,0.0008872499999999958,0.011914696806885158,0.022054893613770332,1.1102230246251565e-16,0.3876082175791642,0.32827860878958237,0.8971395334502507,0.8971395334502507,0.02515839859895965,0.9981265331784164,0.9471745000000004,0.022054893613770332
2,0.4,0.97,0.9503560000000005,0.000756,0.010998181667894019,0.02048436333578807,2.220446049250313e-16,0.38970374785714657,0.3311638739285736,0.904614036544001,0.904614036544001,0.023126995911930483,0.9984102818595497,0.9511120000000005,0.02048436333578807
2,0.4,0.9725,0.9544352500000005,0.0006352500000000025,0.010081666528902869,0.018892833057805758,3.3306690738754696e-16,0.3917782781351289,0.33405963906756475,0.9121596599702511,0.9121596599702508,0.02111187923593675,0.9986697317109051,0.9550705000000005,0.018892833057805758
2,0.4,0.975,0.9585250000000004,0.0005250000000000033,0.00916515138991171,0.017280302779823398,2.220446049250313e-16,0.39383180841311116,0.3369659042065558,0.9197769025000007,0.9197769025000008,0.019112979281396603,0.998905166571086,0.9590500000000004,0.017280302779823398
2,0.4,0.9775,0.9626252500000008,0.0004252499999999935,0.008248636250920451,0.01564677250184099,2.220446049250313e-16,0.39586433869109383,0.33988266934554723,0.9274662655502516,0.9274662655502515,0.017130225779272104,0.9991168687415665,0.9630505000000008,0.015646772501840767
2,0.4,0.98,0.9667360000000008,0.0003359999999999988,0.007332121111929333,0.013992242223858753,3.3306690738754696e-16,0.397875868969076,0.34280993448453856,0.9352282531840016,0.9352282531840014,0.01516354751648135,0.9993051189570166,0.9670720000000008,0.013992242223858753
2,0.4,0.9825,0.9708572500000006,0.00025725000000000005,0.0064156059729381775,0.012316711945876246,2.220446049250313e-16,0.39986639924705836,0.3457476996235296,0.943063372110251,0.943063372110251,0.013212872370741398,0.9994701963568662,0.9711145000000005,0.012316711945876468
2,0.4,0.985,0.9749890000000001,0.00018899999999999912,0.0054990908339469955,0.010620181667893913,0.0,0.40183592952504044,0.3486959647625203,0.9509721316840002,0.9509721316840002,0.011278127344847802,0.9996123784580866,0.9751780000000001,0.010620181667893913
2,0.4,0.9875,0.9791312500000009,0.00013124999999999937,0.004582575694955833,0.008902651389911753,4.440892098500626e-16,0.40378445980302313,0.35165472990151225,0.9589550439062519,0.9589550439062517,0.009359238600387187,0.9997319411291661,0.9792625000000009,0.008902651389911531
2,0.4,0.99,0.9832840000000006,8.400000000000024e-05,0.003666060555964678,0.0071641211119293224,3.3306690738754696e-16,0.40571199008100534,0.354623995040503,0.9670126234240012,0.9670126234240013,0.007456131490885764,0.9998291585652574,0.9833680000000006,0.0071641211119293224
2,0.4,0.9925,0.9874472500000012,4.724999999999876e-05,0.0027495454169734687,0.005404590833946843,5.551115123125783e-16,0.40761852035898793,0.3576037601794946,0.9751453875302525,0.9751453875302523,0.005568730594395139,0.9999043032644738,0.9874945000000013,0.005404590833946843
2,0.4,0.995,0.9916210000000005,2.1000000000000615e-05,0.001833030277982363,0.0036240605559647587,3.3306690738754696e-16,0.4095040506369698,0.36059402531848517,0.9833538561640011,0.983353856164001,0.0036969597455177613,0.9999576460053123,0.9916420000000006,0.0036240605559645367
2,0.4,0.9975,0.9958052500000006,5.2499999999998955e-06,0.0009165151389911591,0.0018225302779824037,3.3306690738754696e-16,0.4113685809149523,0.36359479045747656,0.9916385519102513,0.9916385519102514,0.0018407420668714752,0.9999894558251796,0.9958105000000006,0.0018225302779824037
2,0.4,1.0,1.0000000000000002,0.0,0.0,0.0,1.1102230246251565e-16,0.41321211119293455,0.3666060555964674,1.0000000000000004,1.0000000000000004,0.0,1.0,1.0000000000000002,0.0
2,0.5,0.0,0.2500000000000001,0.7500000000000004,0.4330127018922196,0.3660254037844388,0.43301270189221985,0.0,3.3306690738754696e-16,1.000000000000001,1.0000000000000013,0.8660254037844388,-0.5000000000000001,1.0000000000000004,0.36602540378443904
2,0.5,0.0025,0.2500046875000001,0.7462546875000001,0.4319301701374889,0.3638509652749775,0.430059857637489,0.002155688509461129,1.1102230246251565e-16,0.9925327422753912,0.9925327422753911,0.8671038506161889,-0.4981132548940881,0.9962593750000002,0.3638509652749775
2,0.5,0.005,0.25001875000000034,0.7425187500000004,0.43084763838275864,0.36165777676551647,0.4271163883827591,0.0042926270189223015,4.440892098500626e-16,0.9851306889062516,0.9851306889062516,0.8681740254302902,-0.4962029142475723,0.9925375000000007,0.36165777676551647
2,0.5,0.0075,0.2500421875000001,0.7387921875000006,0.42976510662802797,0.3594458382560557,0.4241822941280282,0.006410815528383296,3.3306690738754696e-16,0.977793421181642,0.9777934211816421,0.8692357739445044,-0.4942688202966246,0.9888343750000008,0.3594458382560557
2,0.5,0.01,0.2500750000000001,0.7350750000000008,0.4286825748732975,0.35721514974659474,0.42125757487329785,0.008510254037844334,4.440892098500626e-16,0.9705205225000018,0.9705205225000018,0.8702889405132155,-0.49231081561183604,0.9851500000000009,0.35721514974659474
2,0.5,0.0125,0.2501171875000001,0.7313671875000006,0.42760004311856686,0.3549657112371336,0.41834223061856735,0.010590942547305415,3.3306690738754696e-16,0.963311578369142,0.963311578369142,0.8713333681314418,-0.49032874313460173,0.9814843750000007,0.3549657112371336
2,0.5,0.015,0.2501687500000001,0.7276687500000004,0.42651751136383625,0.3526975227276723,0.4154362613638365,0.01265288105676654,2.220446049250313e-16,0.956166176406251,0.9561661764062509,0.8723688984393337,-0.4883224462142227,0.9778375000000006,0.3526975227276723
2,0.5,0.0175,0.25022968750000013,0.7239796875000002,0.42543497960910565,0.35041058421821103,0.41253966710910583,0.01469606956622771,1.1102230246251565e-16,0.9490839063378913,0.9490839063378913,0.8733953717271619,-0.48629176864572865,0.9742093750000003,0.35041058421821125
2,0.5,0.02,0.25030000000000013,0.7203000000000004,0.42435244785437515,0.34810489570875003,0.4096524478543754,0.0167205080756887,2.220446049250313e-16,0.9420643600000009,0.9420643600000009,0.8744126269408096,-0.4842365547084278,0.9706000000000006,0.34810489570875003
2,0.5,0.0225,0.2503796875000001,0.7166296875000007,0.4232699160996447,0.34578045719928907,0.4067746035996451,0.018726196585149957,4.440892098500626e-16,0.9351071313378921,0.9351071313378921,0.8754205016877822,-0.482156649205185,0.9670093750000008,0.34578045719928907
2,0.5,0.025,0.25046875000000013,0.7129687500000003,0.42218738434491404,0.34343726868982793,0.4039061343449142,0.020713135094611035,2.220446049250313e-16,0.9282118164062507,0.9282118164062507,0.8764188322437395,-0.4800518975024326,0.9634375000000004,0.3434372686898277
2,0.5,0.0275,0.2505671875000001,0.7093171875,0.4211048525901834,0.3410753301803666,0.40104704009018344,0.022681323604072157,0.0,0.9213780133691407,0.9213780133691408,0.8774074535595672,-0.47792214557091817,0.9598843750000001,0.3410753301803666
2,0.5,0.03,0.2506750000000001,0.7056749999999999,0.4200223208354528,0.33869464167090557,0.3981973208354528,0.0246307621135331,0.0,0.9146053225,0.9146053225,0.8783861992689973,-0.47576724002718657,0.95635,0.33869464167090535
2,0.5,0.0325,0.2507921875000001,0.7020421875000002,0.4189397890807224,0.33629520316144457,0.39535697658072255,0.02656145062299431,2.220446049250313e-16,0.9078933461816413,0.9078933461816413,0.879354901696787,-0.4735870281758044,0.9528343750000003,0.33629520316144457
2,0.5,0.035,0.25091875000000036,0.698418750000001,0.4178572573259922,0.33387701465198383,0.39252600732599285,0.02847338913245534,6.661338147750939e-16,0.9012416889062526,0.9012416889062526,0.8803133918674689,-0.471381358052326,0.9493375000000013,0.33387701465198383
2,0.5,0.0375,0.2510546875000001,0.6948046875000008,0.41677472557126144,0.3314400761425227,0.3897044130712619,0.030366577641916415,4.440892098500626e-16,0.8946499572753923,0.8946499572753923,0.8812614995146844,-0.46915007846700285,0.9458593750000008,0.3314400761425227
2,0.5,0.04,0.2512000000000001,0.6912000000000004,0.4156921938165308,0.32898438763306137,0.38689219381653106,0.03224101615137753,2.220446049250313e-16,0.888117760000001,0.8881177600000009,0.882199053091109,-0.46689303904923607,0.9424000000000005,0.32898438763306137
2,0.5,0.0425,0.2513546875000001,0.6876046875,0.4146096620618001,0.3265099491235999,0.3840893495618001,0.034096704660838695,1.1102230246251565e-16,0.881644707900391,0.881644707900391,0.8831258797789842,-0.46461009029277744,0.9389593750000002,0.3265099491235999
2,0.5,0.045,0.25151875000000035,0.6840187500000009,0.41352713030707,0.3240167606141393,0.3812958803070705,0.03593364317029968,6.661338147750939e-16,0.8752304139062522,0.8752304139062522,0.8840418055012641,-0.46230108360167277,0.9355375000000012,0.3240167606141393
2,0.5,0.0475,0.25169218750000033,0.6804421875000003,0.4124445985523393,0.3215048221046779,0.3785117860523395,0.03775183167976093,3.3306690738754696e-16,0.8688744930566418,0.8688744930566419,0.884946654933392,-0.45996587133695144,0.9321343750000006,0.3215048221046779
2,0.5,0.05,0.2518750000000001,0.6768750000000003,0.41136206679760856,0.318974133595217,0.37573706679760877,0.039551270189222,2.220446049250313e-16,0.8625765625000008,0.8625765625000009,0.8858402515157112,-0.45760430686406467,0.9287500000000004,0.318974133595217
2,0.5,0.0525,0.2520671875000001,0.6733171875000002,0.410279535042878,0.31642469508575566,0.37297172254287814,0.04133195869868311,2.220446049250313e-16,0.8563362414941413,0.8563362414941412,0.8867224174665319,-0.455216244601061,0.9253843750000004,0.3164246950857559
2,0.5,0.055,0.2522687500000001,0.6697687500000005,0.4091970032881475,0.3138565065762948,0.3702157532881478,0.04309389720814405,3.3306690738754696e-16,0.850153151406251,0.850153151406251,0.8875929737958538,-0.4528015400675137,0.9220375000000005,0.31385650657629505
2,0.5,0.0575,0.2524796875000001,0.6662296875000008,0.40811447153341707,0.3112695680668338,0.3674691590334176,0.04483708571760525,4.440892098500626e-16,0.8440269157128922,0.8440269157128922,0.8884517403197648,-0.45036004993418105,0.9187093750000008,0.3112695680668338
2,0.5,0.06,0.2527000000000001,0.6627000000000003,0.40703193977868635,0.3086638795573724,0.36473193977868656,0.046561524227066275,2.220446049250313e-16,0.8379571600000009,0.8379571600000008,0.8892985356755214,-0.44789163207341054,0.9154000000000004,0.3086638795573724
2,0.5,0.0625,0.2529296875000001,0.6591796875000008,0.40594940802395596,0.3060394410479117,0.3620040955239565,0.04826721273652734,4.440892098500626e-16,0.8319435119628923,0.8319435119628923,0.8901331773373244,-0.4453961456102786,0.9121093750000009,0.3060394410479117
2,0.5,0.065,0.2531687500000001,0.6556687500000004,0.4048668762692253,0.3033962525384504,0.35928562626922544,0.049954151245988454,2.220446049250313e-16,0.8259856014062509,0.8259856014062509,0.8909554816328004,-0.4428734509744592,0.9088375000000004,0.3033962525384504
2,0.5,0.0675,0.25341718750000036,0.6521671875000006,0.40378434451449496,0.3007343140289893,0.35657653201449546,0.05162233975544961,4.440892098500626e-16,0.8200830602441422,0.8200830602441423,0.8917652637601979,-0.44032340995282715,0.905584375000001,0.3007343140289893
2,0.5,0.07,0.2536750000000001,0.648675,0.4027018127597641,0.2980536255195281,0.353876812759764,0.05327177826491081,0.0,0.8142355225000002,0.8142355225000002,0.8925623378063147,-0.43774588574278256,0.9023500000000001,0.2980536255195281
2,0.5,0.0725,0.25394218750000036,0.6451921875000012,0.4016192810050341,0.29535418701006755,0.35118646850503477,0.05490246677437183,7.771561172376096e-16,0.8084426243066434,0.8084426243066434,0.8933465167651573,-0.4351407430062944,0.8991343750000016,0.29535418701006755
2,0.5,0.075,0.2542187500000003,0.6417187500000007,0.40053674925030336,0.29263599850060595,0.34850549925030383,0.05651440528383289,5.551115123125783e-16,0.8027040039062519,0.8027040039062519,0.8941176125573557,-0.4325078479246599,0.8959375000000009,0.29263599850060595
2,0.5,0.0775,0.2545046875000001,0.6382546875000005,0.3994542174955726,0.28989905999114507,0.34583390499557276,0.058107593793294,3.3306690738754696e-16,0.7970193016503917,0.7970193016503917,0.8948754360503295,-0.4298470682539739,0.8927593750000006,0.28989905999114507
2,0.5,0.08,0.25480000000000014,0.6348000000000006,0.3983716857408421,0.287143371481684,0.34317168574084245,0.05968203230275515,4.440892098500626e-16,0.7913881600000013,0.7913881600000011,0.8956197970792306,-0.4271582733812951,0.8896000000000007,0.287143371481684
2,0.5,0.0825,0.2551046875000001,0.6313546875000005,0.3972891539861115,0.28436893297222277,0.3405188414861118,0.06123772081221612,3.3306690738754696e-16,0.7858102235253916,0.7858102235253916,0.8963505044686594,-0.4244413343815109,0.8864593750000005,0.28436893297222277
2,0.5,0.085,0.25541875000000014,0.6279187500000006,0.396206622231381,0.2815757444627618,0.3378753722313814,0.06277465932167736,4.440892098500626e-16,0.7802851389062513,0.7802851389062513,0.8970673660551729,-0.42169612407488666,0.8833375000000008,0.28157574446276157
2,0.5,0.08750000000000001,0.2557421875000001,0.6244921875000008,0.3951240904766505,0.27876380595330064,0.33524127797665093,0.06429284783113842,5.551115123125783e-16,0.7748125549316423,0.7748125549316423,0.8977701887105922,-0.4189225170852937,0.8802343750000009,0.27876380595330064
2,0.5,0.09,0.2560750000000001,0.6210750000000004,0.3940415587219198,0.2759331174438393,0.3326165587219201,0.06579228634059953,2.220446049250313e-16,0.7693921225000009,0.7693921225000009,0.8984587783661165,-0.4161203898991051,0.8771500000000005,0.2759331174438393
2,0.5,0.0925,0.2564171875000001,0.6176671875000009,0.39295902696718943,0.2730836789343787,0.33000121446719,0.06727297485006067,5.551115123125783e-16,0.7640234946191424,0.7640234946191424,0.8991329400372566,-0.41328962092475385,0.874084375000001,0.2730836789343787
2,0.5,0.095,0.2567687500000001,0.6142687500000004,0.3918764952124587,0.2702154904249172,0.3273952452124589,0.06873491335952164,2.220446049250313e-16,0.7587063264062508,0.7587063264062508,0.8997924778495955,-0.4104300905529326,0.8710375000000005,0.2702154904249172
2,0.5,0.0975,0.2571296875000001,0.6108796875000005,0.3907939634577282,0.26732855191545624,0.32479865095772853,0.07017810186898288,4.440892098500626e-16,0.7534402750878918,0.7534402750878917,0.9004371950653827,-0.407541681217441,0.8680093750000006,0.26732855191545624
2,0.5,0.1,0.2575000000000001,0.6075000000000003,0.3897114317029976,0.26442286340599486,0.3222114317029978,0.07160254037844394,2.220446049250313e-16,0.7482250000000008,0.7482250000000006,0.9010668941109766,-0.40462427745664736,0.8650000000000004,0.26442286340599486
2,0.5,0.10250000000000001,0.25787968750000034,0.6041296875000003,0.3886288999482672,0.26149842489653374,0.31963358744826764,0.07300822888790504,3.3306690738754696e-16,0.7430601625878918,0.7430601625878916,0.9016813766051371,-0.40167776597557275,0.8620093750000006,0.26149842489653374
2,0.5,0.105,0.2582687500000001,0.6007687500000003,0.3875463681935365,0.2585552363870729,0.31706511819353667,0.07439516739736618,2.220446049250313e-16,0.7379454264062507,0.7379454264062507,0.9022804433881788,-0.39870203570856927,0.8590375000000003,0.2585552363870729
2,0.5,0.1075,0.2586671875000001,0.5974171875000004,0.386463836438806,0.25559329787761165,0.3145060239388062,0.07576335590682715,3.3306690738754696e-16,0.7328804571191415,0.7328804571191414,0.9028638945519962,-0.3956969778825833,0.8560843750000005,0.25559329787761165
2,0.5,0.11,0.2590750000000001,0.594075,0.38538130468407533,0.25261260936815044,0.3119563046840754,0.07711279441628838,1.1102230246251565e-16,0.7278649225000003,0.7278649225000002,0.9034315294709613,-0.39266248608099386,0.8531500000000001,0.2526126093681502
2,0.5,0.1125,0.25949218750000014,0.5907421875000002,0.38429877292934483,0.2496131708586895,0.30941596042934494,0.07844348292574943,1.1102230246251565e-16,0.7228984924316412,0.7228984924316411,0.9039831468337062,-0.3895984563080032,0.8502343750000003,0.24961317085868928
2,0.5,0.115,0.25991875000000014,0.5874187500000009,0.3832162411746145,0.2465949823492286,0.306884991174615,0.07975542143521053,5.551115123125783e-16,0.7179808389062518,0.7179808389062518,0.904518544675797,-0.3865047870535653,0.847337500000001,0.2465949823492286
2,0.5,0.11750000000000001,0.2603546875000001,0.5841046875000002,0.3821337094198837,0.2435580438397671,0.3043633969198839,0.08104860994467167,2.220446049250313e-16,0.7131116360253912,0.7131116360253912,0.9050375204133024,-0.38338137935883526,0.8444593750000003,0.2435580438397673
2,0.5,0.12,0.26080000000000014,0.5808,0.3810511776651531,0.24050235533030584,0.30185117766515324,0.08232304845413263,1.1102230246251565e-16,0.7082905600000002,0.7082905600000002,0.9055398708772648,-0.380228136882129,0.8416000000000001,0.24050235533030584
2,0.5,0.1225,0.26125468750000014,0.5775046875000005,0.37996864591042273,0.2374279168208453,0.2993483334104231,0.08357873696359386,3.3306690738754696e-16,0.7035172891503917,0.7035172891503917,0.9060253923490809,-0.37704496596535825,0.8387593750000006,0.2374279168208453
2,0.5,0.125,0.2617187500000001,0.5742187500000003,0.3788861141556921,0.23433472831138413,0.2968548641556923,0.08481567547305491,2.220446049250313e-16,0.6987915039062508,0.6987915039062508,0.9064938805967956,-0.3738317757009346,0.8359375000000004,0.2343347283113839
2,0.5,0.1275,0.2621921875000001,0.5709421875000006,0.3778035824009617,0.23122278980192323,0.2943707699009621,0.086033863982516,4.440892098500626e-16,0.6941128868066418,0.6941128868066418,0.9069451309123127,-0.3705884779991226,0.8331343750000006,0.23122278980192323
2,0.5,0.13,0.2626750000000003,0.5676750000000005,0.37672105064623124,0.2280921012924617,0.2918960506462316,0.08723330249197714,5.551115123125783e-16,0.6894811225000014,0.6894811225000014,0.9073789381495294,-0.36731498765580767,0.8303500000000008,0.22809210129246194
2,0.5,0.1325,0.2631671875,0.5644171875000003,0.37563851889150035,0.22494266278300068,0.2894307063915005,0.0884139910014381,2.220446049250313e-16,0.6848958977441411,0.6848958977441412,0.9077950967633971,-0.36401122242067485,0.8275843750000003,0.22494266278300068
2,0.5,0.135,0.26366875000000034,0.5611687500000005,0.37455598713677013,0.22177447427353947,0.2869747371367706,0.08957592951089932,5.551115123125783e-16,0.6803569014062514,0.6803569014062515,0.9081934008499122,-0.36067710306575523,0.8248375000000009,0.22177447427353947
2,0.5,0.1375,0.2641796875000001,0.5579296875,0.37347345538203924,0.2185875357640783,0.2845281428820394,0.09071911802036037,1.1102230246251565e-16,0.675863824462891,0.6758638244628908,0.9085736441870382,-0.357312553454338,0.8221093750000001,0.2185875357640783
2,0.5,0.14,0.2647000000000001,0.5547000000000002,0.37239092362730875,0.2153818472546174,0.2820909236273089,0.09184355652982146,2.220446049250313e-16,0.6714163600000005,0.6714163600000005,0.9089356202765647,-0.35391750061020255,0.8194000000000004,0.2153818472546174
2,0.5,0.14250000000000002,0.26522968750000037,0.5514796875000003,0.3713083918725784,0.2121574087451561,0.2796630793725787,0.09294924503928259,4.440892098500626e-16,0.6670142032128916,0.6670142032128917,0.9092791223869031,-0.35049187478716,0.8167093750000007,0.21215740874515587
2,0.5,0.145,0.2657687500000001,0.5482687500000005,0.37022586011784775,0.20891422023569528,0.27724461011784807,0.09403618354874355,4.440892098500626e-16,0.662657051406251,0.6626570514062511,0.9096039435968182,-0.34703560953887286,0.8140375000000006,0.20891422023569528
2,0.5,0.1475,0.2663171875000001,0.5450671875000005,0.3691433283631172,0.20565228172623407,0.2748355158631175,0.09510437205820477,4.440892098500626e-16,0.6583446039941415,0.6583446039941417,0.9099098768401028,-0.34354864178891803,0.8113843750000006,0.20565228172623407
2,0.5,0.15,0.26687500000000014,0.5418750000000001,0.36806079660838653,0.2023715932167729,0.27243579660838657,0.09615381056766581,2.220446049250313e-16,0.6540765625000005,0.6540765625000003,0.9101967149511874,-0.3400309119010817,0.8087500000000003,0.2023715932167729
2,0.5,0.1525,0.2674421875000003,0.5386921875000001,0.36697826485365614,0.19907215470731154,0.2700454523536564,0.0971844990771269,3.3306690738754696e-16,0.6498526305566413,0.6498526305566413,0.9104642507116903,-0.33648236374983964,0.8061343750000005,0.19907215470731154
2,0.5,0.155,0.26801875000000014,0.5355187500000005,0.36589573309892554,0.1957539661978509,0.2676644830989259,0.09819643758658803,4.440892098500626e-16,0.6456725139062509,0.645672513906251,0.9107122768979051,-0.3329029447910024,0.8035375000000007,0.1957539661978509
2,0.5,0.1575,0.2686046875000001,0.5323546875000003,0.3648132013441949,0.19241702768838964,0.2652928888441951,0.0991896260960492,2.220446049250313e-16,0.6415359204003912,0.6415359204003911,0.9109405863292249,-0.3292926061324896,0.8009593750000004,0.19241702768838964
2,0.5,0.16,0.2692000000000004,0.5292000000000001,0.3637306695894645,0.1890613391789282,0.26293066958946465,0.1001640646055102,3.3306690738754696e-16,0.6374425600000008,0.6374425600000008,0.9111489719174957,-0.32565130260520986,0.7984000000000004,0.1890613391789282
2,0.5,0.1625,0.26980468750000036,0.5260546875000005,0.3626481378347341,0.18568690066946747,0.2605778253347345,0.10111975311497146,5.551115123125783e-16,0.633392144775392,0.6333921447753921,0.9113372267173047,-0.3219789928340039,0.7958593750000009,0.18568690066946747
2,0.5,0.165,0.27041875000000015,0.5229187500000007,0.36156560608000343,0.18229371216000656,0.2582343560800038,0.10205669162443254,4.440892098500626e-16,0.6293843889062513,0.6293843889062514,0.9115051439771927,-0.3182756393086174,0.7933375000000008,0.18229371216000656
2,0.5,0.1675,0.27104218750000036,0.5197921875000007,0.36048307432527305,0.17888177365054547,0.2559002618252736,0.10297488013389366,6.661338147750939e-16,0.6254190086816422,0.6254190086816422,0.9116525171917889,-0.314541208454678,0.7908343750000011,0.17888177365054547
2,0.5,0.17,0.2716750000000001,0.5166750000000002,0.35940054257054216,0.1754510851410842,0.2535755425705424,0.10387431864335461,2.220446049250313e-16,0.6214957225000005,0.6214957225000005,0.9117791401548602,-0.3107756707046363,0.7883500000000003,0.1754510851410842
2,0.5,0.17250000000000001,0.2723171875000001,0.5135671875,0.35831801081581155,0.17200164663162276,0.2512601983158116,0.1047550071528156,1.1102230246251565e-16,0.6176142508691408,0.6176142508691409,0.9118848070132747,-0.30697900056862665,0.7858843750000001,0.17200164663162276
2,0.5,0.17500000000000002,0.27296875000000015,0.5104687500000001,0.35723547906108105,0.1685334581221618,0.2489542290610811,0.10561694566227686,2.220446049250313e-16,0.6137743164062505,0.6137743164062504,0.911969312321866,-0.30315117670522523,0.7834375000000002,0.16853345812216158
2,0.5,0.1775,0.27362968750000033,0.5073796875000006,0.35615294730635083,0.16504651961270111,0.24665763480635128,0.10646013417173794,6.661338147750939e-16,0.6099756438378922,0.6099756438378923,0.9120324510991956,-0.29929218199205365,0.7810093750000009,0.16504651961270111
2,0.5,0.18,0.27430000000000015,0.5043000000000007,0.35507041555162017,0.16154083110324002,0.24437041555162065,0.10728457268119906,5.551115123125783e-16,0.6062179600000013,0.6062179600000014,0.9120740188842018,-0.2954020035961988,0.7786000000000008,0.16154083110324002
2,0.5,0.1825,0.2749796875000001,0.5012296875000007,0.3539878837968896,0.15801639259377898,0.24209257129689,0.10809026119066001,5.551115123125783e-16,0.6025009938378919,0.602500993837892,0.9120938117937295,-0.2914806330444029,0.7762093750000009,0.15801639259377898
2,0.5,0.185,0.27566875000000035,0.49816875000000027,0.35290535204215906,0.1544732040843173,0.23982410204215943,0.10887719970012122,3.3306690738754696e-16,0.5988244764062509,0.5988244764062509,0.9120916265809262,-0.28752806629298755,0.7738375000000006,0.1544732040843173
2,0.5,0.1875,0.2763671875000001,0.4951171875000004,0.3518228202874284,0.15091126557485657,0.23756500778742862,0.10964538820958225,3.3306690738754696e-16,0.5951881408691413,0.5951881408691414,0.9120672606944974,-0.28354430379746853,0.7714843750000004,0.15091126557485657
2,0.5,0.19,0.27707500000000035,0.49207500000000054,0.35074028853269806,0.14733057706539543,0.23531528853269845,0.11039482671904355,4.440892098500626e-16,0.5915917225000014,0.5915917225000012,0.9120205123388095,-0.27952935058181105,0.7691500000000009,0.1473305770653952
2,0.5,0.1925,0.2777921875000001,0.48904218750000006,0.3496577567779672,0.1437311385559341,0.23307494427796727,0.11112551522850445,1.1102230246251565e-16,0.5880349586816409,0.588034958681641,0.9119511805348244,-0.2754832163073022,0.7668343750000002,0.1437311385559341
2,0.5,0.195,0.27851875000000037,0.4860187500000005,0.34857522502323696,0.14011295004647328,0.2308439750232374,0.11183745373796561,5.551115123125783e-16,0.5845175889062513,0.5845175889062513,0.9118590651818559,-0.271405915340974,0.7645375000000009,0.14011295004647328
2,0.5,0.1975,0.27925468750000015,0.4830046875000005,0.34749269326850624,0.13647601153701228,0.2286223807685066,0.1125306422474266,4.440892098500626e-16,0.5810393547753916,0.5810393547753915,0.9117439671201314,-0.267297466823547,0.7622593750000006,0.13647601153701228
2,0.5,0.2,0.28000000000000014,0.4800000000000003,0.3464101615137756,0.1328203230275511,0.2264101615137759,0.11320508075688784,3.3306690738754696e-16,0.5776000000000007,0.5776000000000008,0.9116056881941459,-0.2631578947368422,0.7600000000000005,0.13282032302755087
2,0.5,0.2025,0.2807546875000001,0.47700468750000047,0.34532762975904513,0.12914588451809017,0.2242073172590454,0.11386076926634892,4.440892098500626e-16,0.5741992704003915,0.5741992704003915,0.9114440313167881,-0.2589872279706209,0.7577593750000006,0.12914588451808995
2,0.5,0.20500000000000002,0.28151875000000015,0.47401875000000027,0.3442450980043145,0.12545269600862863,0.22201384800431478,0.11449770777581003,2.220446049250313e-16,0.5708369139062506,0.5708369139062507,0.9112588005342271,-0.25478550038879605,0.7555375000000004,0.12545269600862885
2,0.5,0.20750000000000002,0.2822921875000001,0.47104218750000043,0.343162566249584,0.1217407574991678,0.21982975374958424,0.11511589628527097,3.3306690738754696e-16,0.5675126805566414,0.5675126805566415,0.9110498010915372,-0.25055275089497964,0.7533343750000006,0.1217407574991678
2,0.5,0.21,0.28307500000000013,0.46807500000000024,0.3420800344948534,0.11801006898970656,0.21765503449485357,0.11571533479473217,2.220446049250313e-16,0.5642263225000005,0.5642263225000006,0.9108168394990434,-0.24628902349730414,0.7511500000000004,0.11801006898970634
2,0.5,0.2125,0.2838671875000001,0.4651171875000001,0.3409975027401228,0.11426063048024537,0.21548969024012288,0.1162960233041932,2.220446049250313e-16,0.5609775939941409,0.5609775939941409,0.910559723599368,-0.24199436737248342,0.7489843750000003,0.1142606304802456
2,0.5,0.215,0.28466875000000014,0.4621687500000005,0.3399149709853924,0.11049244197078467,0.21333372098539272,0.11685796181365427,4.440892098500626e-16,0.5577662514062509,0.5577662514062511,0.9102782626351572,-0.23766883692905105,0.7468375000000007,0.11049244197078445
2,0.5,0.2175,0.2854796875000001,0.45922968749999993,0.33883243923066164,0.10670550346132313,0.21118712673066165,0.11740115032311538,-5.551115123125783e-17,0.5545920532128905,0.5545920532128906,0.9099722673174663,-0.2333124918697309,0.744709375,0.10670550346132313
2,0.5,0.22,0.28630000000000017,0.4563000000000003,0.33774990747593125,0.10289981495186229,0.20904990747593155,0.11792558883257653,4.440892098500626e-16,0.5514547600000007,0.5514547600000007,0.9096415498947779,-0.2289253972528953,0.7426000000000005,0.10289981495186229
2,0.5,0.2225,0.2871296875000001,0.45337968750000046,0.33666737572120076,0.09907537644240128,0.206922063221201,0.11843127734203773,4.440892098500626e-16,0.5483541344628915,0.5483541344628916,0.9092859242226352,-0.22450762355304438,0.7405093750000006,0.09907537644240128
2,0.5,0.225,0.2879687500000001,0.4504687500000005,0.3355848439664702,0.09523218793294008,0.20480359396647052,0.11891821585149875,3.3306690738754696e-16,0.5452899414062509,0.5452899414062508,0.9089052058338586,-0.22005924672027122,0.7384375000000005,0.09523218793294008
2,0.5,0.2275,0.2888171875000001,0.4475671875,0.3345023122117395,0.09137024942347871,0.20269449971173947,0.11938640436095982,1.1102230246251565e-16,0.5422619477441408,0.5422619477441409,0.9084992120093245,-0.21558034823864902,0.7363843750000001,0.09137024942347871
2,0.5,0.23,0.2896750000000001,0.444675,0.33341978045700893,0.0874895609140176,0.20059478045700896,0.11983584287042093,1.1102230246251565e-16,0.5392699225000002,0.5392699225000002,0.9080677618492787,-0.21107101518349547,0.7343500000000001,0.0874895609140176
2,0.5,0.2325,0.2905421875000001,0.4417921875,0.3323372487022784,0.08359012240455654,0.19850443620227842,0.12026653137988208,0.0,0.5363136368066408,0.5363136368066407,0.9076106763451554,-0.20653134027745162,0.7323343750000001,0.08359012240455677
2,0.5,0.23500000000000001,0.2914187500000004,0.4389187500000007,0.33125471694754827,0.07967193389509575,0.19642346694754886,0.12067846988934328,6.661338147750939e-16,0.5333928639062516,0.5333928639062515,0.907127778451874,-0.20196142194533362,0.7303375000000011,0.07967193389509575
2,0.5,0.23750000000000002,0.2923046875000001,0.43605468750000026,0.3301721851928174,0.07573499538563455,0.1943518726928175,0.1210716583988043,2.220446049250313e-16,0.5305073791503911,0.530507379150391,0.9066188931605835,-0.19736136436769297,0.7283593750000004,0.07573499538563455
2,0.5,0.24,0.2932000000000001,0.43320000000000036,0.3290896534380869,0.07177930687617362,0.19228965343808713,0.12144609690826536,2.220446049250313e-16,0.5276569600000006,0.5276569600000007,0.9060838475718245,-0.19273127753303987,0.7264000000000005,0.07177930687617362
2,0.5,0.2425,0.29410468750000013,0.4303546875000005,0.3280071216833564,0.06780486836671251,0.19023680918335673,0.12180178541772646,3.3306690738754696e-16,0.5248413860253915,0.5248413860253914,0.9055224709690758,-0.18807127728866824,0.7244593750000006,0.06780486836671251
2,0.5,0.245,0.2950187500000001,0.42751875000000006,0.32692458992862566,0.06381167985725122,0.18819333992862575,0.12213872392718761,1.1102230246251565e-16,0.5220604389062502,0.5220604389062503,0.9049345948926543,-0.18338148539003152,0.7225375000000002,0.06381167985725122
2,0.5,0.2475,0.2959421875000001,0.4246921875000002,0.32584205817389517,0.0597997413477902,0.1861592456738953,0.12245691243664858,2.220446049250313e-16,0.5193139024316411,0.5193139024316411,0.9043200532139339,-0.1786620295486182,0.7206343750000004,0.0597997413477902
2,0.5,0.25,0.2968750000000001,0.42187500000000033,0.32475952641916467,0.055769052838329,0.18413452641916495,0.12275635094610982,2.220446049250313e-16,0.5166015625000007,0.5166015625000007,0.9036786822098489,-0.17391304347826103,0.7187500000000004,0.055769052838329225
2,0.5,0.2525,0.2978171875000001,0.41906718750000044,0.32367699466443417,0.05171961432886807,0.18211918216443446,0.12303703945557087,4.440892098500626e-16,0.5139232071191414,0.5139232071191415,0.9030103206376453,-0.16913466693983986,0.7168843750000005,0.05171961432886829
2,0.5,0.255,0.29876875000000014,0.41626875,0.32259446290970345,0.04765142581940651,0.1801132129097036,0.12329897796503198,1.1102230246251565e-16,0.5112786264062502,0.5112786264062501,0.9023148098098446,-0.16432704578431184,0.7150375000000002,0.047651425819406734
2,0.5,0.2575,0.2997296875000001,0.41347968750000014,0.32151193115497295,0.043564487309945665,0.17811661865497308,0.1235421664744929,0.0,0.508667612587891,0.508667612587891,0.9015919936693845,-0.15949033199402352,0.7132093750000003,0.043564487309945665
2,0.5,0.26,0.3007000000000002,0.4107000000000001,0.3204293994002424,0.03945879880048442,0.17612939940024264,0.12376660498395409,2.220446049250313e-16,0.5060899600000004,0.5060899600000004,0.9008417188648926,-0.1546246837222377,0.7114000000000003,0.03945879880048442
2,0.5,0.2625,0.3016796875000002,0.40792968749999997,0.3193468676455118,0.035334360291023215,0.17415155514551184,0.1239722934934151,2.220446049250313e-16,0.5035454650878908,0.5035454650878908,0.9000638348260598,-0.14973026533083755,0.7096093750000001,0.035334360291023215
2,0.5,0.265,0.3026687500000001,0.40516875000000036,0.3182643358907814,0.0311911717815625,0.17218308589078157,0.12415923200287637,3.3306690738754696e-16,0.5010339264062506,0.5010339264062508,0.8992581938390696,-0.1448072474261397,0.7078375000000005,0.0311911717815625
2,0.5,0.2675,0.30366718750000016,0.40241718749999994,0.3171818041360507,0.02702923327210094,0.17022399163605073,0.12432742051233747,0.0,0.49855514461914074,0.4985551446191407,0.8984246511220437,-0.1398558068927666,0.7060843750000001,0.02702923327210094
2,0.5,0.27,0.3046750000000002,0.39967500000000034,0.3160992723813203,0.02284854476264009,0.16827427238132053,0.12447685902179861,4.440892098500626e-16,0.4961089225000007,0.4961089225000007,0.8975630649004617,-0.13487612692553425,0.7043500000000005,0.02284854476264009
2,0.5,0.2725,0.30569218750000043,0.3969421875000005,0.31501674062658996,0.01864910625317906,0.16633392812659042,0.1246075475312598,5.551115123125783e-16,0.49369506493164184,0.4936950649316418,0.8966732964825114,-0.12986839705928127,0.7026343750000009,0.01864910625317906
2,0.5,0.275,0.3067187500000002,0.3942187500000002,0.31393420887185913,0.014430917743717853,0.1644029588718594,0.1247194860407208,3.3306690738754696e-16,0.4913133789062505,0.4913133789062505,0.8957552103343278,-0.12483281319661155,0.7009375000000004,0.014430917743717853
2,0.5,0.2775,0.3077546875000002,0.39150468750000056,0.31285167711712875,0.010193979234257133,0.16248136461712903,0.12481267455018186,5.551115123125783e-16,0.4889636735253916,0.48896367352539166,0.8948086741550757,-0.11976957763347873,0.6992593750000007,0.010193979234257355
2,0.5,0.28,0.30880000000000013,0.38880000000000015,0.311769145362398,0.005938290724795792,0.1605691453623982,0.12488711305964295,2.220446049250313e-16,0.48664576000000037,0.48664576000000037,0.8938335589518289,-0.11467889908256879,0.6976000000000002,0.005938290724795792
2,0.5,0.28250000000000003,0.3098546875000002,0.3861046875,0.3106866136076674,0.0016638522153344937,0.15866630110766755,0.12494280156910387,2.220446049250313e-16,0.48435945165039085,0.48435945165039096,0.8928297391142043,-0.1095609926944367,0.6959593750000002,0.0016638522153342716
2,0.5,0.28500000000000003,0.3109187500000002,0.38341874999999986,0.3096040818529368,0.0,0.1567728318529369,0.12497974007856505,0.0,0.48210456390625006,0.48210456390625,0.8917970924887012,-0.10441608007633124,0.6943375,-0.0026293362941266496
2,0.5,0.28750000000000003,0.3119921875000002,0.3807421875000002,0.3085215500982064,0.0,0.15488873759820665,0.12499792858802605,3.3306690738754696e-16,0.47988091430664126,0.4798809143066412,0.8907355004526988,-0.09924438930867263,0.6927343750000003,-0.006941274803587638
2,0.5,0.29,0.3130750000000001,0.3780750000000002,0.30743901834347587,0.0,0.15301401834347605,0.12499736709748732,2.220446049250313e-16,0.47768832250000043,0.4776883225000005,0.8896448479880654,-0.09404615495912616,0.6911500000000004,-0.011271963313048472
2,0.5,0.2925,0.31416718750000017,0.37541718750000047,0.3063564865887454,0.0,0.15114867408874577,0.12497805560694841,4.440892098500626e-16,0.4755266102441415,0.47552661024414156,0.8885250237543307,-0.08882161809423283,0.6895843750000006,-0.015621401822509595
2,0.5,0.295,0.3152687500000001,0.3727687500000002,0.30527395483401476,0.0,0.1492927048340149,0.12493999411640955,2.220446049250313e-16,0.4733956014062504,0.4733956014062504,0.8873759201613709,-0.08357102628853813,0.6880375000000003,-0.019989590331970675
2,0.5,0.2975,0.3163796875000002,0.3701296875000002,0.3041914230792842,0.0,0.14744611057928436,0.1248831826258705,2.220446049250313e-16,0.47129512196289103,0.4712951219628911,0.886197433441558,-0.07829463363118677,0.6865093750000004,-0.024376528841432044
2,0.5,0.3,0.31750000000000034,0.3675000000000003,0.3031088913245539,0.0,0.14560889132455412,0.12480762113533173,4.440892098500626e-16,0.4692250000000009,0.4692250000000009,0.8849894637213243,-0.07299270072992697,0.6850000000000007,-0.028782217350892925
2,0.5,0.3025,0.3186296875000004,0.36487968750000027,0.3020263595698233,0.0,0.14378104706982364,0.12471330964479277,4.440892098500626e-16,0.4671850657128916,0.46718506571289153,0.8837519150920877,-0.06766549471249,0.6835093750000008,-0.033206655860354095
2,0.5,0.305,0.3197687500000004,0.36226875000000053,0.3009438278150929,0.0,0.14196257781509325,0.12460024815425386,6.661338147750939e-16,0.4651751514062512,0.46517515140625126,0.8824846956804939,-0.062313289225299384,0.682037500000001,-0.037649844369815
2,0.5,0.3075,0.32091718750000037,0.35966718750000026,0.2998612960603622,0.0,0.1401534835603625,0.12446843666371499,4.440892098500626e-16,0.4631950914941415,0.46319509149414145,0.8811877177179154,-0.05693636442946526,0.6805843750000007,-0.042111782879276416
2,0.5,0.31,0.32207500000000017,0.35707500000000025,0.2987787643056315,0.0,0.13835376430563173,0.12431787517317594,2.220446049250313e-16,0.4612447225000005,0.46124472250000054,0.8798608976091624,-0.051535006994036736,0.6791500000000004,-0.046592471388737455
2,0.5,0.3125,0.32324218750000017,0.3544921875000002,0.29769623255090094,0.0,0.13656342005090116,0.12414856368263716,3.3306690738754696e-16,0.4593238830566412,0.4593238830566412,0.8785041560003526,-0.04610951008645536,0.6777343750000004,-0.05109190989819845
2,0.5,0.315,0.3244187500000002,0.3519187500000002,0.2966137007961704,0.0,0.13478245079617057,0.1239605021920982,4.440892098500626e-16,0.45743241390625056,0.45743241390625067,0.8771174178458837,-0.04066017336019373,0.6763375000000005,-0.055610098407659514
2,0.5,0.3175,0.3256046875000001,0.3493546875000001,0.2955311690414398,0.0,0.13301085654143985,0.12375369070155928,1.1102230246251565e-16,0.45557015790039085,0.4555701579003909,0.875700612474461,-0.035187302939528764,0.6749593750000003,-0.060147036917120755
2,0.5,0.32,0.32680000000000037,0.34680000000000033,0.2944486372867095,0.0,0.13124863728670988,0.12352812921102041,4.440892098500626e-16,0.45373696000000097,0.45373696000000097,0.8742536736541248,-0.02969121140142511,0.6736000000000006,-0.06470272542658184
2,0.5,0.3225,0.3280046875000001,0.34425468750000043,0.29336610553197884,0.0,0.1294957930319791,0.12328381772048158,3.3306690738754696e-16,0.45193266727539133,0.4519326672753913,0.872776539656226,-0.02417221775449435,0.6722593750000005,-0.06927716393604255
2,0.5,0.325,0.32921875000000017,0.34171875000000057,0.29228357377724834,0.0,0.12775232377724866,0.12302075622994257,5.551115123125783e-16,0.450157128906251,0.4501571289062509,0.8712691533182987,-0.018630647414998203,0.6709375000000007,-0.07387035244550366
2,0.5,0.3275,0.33044218750000015,0.3391921875000003,0.2912010420225177,0.0,0.12601822952251795,0.12273894473940361,3.3306690738754696e-16,0.44841019618164124,0.44841019618164113,0.8697314621057722,-0.013066832179874532,0.6696343750000004,-0.07848229095496484
2,0.5,0.33,0.33167500000000044,0.3366750000000004,0.2901185102677873,0.0,0.12429351026778779,0.12243838324886491,5.551115123125783e-16,0.44669172250000105,0.44669172250000105,0.8681634181724752,-0.007481110196753182,0.6683500000000009,-0.08311297946442642
2,0.5,0.3325,0.33291718750000016,0.33416718750000013,0.2890359785130565,0.0,0.12257816601305671,0.12211907175832581,3.3306690738754696e-16,0.44500156336914104,0.4450015633691411,0.866564978419878,-0.0018738259309400984,0.6670843750000003,-0.08776241797388729
2,0.5,0.335,0.3341687500000002,0.33166875000000023,0.287953446758326,0.0,0.12087219675832617,0.12178101026778698,4.440892098500626e-16,0.44333957640625055,0.4433395764062506,0.8649361045550178,0.0037546698706515946,0.6658375000000004,-0.08743060648334844
2,0.5,0.3375,0.3354296875000002,0.3291796875000001,0.2868709150035954,0.0,0.1191756025035956,0.1214241987772482,2.220446049250313e-16,0.44170562133789093,0.44170562133789104,0.86327676314706,0.009404020218643616,0.6646093750000003,-0.08461754499280938
2,0.5,0.34,0.3367000000000002,0.3267000000000002,0.2857883832488649,0.0,0.11748838324886512,0.12104863728670923,3.3306690738754696e-16,0.4400995600000006,0.44009956000000056,0.8615869256824381,0.015073861923424747,0.6634000000000004,-0.08182323350227061
2,0.5,0.3425,0.3379796875000001,0.3242296875000002,0.28470585149413435,0.0,0.11581053899413452,0.1206543257961703,3.3306690738754696e-16,0.4385212563378911,0.4385212563378912,0.8598665686185256,0.020763825640493172,0.6622093750000003,-0.0790476720117318
2,0.5,0.34500000000000003,0.3392687500000001,0.32176875000000005,0.28362331973940375,0.0,0.11414206973940377,0.12024126430563142,1.1102230246251565e-16,0.43697057640625026,0.43697057640625026,0.8581156734357844,0.026473535918915436,0.6610375000000002,-0.0762908605211925
2,0.5,0.34750000000000003,0.3405671875000004,0.3193171875000002,0.28254078798467336,0.0,0.11248297548467368,0.11980945281509259,4.440892098500626e-16,0.43544738836914143,0.4354473883691414,0.8563342266883439,0.03220261125291862,0.6598843750000006,-0.07355279903065381
2,0.5,0.35000000000000003,0.34187500000000004,0.3168750000000002,0.2814582562299427,0.0,0.11083325622994278,0.11935889132455357,1.1102230246251565e-16,0.4339515625000003,0.4339515625000002,0.8545222200529567,0.03795066413662218,0.6587500000000002,-0.07083348754011498
2,0.5,0.3525,0.34319218750000013,0.31444218750000014,0.28037572447521214,0.0,0.1091929119752123,0.1188895798340146,2.220446049250313e-16,0.43248297118164103,0.4324829711816411,0.852679650376281,0.043717301121918906,0.6576343750000002,-0.0681329260495761
2,0.5,0.355,0.34451875000000043,0.3120187500000003,0.27929319272048175,0.0,0.10756194272048214,0.1184015183434759,4.440892098500626e-16,0.43104148890625094,0.4310414889062509,0.850806519720447,0.04950212287950062,0.6565375000000007,-0.06545111455903696
2,0.5,0.3575,0.3458546875000002,0.30960468750000003,0.278210660965751,0.0,0.10594034846575107,0.11789470685293679,2.220446049250313e-16,0.42962699227539086,0.42962699227539086,0.8489028354068501,0.055304724263041005,0.6554593750000002,-0.0627880530684981
2,0.5,0.36,0.3472000000000001,0.30720000000000014,0.2771281292110205,0.0,0.10432812921102053,0.11736914536239795,2.220446049250313e-16,0.42823936000000035,0.4282393600000004,0.8469686100581306,0.061124694376528066,0.6544000000000003,-0.06014374157795932
2,0.5,0.3625,0.3485546875000001,0.3048046875000002,0.27604559745629,0.0,0.10272528495629019,0.11682483387185894,2.220446049250313e-16,0.42687847290039105,0.4268784729003911,0.84500386163829,0.06696161664474454,0.6533593750000004,-0.05751818008742049
2,0.5,0.365,0.3499187500000002,0.30241875000000024,0.27496306570155943,0.0,0.1011318157015596,0.11626177238132018,3.3306690738754696e-16,0.4255442139062505,0.4255442139062504,0.8430086134908977,0.07281506888688744,0.6523375000000005,-0.05491136859688173
2,0.5,0.3675,0.3512921875000002,0.30004218750000033,0.27388053394682893,0.0,0.09954772144682922,0.11567996089078125,4.440892098500626e-16,0.4242364680566413,0.4242364680566413,0.8409828943753467,0.0786846233933221,0.6513343750000005,-0.05232330710634292
2,0.5,0.37,0.3526750000000001,0.29767500000000047,0.27279800219209843,0.0,0.0979730021920987,0.11507939940024237,4.440892098500626e-16,0.4229551225000007,0.4229551225000008,0.8389267385011091,0.084569847005458,0.6503500000000006,-0.04975399561580418
2,0.5,0.3725,0.35406718750000016,0.2953171875000001,0.2717154704373677,0.0,0.09640765793736783,0.11446008790970352,1.1102230246251565e-16,0.4217000664941409,0.4217000664941409,0.8368401855599548,0.09047030119873156,0.6493843750000002,-0.04720343412526484
2,0.5,0.375,0.35546875000000006,0.29296875000000017,0.2706329386826372,0.0,0.09485168868263738,0.1138220264191645,2.220446049250313e-16,0.4204711914062503,0.4204711914062504,0.8347232807560856,0.09638554216867451,0.6484375000000002,-0.044671622634726016
2,0.5,0.3775,0.3568796875000004,0.2906296875000003,0.2695504069279068,0.0,0.09330509442790713,0.11316521492862575,4.440892098500626e-16,0.41926839071289146,0.41926839071289146,0.832576074834149,0.10231512092006395,0.6475093750000007,-0.04215856114418681
2,0.5,0.38,0.35830000000000023,0.2883000000000004,0.2684678751731762,0.0,0.09176787517317653,0.11248965343808681,5.551115123125783e-16,0.4180915600000008,0.4180915600000008,0.8303986241050911,0.10825858335910882,0.6466000000000006,-0.03966424965364845
2,0.5,0.3825,0.35972968750000023,0.2859796875,0.2673853434184455,0.0,0.09024003091844568,0.1117953419475477,2.220446049250313e-16,0.41694059696289093,0.41694059696289093,0.8281909904698082,0.11421547038867169,0.6457093750000003,-0.03718868816310916
2,0.5,0.385,0.3611687500000004,0.28366875000000047,0.2663028116637153,0.0,0.08872156166371581,0.11108228045700907,6.661338147750939e-16,0.4158154014062512,0.4158154014062512,0.8259532414405643,0.1201853180064743,0.6448375000000008,-0.03473187667257038
2,0.5,0.3875,0.3626171875000001,0.2813671875000001,0.26522027990898445,0.0,0.08721246740898458,0.11035046896647005,1.1102230246251565e-16,0.4147158752441409,0.4147158752441409,0.8236854501601357,0.12616765740628405,0.6439843750000003,-0.03229381518203134
2,0.5,0.39,0.36407500000000015,0.27907499999999985,0.2641377481542538,0.0,0.08571274815425378,0.10959990747593107,0.0,0.41364192250000004,0.41364192250000004,0.8213876954186544,0.13216201508201864,0.64315,-0.02987450369149225
2,0.5,0.3925,0.3655421875000002,0.27679218750000034,0.26305521639952345,0.0,0.08422240389952373,0.10883059598539213,4.440892098500626e-16,0.4125934493066413,0.4125934493066414,0.8190600616681093,0.13816791293475433,0.6423343750000006,-0.027473942200953783
2,0.5,0.395,0.36701875000000045,0.2745187500000002,0.26197268464479295,0.0,0.08274143464479333,0.10804253449485346,4.440892098500626e-16,0.4115703639062508,0.4115703639062508,0.8167026390344841,0.14418486838259675,0.6415375000000006,-0.025092130710414495
2,0.5,0.3975,0.36850468750000026,0.2722546875000002,0.2608901528900623,0.0,0.08126984039006246,0.10723572300431439,4.440892098500626e-16,0.4105725766503912,0.4105725766503912,0.8143155233274959,0.15021239447335438,0.6407593750000005,-0.02272906921987594
2,0.5,0.4,0.3700000000000003,0.2700000000000001,0.2598076211353317,0.0,0.0798076211353318,0.10641016151377536,2.220446049250313e-16,0.4096000000000004,0.40960000000000035,0.811898816047911,0.15625000000000022,0.6400000000000003,-0.020384757729336678
2,0.5,0.4025,0.37150468750000026,0.26775468750000003,0.2587250893806011,0.0,0.07835477688060133,0.1055658500232366,2.220446049250313e-16,0.40865254852539096,0.408652548525391,0.8094526243924104,0.16229718961884632,0.6392593750000003,-0.018059196238797814
2,0.5,0.405,0.37301875000000023,0.26551875000000025,0.2576425576258707,0.0,0.07691130762587095,0.10470278853269765,4.440892098500626e-16,0.40773013890625065,0.4077301389062506,0.8069770612559811,0.1683534639704009,0.6385375000000004,-0.01575238474825902
2,0.5,0.40750000000000003,0.3745421875000001,0.26329218750000016,0.2565600258711401,0.0,0.07547721337114022,0.10382097704215876,2.220446049250313e-16,0.406832689931641,0.406832689931641,0.8044722452318126,0.1744183198028484,0.6378343750000003,-0.01346432325772029
2,0.5,0.41000000000000003,0.37607500000000016,0.2610749999999999,0.2554774941164094,0.0,0.07405249411640946,0.1029204155516199,1.1102230246251565e-16,0.40596012250000013,0.4059601225000002,0.8019383006086773,0.18049125009809341,0.6371500000000001,-0.011195011767180962
2,0.5,0.41250000000000003,0.37761718750000045,0.2588671875000001,0.2543949623616791,0.0,0.07263714986167935,0.1020011040610811,4.440892098500626e-16,0.4051123596191414,0.40511235961914144,0.7993753573657763,0.18657174420031958,0.6364843750000005,-0.008944450276642146
2,0.5,0.41500000000000004,0.3791687500000004,0.2566687500000002,0.2533124306069486,0.0,0.07123118060694889,0.1010630425705421,4.440892098500626e-16,0.4042893264062508,0.4042893264062508,0.796783551165033,0.1926592879469991,0.6358375000000006,-0.006712638786103398
2,0.5,0.4175,0.3807296875000002,0.2544796875000002,0.2522298988522179,0.0,0.06983458635221806,0.10010623108000316,2.220446049250313e-16,0.4034909500878911,0.40349095008789104,0.7941630233408244,0.19875336380228942,0.6352093750000004,-0.004499577295564605
2,0.5,0.42,0.38230000000000014,0.2523000000000004,0.2511473670974875,0.0,0.06844736709748778,0.09913066958946426,4.440892098500626e-16,0.4027171600000007,0.4027171600000007,0.7915139208871329,0.20485345099275076,0.6346000000000005,-0.002305265805025769
2,0.5,0.4225,0.38387968750000023,0.2501296875,0.2500648353427567,0.0,0.0670695228427568,0.0981363580989254,2.220446049250313e-16,0.40196788758789087,0.40196788758789087,0.7888363964421082,0.21095902564532304,0.6340093750000002,-0.00012970431448655617
2,0.5,0.425,0.38546875000000036,0.24796875000000024,0.2489823035880264,0.0020271071760522563,0.06570105358802669,0.09712329660838659,0.000749148304193592,0.4012430664062508,0.40124306640625074,0.7861306082700382,0.21706956092747903,0.6334375000000005,0.0020271071760524784
2,0.5,0.4275,0.38706718750000013,0.24581718750000006,0.24789977183329565,0.0041651686665911125,0.06434195933329567,0.0960914851178476,0.001555117558923902,0.4005426321191409,0.4005426321191408,0.7833967202407093,0.2231845271895045,0.6328843750000002,0.0041651686665911125
2,0.5,0.43,0.38867500000000016,0.2436750000000002,0.24681724007856518,0.006284480157130012,0.06299224007856541,0.09504092362730865,0.002370461813654523,0.39986652250000043,0.39986652250000043,0.7806349018061676,0.22930339210880024,0.6323500000000004,0.006284480157130012
2,0.5,0.4325,0.3902921875000001,0.24154218750000025,0.24573470832383465,0.008385041647668734,0.06165189582383479,0.09397161213676974,0.0031951810683850113,0.3992146774316411,0.399214677431641,0.7778453279748653,0.23542562083615626,0.6318343750000004,0.008385041647668734
2,0.5,0.435,0.3919187500000002,0.2394187500000003,0.24465217656910412,0.010466853138207721,0.06032092656910437,0.09288355064623088,0.004029275323115811,0.3985870389062507,0.3985870389062507,0.7750281792832009,0.24155067614390047,0.6313375000000006,0.010466853138207721
2,0.5,0.4375,0.39355468750000017,0.23730468750000006,0.24356964481437346,0.012529914628746752,0.0589993323143736,0.09177673915569207,0.004872744577846144,0.39798355102539096,0.39798355102539096,0.7721836417644531,0.24767801857585153,0.6308593750000002,0.012529914628746752
2,0.5,0.44,0.3952000000000002,0.2352000000000001,0.24248711305964293,0.014574226119285605,0.057687113059643025,0.09065117766515307,0.005725588832576789,0.3974041600000004,0.39740416000000045,0.7693119069151104,0.2538071065989848,0.6304000000000003,0.014574226119285605
2,0.5,0.4425,0.3968546875000002,0.2331046875,0.24140458130491232,0.016599787609824723,0.05638426880491243,0.08950686617461412,0.00658780808730719,0.39684881415039086,0.39684881415039097,0.7664131716586081,0.25993739675673555,0.6299593750000002,0.016599787609824723
2,0.5,0.445,0.39851875000000014,0.23101875000000024,0.2403220495501819,0.01860659910036322,0.055090799550182146,0.08834380468407543,0.007459402342037791,0.39631746390625056,0.39631746390625056,0.7634876383064766,0.26606834382383854,0.6295375000000004,0.01860659910036322
2,0.5,0.4475,0.4001921875000001,0.22894218750000023,0.23923951779545136,0.020594660590902203,0.05380670529545162,0.08716199319353635,0.00834037159676837,0.3958100618066411,0.3958100618066411,0.7605355145169147,0.2721994009626318,0.6291343750000002,0.020594660590902425
2,0.5,0.45,0.40187500000000026,0.22687500000000002,0.2381569860407207,0.022563972081441452,0.052531986040720846,0.0859614317029973,0.009230715851499038,0.3953265625000003,0.3953265625000003,0.757557013250801,0.27833001988071593,0.6287500000000003,0.02256397208144123
2,0.5,0.4525,0.4035671875000002,0.22481718749999996,0.2370744542859901,0.0245145335719803,0.051266641785990164,0.08474212021245853,0.010130435106229463,0.3948669227441408,0.3948669227441408,0.7545523527251613,0.28445965098989007,0.6283843750000002,0.0245145335719803
2,0.5,0.455,0.40526875000000046,0.22276875000000015,0.23599192253125978,0.026446345062519194,0.050010672531260125,0.0835040587219198,0.01103952936096031,0.39443110140625076,0.3944311014062507,0.751521756364101,0.2905877435662682,0.6280375000000006,0.026446345062519194
2,0.5,0.4575,0.40697968750000024,0.2207296875,0.23490939077652903,0.02835940655305813,0.04876407827652918,0.08224724723138066,0.01195799861569058,0.39401905946289095,0.39401905946289095,0.7484654527472333,0.2967137459114741,0.6277093750000002,0.02835940655305813
2,0.5,0.46,0.4087000000000004,0.21870000000000014,0.23382685902179862,0.03025371804359689,0.04752685902179887,0.08097168574084179,0.012885842870421271,0.39363076000000063,0.39363076000000063,0.7453836755556214,0.3028371055148233,0.6274000000000005,0.03025371804359711
2,0.5,0.4625,0.41042968750000014,0.21667968750000033,0.23274432726706812,0.03212927953413569,0.046299014767068325,0.07967737425030297,0.01382306212515183,0.39326616821289123,0.39326616821289123,0.7422766635152533,0.3089572692163941,0.6271093750000005,0.03212927953413569
2,0.5,0.465,0.41216875000000014,0.21466875000000005,0.23166179551233743,0.03398609102467476,0.04508054551233753,0.07836431275976397,0.014769656379882146,0.39292525140625034,0.39292525140625034,0.7391446603380856,0.3150736833708896,0.6268375000000002,0.03398609102467476
2,0.5,0.4675,0.41391718750000045,0.21266718750000016,0.23057926375760704,0.03582415251521365,0.043871451257607275,0.07703250126922523,0.015725625634612994,0.39260797899414146,0.39260797899414135,0.7359879146606769,0.3211857940121792,0.6265843750000006,0.03582415251521387
2,0.5,0.47000000000000003,0.41567500000000024,0.21067500000000003,0.22949673200287632,0.03764346400575258,0.04267173200287644,0.07568193977868609,0.016690969889343377,0.3923143225000004,0.3923143225000004,0.7328066799804461,0.32729304701844036,0.6263500000000003,0.03764346400575258
2,0.5,0.47250000000000003,0.4174421875000005,0.20869218750000013,0.2284142002481459,0.03944402549629156,0.04148138774814625,0.07431262828814744,0.01766568914407418,0.39204425555664135,0.39204425555664135,0.7296012145895862,0.33339488827777614,0.6261343750000006,0.03944402549629178
2,0.5,0.47500000000000003,0.41921875000000025,0.20671874999999998,0.22733166849341518,0.041225836986830355,0.04030041849341526,0.07292456679760839,0.01864978339880441,0.39179775390625027,0.39179775390625027,0.7263717815066683,0.33949076385421895,0.6259375000000003,0.04122583698683058
2,0.5,0.47750000000000004,0.42100468750000025,0.2047546875,0.22624913673868466,0.0429888984773692,0.0391288242386848,0.07151775530706939,0.01964325265353506,0.3915747954003909,0.3915747954003909,0.7231186484059774,0.3455801201540131,0.6257593750000002,0.0429888984773692
2,0.5,0.48,0.42280000000000023,0.20280000000000015,0.2251666049839542,0.04473320996790808,0.03796660498395443,0.07009219381653065,0.020646096908265577,0.3913753600000005,0.3913753600000005,0.7198420875446101,0.3516624040920715,0.6256000000000004,0.044733209967908305
2,0.5,0.4825,0.4246046875000003,0.20085468749999985,0.22408407322922347,0.046458771458447234,0.0368137607292236,0.06864788232599173,0.021658316162996072,0.3911994297753908,0.3911994297753908,0.7165423756873847,0.3577370632585057,0.6254593750000002,0.046458771458447234
2,0.5,0.485,0.42641875000000024,0.19891875000000017,0.2230015414744931,0.048165582948985985,0.0356702914744933,0.06718482083545263,0.022679910417726656,0.39104698890625045,0.3910469889062505,0.7132197940296015,0.3638035460851139,0.6253375000000004,0.048165582948985985
2,0.5,0.4875,0.4282421875000004,0.19699218750000028,0.2219190097197627,0.04985364443952478,0.03453619721976309,0.06570300934491402,0.02371087967245744,0.3909180236816415,0.3909180236816415,0.7098746281176957,0.3698613020117454,0.6252343750000007,0.049853644439525
2,0.5,0.49,0.43007500000000015,0.19507500000000005,0.22083647796503195,0.05152295593006384,0.03341147796503208,0.06420244785437501,0.02475122392718765,0.3908125225000002,0.3908125225000002,0.7065071677678377,0.37590978165240346,0.6251500000000002,0.05152295593006384
2,0.5,0.4925,0.43191718750000024,0.19316718750000011,0.21975394621030142,0.0531735174206025,0.0322961337103016,0.06268313636383605,0.02580094318191839,0.390730475869141,0.390730475869141,0.7031177069825215,0.3819484369610102,0.6250843750000004,0.0531735174206025
2,0.5,0.495,0.4337687500000003,0.1912687500000001,0.21867141445557087,0.05480532891114143,0.0311901644555711,0.06114507487329712,0.026860037436648998,0.39067187640625045,0.3906718764062505,0.6997065438651945,0.38797672139671635,0.6250375000000004,0.05480532891114143
2,0.5,0.4975,0.4356296875000003,0.18937968750000017,0.21758888270084037,0.056418390401680396,0.03009357020084069,0.059588263382758244,0.027928506691379473,0.3906367188378912,0.3906367188378913,0.6962739805329806,0.39399409008864855,0.6250093750000005,0.056418390401680174
2,0.5,0.5,0.43750000000000033,0.1875000000000001,0.2165063509461098,0.05801270189221941,0.029006350946110038,0.05801270189221919,0.029006350946110038,0.39062500000000056,0.39062500000000056,0.6928203230275508,0.4000000000000001,0.6250000000000004,0.05801270189221941
2,0.5,0.5025000000000001,0.4393796875000003,0.18562968749999997,0.21542381919137915,0.059588263382758466,0.02792850669137925,0.056418390401680396,0.03009357020084047,0.390636718837891,0.3906367188378909,0.6893458812241946,0.4059939100913489,0.6250093750000003,0.059588263382758244
2,0.5,0.505,0.44126875000000026,0.1837687500000002,0.21434128743664874,0.06114507487329712,0.026860037436648998,0.05480532891114143,0.0311901644555711,0.39067187640625056,0.39067187640625056,0.6858509687391511,0.4119752814831108,0.6250375000000005,0.06114507487329712
2,0.5,0.5075000000000001,0.44316718750000034,0.1819171875,0.21325875568191807,0.06268313636383605,0.025800943181918168,0.0531735174206025,0.03229613371030171,0.39073047586914106,0.3907304758691411,0.6823359028352547,0.417943577617022,0.6250843750000004,0.06268313636383627
2,0.5,0.51,0.4450750000000001,0.18007500000000018,0.21217622392718763,0.06420244785437479,0.02475122392718776,0.05152295593006384,0.03341147796503208,0.3908125225000004,0.39081252250000037,0.6788010043259618,0.4238982644165397,0.6251500000000003,0.06420244785437479
2,0.5,0.5125,0.4469921875000003,0.17824218750000026,0.21109369217245721,0.0657030093449138,0.023710879672457552,0.049853644439525,0.034536197219762865,0.3909180236816413,0.3909180236816413,0.6752465974778084,0.4298388104460824,0.6252343750000006,0.0657030093449138
2,0.5,0.515,0.4489187500000003,0.17641875000000015,0.21001116041772652,0.06718482083545263,0.022679910417726767,0.048165582948985985,0.0356702914744933,0.3910469889062506,0.39104698890625056,0.6716730099113722,0.43576468706898264,0.6253375000000004,0.06718482083545263
2,0.5,0.5175,0.45085468750000046,0.1746046875000002,0.20892862866299608,0.06864788232599173,0.021658316162996405,0.046458771458447234,0.03681376072922404,0.39119942977539146,0.39119942977539146,0.6680805725007988,0.4416753686040761,0.6254593750000006,0.06864788232599173
2,0.5,0.52,0.45280000000000026,0.17279999999999976,0.2078460969082652,0.07009219381653087,0.020646096908265243,0.04473320996790808,0.03796660498395421,0.39137536,0.39137536000000006,0.6644696192719475,0.4475703324808192,0.6256,0.07009219381653087
2,0.5,0.5225,0.4547546875000002,0.17100468750000003,0.2067635651535348,0.07151775530706961,0.01964325265353495,0.0429888984773692,0.0391288242386848,0.3915747954003909,0.39157479540039086,0.6608404872992426,0.4534490593928378,0.6257593750000002,0.07151775530706939
2,0.5,0.525,0.4567187500000004,0.16921875000000003,0.20568103339880425,0.07292456679760839,0.01864978339880441,0.04122583698683013,0.04030041849341559,0.3917977539062505,0.3917977539062505,0.6571935166012712,0.4593110334498255,0.6259375000000005,0.07292456679760839
2,0.5,0.5275,0.45869218750000024,0.16744218750000012,0.20459850164407375,0.07431262828814722,0.01766568914407396,0.039444025496291335,0.041481387748146026,0.3920442555566411,0.392044255556641,0.6535290500352218,0.46515574232767515,0.6261343750000004,0.07431262828814722
2,0.5,0.53,0.46067500000000017,0.16567500000000007,0.20351596988934317,0.07568193977868631,0.016690969889343266,0.03764346400575258,0.04267173200287644,0.39231432250000037,0.3923143225000003,0.6498474331902071,0.47098267741677974,0.6263500000000002,0.07568193977868631
2,0.5,0.5325,0.4626671875000002,0.16391718750000014,0.20243343813461268,0.077032501269225,0.015725625634612883,0.03582415251521365,0.04387145125760705,0.39260797899414107,0.3926079789941411,0.6461490142795615,0.47679133396838996,0.6265843750000003,0.077032501269225
2,0.5,0.535,0.46466875000000035,0.16216875000000003,0.20135090637988207,0.07836431275976397,0.014769656379882257,0.033986091024674536,0.045080545512337755,0.39292525140625045,0.39292525140625045,0.6424341440321677,0.48258121123895764,0.6268375000000004,0.07836431275976397
2,0.5,0.5375,0.4666796875000002,0.16042968750000003,0.2002683746251515,0.07967737425030297,0.013823062125151608,0.03212927953413569,0.0462990147670681,0.39326616821289095,0.39326616821289095,0.6387031755828922,0.4883518126323659,0.6271093750000003,0.07967737425030297
2,0.5,0.54,0.46870000000000034,0.15870000000000012,0.19918584287042101,0.08097168574084179,0.012885842870421271,0.030253718043596667,0.04752685902179887,0.3936307600000006,0.3936307600000006,0.634956464362196,0.49410264583997454,0.6274000000000004,0.08097168574084179
2,0.5,0.5425,0.4707296875000002,0.15697968750000016,0.1981033111156905,0.08224724723138066,0.01195799861569069,0.02835940655305791,0.04876407827652929,0.39401905946289106,0.39401905946289106,0.6311943679849943,0.49983322297838856,0.6277093750000003,0.08224724723138066
2,0.5,0.545,0.47276875000000024,0.1552687500000001,0.1970207793609599,0.08350405872191957,0.011039529360960088,0.026446345062518972,0.0500106725312599,0.39443110140625043,0.3944311014062505,0.6274172461388366,0.505543060724877,0.6280375000000004,0.0835040587219198
2,0.5,0.5475,0.47481718750000035,0.1535671875000001,0.19593824760622935,0.08474212021245853,0.010130435106229574,0.02451453357198008,0.0512666417859905,0.39486692274414115,0.39486692274414115,0.6236254604714804,0.5112316804503614,0.6283843750000004,0.08474212021245853
2,0.5,0.55,0.4768750000000003,0.15187500000000018,0.19485571585149886,0.0859614317029973,0.00923071585149915,0.02256397208144123,0.05253198604072107,0.39532656250000064,0.39532656250000064,0.6198193744779283,0.5168986083499005,0.6287500000000005,0.0859614317029973
2,0.5,0.5525,0.4789421875000002,0.1501921875,0.1937731840967682,0.08716199319353635,0.008340371596768259,0.020594660590902425,0.053806705295451396,0.3958100618066409,0.3958100618066409,0.615999353387003,0.5225433755706006,0.6291343750000002,0.08716199319353657
2,0.5,0.555,0.48101875000000044,0.1485187500000002,0.19269065234203786,0.08834380468407543,0.007459402342038235,0.018606599100363663,0.05509079955018226,0.3963174639062508,0.3963174639062508,0.6121657640475354,0.5281655183368741,0.6295375000000006,0.08834380468407543
2,0.5,0.5575,0.4831046875000003,0.14685468750000005,0.19160812058730714,0.08950686617461412,0.006587808087307301,0.0165997876098245,0.05638426880491265,0.39684881415039114,0.39684881415039114,0.6083189748142316,0.5337645780729909,0.6299593750000003,0.08950686617461412
2,0.5,0.56,0.48520000000000024,0.14520000000000013,0.19052558883257664,0.09065117766515307,0.005725588832576789,0.014574226119285605,0.057687113059643025,0.3974041600000005,0.39740416000000045,0.6044593554333011,0.5393401015228425,0.6304000000000004,0.09065117766515307
2,0.5,0.5625,0.4873046875000003,0.14355468750000008,0.18944305707784606,0.09177673915569207,0.004872744577846255,0.012529914628746752,0.05899933231437371,0.3979835510253911,0.39798355102539107,0.6005872769279079,0.5448916408668731,0.6308593750000003,0.09177673915569184
2,0.5,0.5650000000000001,0.4894187500000004,0.1419187499999999,0.1883605253231154,0.09288355064623088,0.004029275323115589,0.010466853138207721,0.06032092656910426,0.3985870389062504,0.39858703890625047,0.596703111483526,0.5504187538361024,0.6313375000000003,0.0928835506462311
2,0.5,0.5675,0.49154218750000017,0.1402921875000001,0.18727799356838495,0.09397161213676974,0.0031951810683851223,0.008385041647668956,0.06165189582383468,0.39921467743164096,0.399214677431641,0.5928072323332673,0.5559210038231932,0.6318343750000003,0.09397161213676952
2,0.5,0.5700000000000001,0.4936750000000004,0.1386750000000001,0.1861954618136544,0.09504092362730865,0.002370461813654634,0.00628448015712979,0.06299224007856552,0.39986652250000065,0.39986652250000065,0.588900013643249,0.5613979599905117,0.6323500000000005,0.09504092362730865
2,0.5,0.5725,0.49581718750000026,0.13706718750000013,0.18511293005892387,0.0960914851178476,0.001555117558924124,0.0041651686665911125,0.0643419593332959,0.4005426321191411,0.4005426321191411,0.5849818303980842,0.5668491973751129,0.6328843750000004,0.09609148511784738
2,0.5,0.5750000000000001,0.4979687500000003,0.1354687500000001,0.18403039830419332,0.09712329660838637,0.000749148304193481,0.0020271071760520343,0.06570105358802647,0.40124306640625046,0.4012430664062505,0.5810530582865499,0.5722742969906265,0.6334375000000004,0.09712329660838637
2,0.5,0.5775,0.5001296875000002,0.13387968750000007,0.18294786654946274,0.0981363580989254,2.220446049250313e-16,0.0,0.06706952284275691,0.401967887587891,0.401967887587891,0.5771140735875165,0.5776728459259771,0.6340093750000002,0.0981363580989254
2,0.5,0.58,0.5023000000000002,0.13230000000000003,0.18186533479473216,0.09913066958946426,2.220446049250313e-16,0.0,0.06844736709748744,0.4027171600000003,0.40271716000000024,0.5731652530561995,0.5830444374409076,0.6346000000000003,0.09913066958946404
2,0.5,0.5825,0.5044796875000002,0.13072968750000005,0.18078280304000163,0.10010623108000316,2.220446049250313e-16,0.0,0.06983458635221806,0.40349095008789093,0.40349095008789104,0.5692069738108055,0.5883886710582633,0.6352093750000002,0.10010623108000316
2,0.5,0.585,0.5066687500000001,0.12916875000000008,0.1797002712852711,0.1010630425705421,2.220446049250313e-16,0.0,0.07123118060694844,0.40428932640625026,0.4042893264062503,0.5652396132196389,0.593705152652997,0.6358375000000002,0.1010630425705421
2,0.5,0.5875,0.5088671875000007,0.12761718750000012,0.17861773953054066,0.1020011040610811,4.440892098500626e-16,0.0,0.07263714986167957,0.4051123596191416,0.4051123596191416,0.5612635487887363,0.5989934945378668,0.6364843750000009,0.1020011040610811
2,0.5,0.59,0.5110750000000003,0.12607499999999996,0.17753520777580992,0.1029204155516199,2.220446049250313e-16,0.0,0.07405249411640957,0.4059601225000003,0.40596012250000024,0.5572791580500976,0.6042533155457901,0.6371500000000002,0.1029204155516199
2,0.5,0.5925,0.5132921875000006,0.12454218750000007,0.17645267602107953,0.10382097704215898,4.440892098500626e-16,0.0,0.07547721337114055,0.40683268993164146,0.4068326899316415,0.5532868184505715,0.6094842411088305,0.6378343750000006,0.10382097704215898
2,0.5,0.595,0.5155187500000002,0.1230187500000002,0.175370144266349,0.10470278853269765,4.440892098500626e-16,0.0,0.07691130762587095,0.40773013890625054,0.4077301389062506,0.5492869072414662,0.6146859033337898,0.6385375000000004,0.10470278853269765
2,0.5,0.5975,0.5177546875000003,0.12150468750000008,0.17428761251161837,0.1055658500232366,3.3306690738754696e-16,0.0,0.07835477688060144,0.4086525485253911,0.40865254852539107,0.5452798013689459,0.6198579410743879,0.6392593750000004,0.1055658500232366
2,0.5,0.6,0.5200000000000004,0.11999999999999997,0.17320508075688773,0.10641016151377558,2.220446049250313e-16,0.0,0.07980762113533202,0.40960000000000046,0.4096000000000005,0.5412658773652739,0.6250000000000002,0.6400000000000003,0.10641016151377536
2,0.5,0.6025,0.5222546875000004,0.11850468750000015,0.1721225490021574,0.10723572300431439,4.440892098500626e-16,0.0,0.08126984039006269,0.4105725766503913,0.4105725766503914,0.5372455112409624,0.6301117326609539,0.6407593750000005,0.10723572300431439
2,0.5,0.605,0.5245187500000003,0.11701874999999999,0.17104001724742665,0.10804253449485324,2.220446049250313e-16,0.0,0.082741434644793,0.41157036390625024,0.41157036390625035,0.5332190783778863,0.6351927985503578,0.6415375000000002,0.10804253449485346
2,0.5,0.6075,0.5267921875000003,0.11554218750000013,0.1699574854926962,0.10883059598539213,3.3306690738754696e-16,0.0,0.08422240389952362,0.41259344930664116,0.4125934493066412,0.5291869534234287,0.6402428641624542,0.6423343750000005,0.10883059598539213
2,0.5,0.61,0.5290750000000003,0.11407500000000012,0.16887495373796566,0.10959990747593107,4.440892098500626e-16,0.0,0.08571274815425423,0.41364192250000054,0.41364192250000054,0.5251495101856971,0.6452616030475005,0.6431500000000004,0.10959990747593107
2,0.5,0.6125,0.5313671875000003,0.11261718750000008,0.16779242198323507,0.11035046896647005,4.440892098500626e-16,0.0,0.0872124674089847,0.4147158752441412,0.4147158752441412,0.5211071215298817,0.6502486958631566,0.6439843750000004,0.11035046896647005
2,0.5,0.615,0.5336687500000004,0.11116875,0.16670989022850446,0.11108228045700885,2.220446049250313e-16,0.0,0.08872156166371525,0.4158154014062504,0.41581540140625045,0.5170601592758001,0.6552038304223934,0.6448375000000004,0.11108228045700885
2,0.5,0.6175,0.5359796875000006,0.1097296875000001,0.16562735847377408,0.11179534194754792,5.551115123125783e-16,0.0,0.09024003091844612,0.41694059696289154,0.41694059696289154,0.5130089940966829,0.6601267017379142,0.6457093750000007,0.11179534194754792
2,0.5,0.62,0.5383000000000003,0.10829999999999991,0.1645448267190433,0.11248965343808681,1.1102230246251565e-16,0.0,0.0917678751731763,0.41809156000000025,0.4180915600000003,0.5089539954192491,0.6650170120630996,0.6466000000000003,0.11248965343808659
2,0.5,0.6225,0.5406296875000005,0.10687968750000015,0.16346229496431303,0.11316521492862575,4.440892098500626e-16,0.0,0.09330509442790713,0.41926839071289146,0.41926839071289146,0.5048955313251267,0.6698744709294747,0.6475093750000007,0.11316521492862552
2,0.5,0.625,0.5429687500000004,0.10546875,0.16237976320958228,0.1138220264191645,3.3306690738754696e-16,0.0,0.09485168868263738,0.4204711914062506,0.42047119140625056,0.500833968453651,0.6746987951807231,0.6484375000000004,0.1138220264191645
2,0.5,0.6275000000000001,0.5453171875000005,0.1040671875,0.16129723145485172,0.11446008790970352,3.3306690738754696e-16,0.0,0.09640765793736805,0.42170006649414127,0.42170006649414116,0.4967696719061083,0.6794897090032388,0.6493843750000005,0.11446008790970352
2,0.5,0.63,0.5476750000000006,0.10267500000000006,0.1602146997001213,0.11507939940024259,4.440892098500626e-16,0.0,0.09797300219209881,0.4229551225000008,0.4229551225000007,0.49270300515144505,0.6842469439532561,0.6503500000000006,0.11507939940024237
2,0.5,0.6325000000000001,0.5500421875000003,0.10129218750000002,0.15913216794539065,0.11567996089078125,2.220446049250313e-16,0.0,0.099547721446829,0.4242364680566411,0.42423646805664106,0.4886343299335017,0.6889702389805545,0.6513343750000004,0.11567996089078125
2,0.5,0.635,0.5524187500000004,0.09991875000000013,0.15804963619066026,0.11626177238132018,4.440892098500626e-16,0.0,0.10113181570155982,0.4255442139062507,0.42554421390625075,0.4845640061798076,0.6936593404487705,0.6523375000000006,0.11626177238132018
2,0.5,0.6375000000000001,0.5548046875000003,0.09855468749999997,0.1569671044359295,0.11682483387185916,2.220446049250313e-16,0.0,0.10272528495629007,0.42687847290039105,0.426878472900391,0.48049239191196863,0.698314002152338,0.6533593750000003,0.11682483387185916
2,0.5,0.64,0.5572000000000005,0.09720000000000004,0.155884572681199,0.11736914536239795,3.3306690738754696e-16,0.0,0.10432812921102086,0.4282393600000007,0.4282393600000006,0.4764198431576983,0.7029339853300735,0.6544000000000005,0.11736914536239795
2,0.5,0.6425,0.5596046875000001,0.09585468750000004,0.15480204092646846,0.11789470685293679,2.220446049250313e-16,0.0,0.10594034846575107,0.42962699227539086,0.42962699227539086,0.47234671386451194,0.7075190586754518,0.6554593750000002,0.11789470685293679
2,0.5,0.645,0.5620187500000005,0.09451875000000017,0.1537195091717381,0.1184015183434759,4.440892098500626e-16,0.0,0.10756194272048203,0.43104148890625077,0.4310414889062508,0.46827335581512997,0.7120689983435825,0.6565375000000007,0.11840151834347568
2,0.5,0.6475,0.5644421875000005,0.09319218750000001,0.15263697741700735,0.1188895798340146,4.440892098500626e-16,0.0,0.10919291197521253,0.4324829711816413,0.43248297118164136,0.464200118544616,0.7165835879549334,0.6576343750000005,0.1188895798340146
2,0.5,0.65,0.5668750000000002,0.09187499999999994,0.15155444566227674,0.11935889132455357,1.1102230246251565e-16,0.0,0.11083325622994278,0.4339515625000002,0.4339515625000003,0.4601273492592841,0.7210626185958258,0.6587500000000002,0.11935889132455357
2,0.5,0.6525,0.5693171875000003,0.0905671875000001,0.15047191390754633,0.11980945281509237,3.3306690738754696e-16,0.0,0.11248297548467345,0.4354473883691411,0.43544738836914115,0.456055392757394,0.7255058888157487,0.6598843750000004,0.11980945281509237
2,0.5,0.655,0.5717687500000002,0.08926875000000006,0.14938938215281575,0.12024126430563142,2.220446049250313e-16,0.0,0.11414206973940388,0.43697057640625026,0.43697057640625026,0.4519845913516728,0.729913204621523,0.6610375000000002,0.1202412643056312
2,0.5,0.6575,0.5742296875,0.08797968749999999,0.14830685039808514,0.1206543257961703,0.0,0.0,0.1158105389941343,0.4385212563378907,0.43852125633789074,0.44791528479368065,0.7342843794683518,0.662209375,0.1206543257961703
2,0.5,0.66,0.5767000000000003,0.08669999999999999,0.14722431864335458,0.12104863728670923,2.220446049250313e-16,0.0,0.11748838324886501,0.4400995600000004,0.4400995600000005,0.44384781020004377,0.7386192342478144,0.6634000000000003,0.12104863728670923
2,0.5,0.6625,0.5791796875000003,0.08542968749999998,0.14614178688862403,0.1214241987772482,2.220446049250313e-16,0.0,0.11917560250359549,0.441705621337891,0.44170562133789093,0.4397825019805776,0.7429175972728342,0.6646093750000003,0.12142419877724797
2,0.5,0.665,0.5816687500000004,0.08416874999999997,0.14505925513389348,0.12178101026778698,2.220446049250313e-16,0.0,0.12087219675832617,0.44333957640625044,0.4433395764062504,0.435719691768317,0.7471793042596732,0.6658375000000004,0.12178101026778698
2,0.5,0.6675,0.5841671875000003,0.08291718750000006,0.143976723379163,0.12211907175832581,3.3306690738754696e-16,0.0,0.12257816601305671,0.4450015633691411,0.44500156336914104,0.43165970835147477,0.7514041983069982,0.6670843750000004,0.12211907175832581
2,0.5,0.67,0.5866750000000005,0.081675,0.1428941916244324,0.12243838324886491,4.440892098500626e-16,0.0,0.12429351026778745,0.44669172250000067,0.4466917225000007,0.4276028776073384,0.7555921298720732,0.6683500000000004,0.12243838324886491
2,0.5,0.6725,0.5891921875000002,0.08044218750000008,0.14181165986970193,0.12273894473940361,3.3306690738754696e-16,0.0,0.12601822952251784,0.44841019618164113,0.44841019618164113,0.4235495224381271,0.7597429567441185,0.6696343750000003,0.12273894473940361
2,0.5,0.675,0.5917187500000003,0.07921875000000002,0.14072912811497132,0.12302075622994257,2.220446049250313e-16,0.0,0.12775232377724832,0.45015712890625037,0.45015712890625037,0.41949996270881046,0.7638565440149045,0.6709375000000003,0.12302075622994257
2,0.5,0.6775,0.5942546875000007,0.0780046875000001,0.1396465963602409,0.12328381772048158,5.551115123125783e-16,0.0,0.12949579303197933,0.4519326672753917,0.4519326672753917,0.415454515186912,0.7679327640466151,0.6722593750000008,0.12328381772048158
2,0.5,0.68,0.5968000000000004,0.07680000000000009,0.1385640646055103,0.12352812921102041,4.440892098500626e-16,0.0,0.13124863728670966,0.4537369600000007,0.45373696000000063,0.4114134934842939,0.7719714964370545,0.6736000000000005,0.12352812921102041
2,0.5,0.6825,0.5993546875000002,0.07560468750000006,0.13748153285077971,0.12375369070155928,2.220446049250313e-16,0.0,0.13301085654143985,0.455570157900391,0.455570157900391,0.4073772080009398,0.7759726279822396,0.6749593750000003,0.12375369070155928
2,0.5,0.685,0.6019187500000006,0.07441875000000002,0.1363990010960492,0.12396050219209842,4.440892098500626e-16,0.0,0.1347824507961708,0.4574324139062509,0.45743241390625083,0.40334596587073485,0.7799360526364428,0.6763375000000006,0.12396050219209842
2,0.5,0.6875,0.6044921875000003,0.07324218750000007,0.13531646934131863,0.12414856368263716,3.3306690738754696e-16,0.0,0.13656342005090116,0.4593238830566412,0.4593238830566412,0.39932007090925126,0.7838616714697405,0.6777343750000004,0.12414856368263716
2,0.5,0.6900000000000001,0.6070750000000004,0.07207499999999997,0.134233937586588,0.12431787517317616,2.220446049250313e-16,0.0,0.13835376430563162,0.4612447225000005,0.4612447225000005,0.39529982356353655,0.787749392623132,0.6791500000000004,0.12431787517317594
2,0.5,0.6925,0.6096671875000006,0.07091718749999998,0.1331514058318575,0.12446843666371499,4.440892098500626e-16,0.0,0.1401534835603625,0.46319509149414145,0.4631950914941415,0.39128552086391166,0.7915991312612785,0.6805843750000006,0.12446843666371499
2,0.5,0.6950000000000001,0.6122687500000005,0.06976874999999996,0.1320688740771269,0.12460024815425386,2.220446049250313e-16,0.0,0.14196257781509292,0.4651751514062506,0.46517515140625065,0.38727745637777045,0.7954108095229371,0.6820375000000004,0.12460024815425386
2,0.5,0.6975,0.6148796875000004,0.06862968750000008,0.13098634232239645,0.12471330964479277,3.3306690738754696e-16,0.0,0.14378104706982342,0.46718506571289126,0.4671850657128912,0.38327592016538575,0.7991843564691412,0.6835093750000005,0.12471330964479277
2,0.5,0.7000000000000001,0.6175000000000004,0.06750000000000005,0.12990381056766587,0.12480762113533173,3.3306690738754696e-16,0.0,0.1456088913245539,0.46922500000000056,0.46922500000000067,0.3792811987377103,0.8029197080291971,0.6850000000000004,0.12480762113533173
2,0.5,0.7025,0.6201296875000003,0.06637968750000009,0.12882127881293537,0.1248831826258705,3.3306690738754696e-16,0.0,0.14744611057928436,0.4712951219628912,0.47129512196289114,0.375293575016176,0.8066168069445517,0.6865093750000004,0.1248831826258705
2,0.5,0.705,0.6227687500000003,0.06526875,0.12773874705820473,0.12493999411640955,2.220446049250313e-16,0.0,0.1492927048340149,0.4733956014062504,0.4733956014062504,0.3713133282944743,0.8102756027106082,0.6880375000000003,0.12493999411640955
2,0.5,0.7075,0.6254171875000004,0.06416718750000011,0.12665621530347435,0.12497805560694841,3.3306690738754696e-16,0.0,0.15114867408874577,0.47552661024414133,0.47552661024414133,0.3673407342023208,0.8138960515165382,0.6895843750000006,0.12497805560694841
2,0.5,0.71,0.628075,0.0630750000000001,0.12557368354874374,0.12499736709748732,2.220446049250313e-16,0.0,0.15301401834347583,0.47768832250000026,0.4776883225000002,0.36337606467118194,0.8174781161831728,0.6911500000000002,0.12499736709748732
2,0.5,0.7125,0.6307421875000008,0.061992187500000004,0.12449115179401309,0.12499792858802605,4.440892098500626e-16,0.0,0.15488873759820698,0.4798809143066417,0.4798809143066417,0.3594195879019659,0.821021766099019,0.6927343750000008,0.12499792858802605
2,0.5,0.715,0.6334187500000006,0.060918750000000035,0.12340862003928257,0.12497974007856505,4.440892098500626e-16,0.0,0.15677283185293744,0.4821045639062509,0.4821045639062509,0.35547156833465704,0.8245269771544819,0.6943375000000006,0.12497974007856505
2,0.5,0.7175,0.6361046875000003,0.05985468750000013,0.12232608828455212,0.12494280156910387,3.3306690738754696e-16,0.0016638522153344937,0.15866630110766766,0.4843594516503911,0.4843594516503911,0.35153226661987863,0.8279937316743522,0.6959593750000004,0.12494280156910409
2,0.5,0.72,0.6388000000000003,0.058800000000000026,0.12124355652982147,0.12488711305964295,2.220446049250313e-16,0.005938290724795792,0.1605691453623982,0.4866457600000004,0.48664576000000037,0.3476019395923779,0.8314220183486237,0.6976000000000003,0.12488711305964273
2,0.5,0.7225,0.6415046875000003,0.05775468750000009,0.12016102477509104,0.12481267455018186,3.3306690738754696e-16,0.010193979234256467,0.16248136461712892,0.4889636735253912,0.4889636735253913,0.34368084024641343,0.8348118321617066,0.6992593750000005,0.12481267455018186
2,0.5,0.725,0.6442187500000003,0.056718750000000054,0.1190784930203604,0.1247194860407208,2.220446049250313e-16,0.014430917743717853,0.1644029588718593,0.4913133789062505,0.49131337890625043,0.33976921771302104,0.838163174320107,0.7009375000000003,0.1247194860407208
2,0.5,0.7275,0.6469421875000005,0.05569218749999996,0.11799596126562975,0.12460754753125958,2.220446049250313e-16,0.018649106253179504,0.1663339281265901,0.49369506493164134,0.49369506493164134,0.3358673172391535,0.8414760521786315,0.7026343750000005,0.12460754753125958
2,0.5,0.73,0.6496750000000004,0.054675000000000126,0.11691342951089938,0.12447685902179861,4.440892098500626e-16,0.02284854476264009,0.16827427238132064,0.4961089225000008,0.4961089225000008,0.3319753801686641,0.8447504791651874,0.7043500000000006,0.12447685902179839
2,0.5,0.7325,0.6524171875000004,0.053667187500000005,0.1158308977561687,0.12432742051233747,2.220446049250313e-16,0.027029233272101383,0.17022399163605106,0.49855514461914124,0.4985551446191412,0.32809364392511486,0.8479864747042449,0.7060843750000004,0.12432742051233747
2,0.5,0.735,0.6551687500000006,0.05266875000000005,0.1147483660014382,0.12415923200287637,4.440892098500626e-16,0.0311911717815625,0.1721830858907818,0.501033926406251,0.5010339264062509,0.32422234199639915,0.8511840641390149,0.7078375000000007,0.12415923200287637
2,0.5,0.7375,0.6579296875000004,0.05167968750000009,0.1136658342467077,0.12397229349341532,4.440892098500626e-16,0.03533436029102344,0.17415155514551206,0.5035454650878913,0.5035454650878912,0.3203617039211401,0.8543432786524274,0.7096093750000004,0.12397229349341532
2,0.5,0.74,0.6607000000000002,0.050700000000000016,0.11258330249197707,0.12376660498395409,2.220446049250313e-16,0.03945879880048464,0.17612939940024253,0.5060899600000003,0.5060899600000004,0.3165119552768542,0.8574641551869554,0.7114000000000001,0.12376660498395431
2,0.5,0.7425,0.6634796875000006,0.0497296875000001,0.11150077073724665,0.12354216647449312,6.661338147750939e-16,0.04356448730994544,0.17811661865497352,0.5086676125878916,0.5086676125878916,0.31267331766985407,0.8605467363633574,0.7132093750000007,0.12354216647449312
2,0.5,0.745,0.6662687500000005,0.048768750000000125,0.11041823898251614,0.12329897796503198,4.440892098500626e-16,0.04765142581940651,0.18011321290970395,0.5112786264062509,0.5112786264062508,0.3088460087268599,0.8635910703984054,0.7150375000000007,0.12329897796503198
2,0.5,0.7475,0.6690671875000002,0.047817187500000045,0.10933570722778546,0.12303703945557087,1.1102230246251565e-16,0.051719614328867625,0.18211918216443412,0.5139232071191409,0.5139232071191407,0.3050302420883017,0.8665972110216518,0.7168843750000002,0.12303703945557065
2,0.5,0.75,0.6718750000000001,0.046875000000000104,0.10825317547305498,0.12275635094610982,2.220446049250313e-16,0.05576905283832856,0.18413452641916472,0.5166015625000003,0.5166015625000003,0.3012262274032833,0.869565217391304,0.7187500000000002,0.12275635094610982
2,0.5,0.7525000000000001,0.6746921875000005,0.04594218750000005,0.10717064371832437,0.12245691243664858,4.440892098500626e-16,0.0597997413477902,0.1861592456738954,0.5193139024316413,0.5193139024316413,0.2974341703261777,0.8724951540092714,0.7206343750000005,0.1224569124366488
2,0.5,0.755,0.6775187500000003,0.045018750000000024,0.10608811196359379,0.12213872392718761,2.220446049250313e-16,0.06381167985725122,0.18819333992862586,0.5220604389062504,0.5220604389062504,0.29365427251483484,0.8753870906354342,0.7225375000000003,0.12213872392718761
2,0.5,0.7575000000000001,0.6803546875000003,0.04410468750000004,0.10500558020886326,0.12180178541772646,3.3306690738754696e-16,0.06780486836671229,0.1902368091833565,0.5248413860253911,0.5248413860253911,0.28988673163036427,0.8782411022012103,0.7244593750000003,0.12180178541772646
2,0.5,0.76,0.6832000000000001,0.04320000000000014,0.10392304845413283,0.12144609690826536,4.440892098500626e-16,0.07177930687617318,0.1922896534380869,0.5276569600000004,0.5276569600000005,0.28613174133847136,0.8810572687224667,0.7264000000000003,0.12144609690826536
2,0.5,0.7625000000000001,0.6860546875000009,0.0423046875000001,0.10284051669940228,0.1210716583988043,6.661338147750939e-16,0.07573499538563455,0.19435187269281817,0.530507379150392,0.530507379150392,0.2823894913123131,0.8838356752118416,0.7283593750000009,0.12107165839880452
2,0.5,0.765,0.6889187500000002,0.04141875000000002,0.10175798494467159,0.12067846988934305,2.220446049250313e-16,0.07967193389509553,0.19642346694754798,0.5333928639062505,0.5333928639062503,0.2786601672368502,0.8865764115905317,0.7303375000000003,0.12067846988934305
2,0.5,0.7675000000000001,0.6917921875000006,0.040542187499999965,0.10067545318994102,0.12026653137988208,2.220446049250313e-16,0.08359012240455677,0.19850443620227898,0.5363136368066415,0.5363136368066415,0.27494395081465606,0.8892795725996068,0.7323343750000005,0.12026653137988208
2,0.5,0.77,0.6946750000000003,0.039675000000000016,0.0995929214352105,0.11983584287042093,2.220446049250313e-16,0.0874895609140176,0.20059478045700918,0.5392699225000005,0.5392699225000004,0.2712410197731612,0.8919452577109008,0.7343500000000003,0.11983584287042093
2,0.5,0.7725,0.6975671874999999,0.038817187500000065,0.09851038968047998,0.11938640436095982,1.1102230246251565e-16,0.09137024942347871,0.20269449971173925,0.5422619477441406,0.5422619477441405,0.26755154787329644,0.894573571037544,0.736384375,0.11938640436095982
2,0.5,0.775,0.7004687500000004,0.037968750000000016,0.0974278579257494,0.11891821585149875,2.220446049250313e-16,0.09523218793294008,0.2048035939664703,0.5452899414062506,0.5452899414062506,0.26387570491950735,0.8971646212441812,0.7384375000000004,0.11891821585149875
2,0.5,0.7775,0.7033796875000001,0.03712968750000005,0.09634532617101889,0.11843127734203773,2.220446049250313e-16,0.09907537644240083,0.20692206322120066,0.5483541344628909,0.5483541344628908,0.260213656771108,0.8997185214569363,0.7405093750000001,0.11843127734203773
2,0.5,0.78,0.7063000000000007,0.0363,0.09526279441628832,0.11792558883257653,4.440892098500626e-16,0.10289981495186229,0.20904990747593177,0.551454760000001,0.551454760000001,0.25656556535493735,0.9022353891731754,0.7426000000000007,0.11792558883257653
2,0.5,0.7825,0.7092296875000004,0.035479687500000016,0.09418026266155775,0.11740115032311538,2.220446049250313e-16,0.10670550346132313,0.21118712673066187,0.5545920532128912,0.5545920532128911,0.25293158867929577,0.9047153461711155,0.7447093750000003,0.1174011503231156
2,0.5,0.785,0.7121687500000007,0.034668750000000054,0.09309773090682724,0.11685796181365449,5.551115123125783e-16,0.11049244197078445,0.21333372098539272,0.5577662514062512,0.557766251406251,0.24931188084911954,0.9071585184193348,0.7468375000000007,0.11685796181365449
2,0.5,0.7875,0.7151171875000012,0.033867187499999965,0.09201519915209662,0.11629602330419342,6.661338147750939e-16,0.11426063048024604,0.21548969024012388,0.5609775939941424,0.5609775939941424,0.2457065920823688,0.9095650359862316,0.7489843750000011,0.11629602330419342
2,0.5,0.79,0.7180750000000004,0.03307500000000003,0.09093266739736611,0.11571533479473217,2.220446049250313e-16,0.11801006898970656,0.21765503449485357,0.5642263225000006,0.5642263225000006,0.24211586872759383,0.9119350329494774,0.7511500000000004,0.11571533479473195
2,0.5,0.7925,0.7210421875000004,0.032292187500000014,0.08985013564263554,0.11511589628527097,2.220446049250313e-16,0.1217407574991678,0.21982975374958413,0.5675126805566413,0.5675126805566412,0.23853985328264224,0.9142686473055209,0.7533343750000003,0.11511589628527119
2,0.5,0.795,0.7240187500000004,0.03151874999999998,0.08876760388790494,0.11449770777581003,2.220446049250313e-16,0.12545269600862885,0.22201384800431467,0.5708369139062505,0.5708369139062506,0.23497868441448613,0.9165660208791756,0.7555375000000003,0.11449770777581003
2,0.5,0.7975,0.7270046875000009,0.030754687500000023,0.0876850721331745,0.11386076926634892,6.661338147750939e-16,0.12914588451808995,0.22420731725904575,0.574199270400392,0.5741992704003921,0.23143249698012486,0.9188272992333484,0.7577593750000009,0.11386076926634914
2,0.5,0.8,0.7300000000000008,0.03000000000000004,0.08660254037844398,0.11320508075688784,5.551115123125783e-16,0.1328203230275511,0.22641016151377624,0.5776000000000013,0.5776000000000012,0.22790142204853656,0.9210526315789473,0.7600000000000008,0.11320508075688784
2,0.5,0.8025,0.7330046875000005,0.029254687500000005,0.08552000862371334,0.1125306422474266,3.3306690738754696e-16,0.13647601153701228,0.22862238076850638,0.5810393547753914,0.5810393547753913,0.224385586923646,0.9232421706850112,0.7622593750000005,0.1125306422474266
2,0.5,0.805,0.7360187500000006,0.028518749999999964,0.08443747686898273,0.11183745373796561,2.220446049250313e-16,0.14011295004647328,0.23084397502323706,0.5845175889062508,0.5845175889062508,0.2208851151682754,0.9253960727891047,0.7645375000000005,0.11183745373796561
2,0.5,0.8075,0.7390421875000005,0.027792187500000017,0.08335494511425226,0.11112551522850445,3.3306690738754696e-16,0.14373113855593433,0.2330749442779675,0.5880349586816415,0.5880349586816414,0.2174001266290448,0.9275144975080181,0.7668343750000005,0.11112551522850445
2,0.5,0.81,0.7420750000000006,0.027075000000000005,0.08227241335952169,0.11039482671904333,3.3306690738754696e-16,0.14733057706539565,0.23531528853269823,0.5915917225000009,0.5915917225000009,0.21393073746218977,0.9295976077488137,0.7691500000000006,0.11039482671904355
2,0.5,0.8125,0.7451171875000003,0.02636718750000009,0.08118988160479128,0.10964538820958247,4.440892098500626e-16,0.15091126557485612,0.2375650077874285,0.5951881408691413,0.5951881408691413,0.2104770601602689,0.931645569620253,0.7714843750000004,0.10964538820958225
2,0.5,0.8150000000000001,0.7481687500000004,0.025668750000000008,0.0801073498500606,0.10887719970012122,2.220446049250313e-16,0.15447320408431753,0.2398241020421591,0.5988244764062506,0.5988244764062505,0.20703920357971942,0.933658552344646,0.7738375000000004,0.10887719970012122
2,0.5,0.8175,0.7512296875000004,0.024979687500000004,0.07902481809533005,0.10809026119066001,3.3306690738754696e-16,0.15801639259377875,0.24209257129688977,0.6025009938378914,0.6025009938378912,0.20361727296924237,0.9356367281701539,0.7762093750000004,0.10809026119066001
2,0.5,0.8200000000000001,0.7543000000000007,0.024299999999999964,0.07794228634059944,0.10728457268119884,3.3306690738754696e-16,0.16154083110324002,0.24437041555162042,0.6062179600000012,0.606217960000001,0.20021136999897088,0.937580272283586,0.7786000000000007,0.10728457268119884
2,0.5,0.8225,0.7573796875000003,0.023629687500000024,0.07685975458586898,0.10646013417173794,2.220446049250313e-16,0.16504651961270067,0.24665763480635072,0.609975643837891,0.609975643837891,0.19682159279040395,0.9394893627237189,0.7810093750000003,0.10646013417173794
2,0.5,0.8250000000000001,0.7604687500000006,0.02296874999999995,0.07577722283113832,0.10561694566227664,2.220446049250313e-16,0.16853345812216225,0.24895422906108144,0.6137743164062508,0.6137743164062508,0.19344803594706217,0.9413641802951737,0.7834375000000006,0.10561694566227664
2,0.5,0.8275,0.7635671875000001,0.022317187500000033,0.0746946910764079,0.10475500715281583,1.1102230246251565e-16,0.17200164663162276,0.2512601983158116,0.6176142508691409,0.6176142508691408,0.19009079058584896,0.9432049084828795,0.7858843750000001,0.10475500715281583
2,0.5,0.8300000000000001,0.7666750000000007,0.021674999999999996,0.07361215932167729,0.10387431864335461,3.3306690738754696e-16,0.1754510851410842,0.2535755425705426,0.6214957225000011,0.621495722500001,0.1867499443690676,0.9450117333671593,0.7883500000000007,0.10387431864335461
2,0.5,0.8325,0.7697921875000003,0.021042187500000017,0.07252962756694678,0.10297488013389344,2.220446049250313e-16,0.17888177365054503,0.2559002618252729,0.6254190086816412,0.6254190086816411,0.1834255815370867,0.9467848435394579,0.7908343750000003,0.10297488013389366
2,0.5,0.835,0.7729187500000003,0.02041875,0.0714470958122162,0.10205669162443232,2.220446049250313e-16,0.18229371216000634,0.25823435608000334,0.6293843889062506,0.6293843889062505,0.18011778294160094,0.9485244300187499,0.7933375000000004,0.10205669162443232
2,0.5,0.8375,0.7760546875000008,0.019804687500000005,0.07036456405748566,0.10111975311497123,4.440892098500626e-16,0.1856869006694677,0.2605778253347344,0.6333921447753921,0.6333921447753919,0.17682662607947688,0.9502306861686464,0.7958593750000008,0.10111975311497146
2,0.5,0.84,0.7792000000000006,0.01920000000000003,0.06928203230275516,0.1001640646055102,3.3306690738754696e-16,0.18906133917892864,0.26293066958946465,0.637442560000001,0.6374425600000009,0.17355218512714207,0.9519038076152304,0.7984000000000006,0.10016406460551042
2,0.5,0.8425,0.7823546875000004,0.01860468750000002,0.0681995005480246,0.0991896260960492,2.220446049250313e-16,0.19241702768838964,0.2652928888441951,0.6415359204003911,0.6415359204003912,0.17029453097549313,0.9535439921656451,0.8009593750000004,0.0991896260960492
2,0.5,0.845,0.7855187500000003,0.01801875000000003,0.06711696879329407,0.09819643758658803,2.220446049250313e-16,0.19575396619785046,0.26766448309892554,0.6456725139062505,0.6456725139062505,0.16705373126529638,0.9551514397274551,0.8035375000000003,0.09819643758658803
2,0.5,0.8475,0.7886921875000004,0.01744218749999999,0.06603443703856345,0.0971844990771269,2.220446049250313e-16,0.199072154707312,0.2700454523536562,0.6498526305566412,0.6498526305566412,0.16382985042304743,0.956726352228808,0.8061343750000004,0.0971844990771269
2,0.5,0.85,0.7918750000000006,0.016874999999999984,0.06495190528383288,0.09615381056766581,2.220446049250313e-16,0.20237159321677312,0.272435796608387,0.6540765625000009,0.6540765625000009,0.16062294969726823,0.9582689335394128,0.8087500000000005,0.09615381056766581
2,0.5,0.8525,0.7950671874999999,0.016317187500000045,0.06386937352910245,0.09510437205820477,1.1102230246251565e-16,0.20565228172623362,0.27483551586311705,0.6583446039941406,0.6583446039941405,0.15743308719520868,0.959779389392358,0.8113843749999999,0.09510437205820499
2,0.5,0.855,0.7982687500000006,0.015768749999999998,0.06278684177437181,0.09403618354874355,4.440892098500626e-16,0.20891422023569528,0.27724461011784807,0.6626570514062511,0.662657051406251,0.15426031791992817,0.9612579273067887,0.8140375000000006,0.09403618354874355
2,0.5,0.8575,0.8014796875000003,0.015229687500000023,0.061704310019641315,0.09294924503928259,2.220446049250313e-16,0.2121574087451561,0.2796630793725783,0.6670142032128913,0.6670142032128911,0.15110469380773617,0.9627047565114579,0.8167093750000003,0.09294924503928259
2,0.5,0.86,0.8047000000000002,0.014700000000000027,0.060621778264910775,0.09184355652982146,2.220446049250313e-16,0.21538184725461695,0.2820909236273088,0.6714163600000003,0.6714163600000003,0.14796626376595254,0.9641200878691725,0.8194000000000002,0.09184355652982146
2,0.5,0.8625,0.8079296875000009,0.01417968750000002,0.05953924651018024,0.09071911802036037,5.551115123125783e-16,0.2185875357640783,0.2845281428820401,0.6758638244628922,0.6758638244628922,0.14484507371097716,0.9655041338021477,0.8221093750000009,0.09071911802036059
2,0.5,0.865,0.8111687500000008,0.013668750000000014,0.05845671475544968,0.08957592951089932,4.440892098500626e-16,0.22177447427353947,0.28697473713677046,0.6803569014062513,0.6803569014062512,0.14174116660663375,0.9668571082182855,0.8248375000000008,0.08957592951089932
2,0.5,0.8675,0.8144171875000007,0.013167187499999955,0.057374183000718976,0.0884139910014381,2.220446049250313e-16,0.2249426627830009,0.2894307063915009,0.6848958977441417,0.6848958977441417,0.13865458250276638,0.9681792264383919,0.8275843750000007,0.08841399100143787
2,0.5,0.87,0.8176750000000006,0.012675000000000004,0.05629165124598853,0.08723330249197714,3.3306690738754696e-16,0.22809210129246194,0.29189605064623136,0.689481122500001,0.689481122500001,0.13558535857406753,0.9694707051243452,0.8303500000000006,0.08723330249197714
2,0.5,0.8725,0.8209421875000007,0.012192187499999998,0.05520911949125797,0.086033863982516,3.3306690738754696e-16,0.23122278980192323,0.2943707699009621,0.6941128868066418,0.6941128868066418,0.13253352915910577,0.9707317622082273,0.8331343750000006,0.086033863982516
2,0.5,0.875,0.8242187500000004,0.011718750000000026,0.05412658773652749,0.08481567547305491,3.3306690738754696e-16,0.23433472831138413,0.2968548641556923,0.6987915039062508,0.6987915039062508,0.12949912579954234,0.9719626168224299,0.8359375000000004,0.08481567547305491
2,0.5,0.8775000000000001,0.8275046875000007,0.011254687500000015,0.053044055981796914,0.08357873696359386,4.440892098500626e-16,0.2374279168208453,0.2993483334104232,0.7035172891503919,0.703517289150392,0.12648217727950134,0.9731634892307464,0.8387593750000008,0.08357873696359386
2,0.5,0.88,0.8308000000000006,0.01080000000000001,0.051961524227066354,0.08232304845413263,4.440892098500626e-16,0.24050235533030628,0.30185117766515357,0.7082905600000011,0.7082905600000011,0.12348270966508154,0.9743346007604563,0.8416000000000007,0.08232304845413263
2,0.5,0.8825000000000001,0.8341046875000007,0.01035468749999998,0.05087899247233574,0.08104860994467145,2.220446049250313e-16,0.24355804383976754,0.30436339691988423,0.7131116360253917,0.7131116360253917,0.1205007463439806,0.9754761737354151,0.8444593750000007,0.08104860994467145
2,0.5,0.885,0.8374187500000003,0.009918750000000037,0.04979646071760533,0.07975542143521053,3.3306690738754696e-16,0.24659498234922816,0.30688499117461454,0.7179808389062506,0.7179808389062506,0.11753630806521677,0.9765884314101523,0.8473375000000004,0.07975542143521053
2,0.5,0.8875000000000001,0.8407421875000002,0.009492187500000004,0.0487139289628747,0.07844348292574943,1.1102230246251565e-16,0.24961317085868928,0.30941596042934494,0.722898492431641,0.7228984924316411,0.11458941297892052,0.9776715979049895,0.8502343750000002,0.07844348292574943
2,0.5,0.89,0.8440750000000006,0.009075000000000008,0.04763139720814416,0.07711279441628838,3.3306690738754696e-16,0.25261260936815066,0.31195630468407587,0.727864922500001,0.727864922500001,0.11166007667618619,0.9787258981421789,0.8531500000000006,0.07711279441628816
2,0.5,0.8925000000000001,0.8474171875000001,0.008667187500000022,0.04654886545341364,0.07576335590682715,1.1102230246251565e-16,0.2555932978776114,0.3145060239388058,0.7328804571191407,0.7328804571191407,0.10874831222895205,0.9797515577830748,0.8560843750000001,0.07576335590682715
2,0.5,0.895,0.8507687500000005,0.008268749999999991,0.04546633369868301,0.07439516739736596,2.220446049250313e-16,0.2585552363870729,0.3170651181935369,0.7379454264062509,0.7379454264062508,0.10585413022989795,0.9807488031663344,0.8590375000000006,0.07439516739736618
2,0.5,0.8975,0.8541296875000004,0.00787968750000003,0.044383801943952576,0.07300822888790504,3.3306690738754696e-16,0.26149842489653397,0.3196335874482672,0.7430601625878913,0.7430601625878913,0.10297753883234172,0.9817178612471587,0.8620093750000004,0.07300822888790504
2,0.5,0.9,0.8575000000000004,0.00749999999999999,0.04330127018922191,0.07160254037844394,2.220446049250313e-16,0.26442286340599486,0.3222114317029978,0.7482250000000006,0.7482250000000008,0.10011854379010843,0.9826589595375723,0.8650000000000003,0.07160254037844394
2,0.5,0.9025,0.8608796875000002,0.007129687500000034,0.04221873843449149,0.07017810186898288,2.220446049250313e-16,0.267328551915456,0.3247986509577283,0.753440275087891,0.7534402750878911,0.09727714849736843,0.9835723260477457,0.8680093750000002,0.0701781018689831
2,0.5,0.905,0.8642687500000005,0.006768750000000001,0.041136206679760846,0.06873491335952164,2.220446049250313e-16,0.2702154904249172,0.3273952452124589,0.7587063264062508,0.7587063264062508,0.09445335402841054,0.9844581892283628,0.8710375000000005,0.06873491335952164
2,0.5,0.9075,0.8676671874999999,0.006417187500000002,0.0400536749250303,0.06727297485006067,0.0,0.273083678934378,0.3300012144671891,0.7640234946191405,0.7640234946191405,0.09164715917735128,0.9853167779140315,0.8740843749999999,0.06727297485006067
2,0.5,0.91,0.8710750000000005,0.006075,0.038971143170299746,0.06579228634059953,2.220446049250313e-16,0.2759331174438393,0.3326165587219201,0.7693921225000009,0.7693921225000009,0.08885856049774776,0.9861483212677421,0.8771500000000005,0.0657922863405993
2,0.5,0.9125,0.8744921875000005,0.005742187499999992,0.03788861141556917,0.06429284783113842,2.220446049250313e-16,0.27876380595330064,0.3352412779766507,0.7748125549316415,0.7748125549316415,0.0860875523421115,0.9869530487263691,0.8802343750000005,0.06429284783113842
2,0.5,0.915,0.8779187500000003,0.005418749999999981,0.036806079660838584,0.06277465932167714,0.0,0.28157574446276157,0.337875372231381,0.7802851389062505,0.7802851389062505,0.08333412690130006,0.9877311899472172,0.8833375000000003,0.06277465932167714
2,0.5,0.9175,0.8813546875000002,0.0051046875,0.0357235479061081,0.06123772081221612,1.1102230246251565e-16,0.28436893297222254,0.34051884148611133,0.7858102235253911,0.785810223525391,0.0805982742437759,0.9884829747556113,0.8864593750000003,0.06123772081221612
2,0.5,0.92,0.8848000000000007,0.004799999999999996,0.03464101615137754,0.05968203230275515,3.3306690738754696e-16,0.287143371481684,0.34317168574084245,0.7913881600000011,0.7913881600000013,0.07787998235471563,0.9892086330935251,0.8896000000000007,0.05968203230275493
2,0.5,0.9225,0.8882546875000004,0.004504687499999991,0.03355848439664697,0.058107593793294,1.1102230246251565e-16,0.28989905999114485,0.34583390499557276,0.7970193016503913,0.7970193016503914,0.07517923717495985,0.9899083949692491,0.8927593750000004,0.058107593793294
2,0.5,0.925,0.8917187500000008,0.00421874999999999,0.03247595264191642,0.05651440528383289,3.3306690738754696e-16,0.2926359985006062,0.3485054992503036,0.8027040039062515,0.8027040039062514,0.07249602263978545,0.9905824904080922,0.8959375000000007,0.05651440528383289
2,0.5,0.9275,0.8951921875000003,0.003942187500000013,0.03139342088718596,0.05490246677437183,2.220446049250313e-16,0.2953541870100669,0.35118646850503377,0.8084426243066412,0.8084426243066412,0.0698303207174922,0.9912311494041144,0.8991343750000003,0.05490246677437205
2,0.5,0.93,0.8986750000000007,0.0036749999999999925,0.03031088913245533,0.053271778264910585,3.3306690738754696e-16,0.2980536255195283,0.35387681275976457,0.8142355225000012,0.8142355225000011,0.06718211144778702,0.9918546018728875,0.9023500000000007,0.053271778264910585
2,0.5,0.9325,0.9021671875000005,0.003417187499999996,0.029228357377724796,0.05162233975544961,2.220446049250313e-16,0.3007343140289893,0.356576532014495,0.8200830602441415,0.8200830602441413,0.06455137297996066,0.9924530776052756,0.9055843750000004,0.05162233975544961
2,0.5,0.935,0.9056687500000005,0.003168750000000007,0.028145825622994294,0.049954151245988676,3.3306690738754696e-16,0.3033962525384504,0.35928562626922544,0.8259856014062509,0.8259856014062509,0.061938081610836436,0.9930268062222344,0.9088375000000005,0.049954151245988454
2,0.5,0.9375,0.9091796875000006,0.0029296874999999935,0.027063293868263685,0.04826721273652734,2.220446049250313e-16,0.3060394410479115,0.36200409552395607,0.8319435119628916,0.8319435119628916,0.059342211822488215,0.9935760171306209,0.9121093750000006,0.04826721273652734
2,0.5,0.9400000000000001,0.9127000000000008,0.0026999999999999962,0.02598076211353315,0.046561524227066275,4.440892098500626e-16,0.30866387955737284,0.3647319397786869,0.8379571600000015,0.8379571600000015,0.056763736319714056,0.9941009394800087,0.9154000000000009,0.046561524227066275
2,0.5,0.9425,0.9162296875000006,0.0024796875000000023,0.02489823035880263,0.04483708571760525,3.3306690738754696e-16,0.3112695680668338,0.36746915903341726,0.8440269157128917,0.8440269157128916,0.05420262606725356,0.9946018021205019,0.9187093750000006,0.04483708571760525
2,0.5,0.9450000000000001,0.9197687500000002,0.0022687500000000034,0.023815698604072087,0.04309389720814427,1.1102230246251565e-16,0.3138565065762946,0.3702157532881476,0.8501531514062504,0.8501531514062504,0.05165885032674285,0.9950788335615417,0.9220375000000003,0.04309389720814405
2,0.5,0.9475,0.9233171875000006,0.002067187500000012,0.022733166849341586,0.04133195869868311,4.440892098500626e-16,0.3164246950857559,0.37297172254287836,0.8563362414941417,0.8563362414941418,0.049132376693396346,0.9955322619316973,0.9253843750000006,0.04133195869868311
2,0.5,0.9500000000000001,0.9268750000000004,0.0018749999999999952,0.021650635094610942,0.039551270189222,2.220446049250313e-16,0.318974133595217,0.37573706679760877,0.8625765625000008,0.8625765625000008,0.04662317113240578,0.9959623149394348,0.9287500000000004,0.039551270189222
2,0.5,0.9525,0.9304421875000009,0.0016921875000000094,0.02056810333988048,0.03775183167976093,5.551115123125783e-16,0.3215048221046781,0.3785117860523397,0.8688744930566423,0.8688744930566423,0.044131198015051123,0.9963692198348548,0.9321343750000008,0.03775183167976093
2,0.5,0.9550000000000001,0.9340187500000007,0.0015187499999999947,0.01948557158514984,0.03593364317029968,3.3306690738754696e-16,0.3240167606141391,0.38129588030707007,0.8752304139062512,0.8752304139062512,0.04165642015450973,0.9967532033723929,0.9355375000000007,0.03593364317029968
2,0.5,0.9575,0.9376046875000001,0.001354687500000005,0.018403039830419358,0.034096704660838695,1.1102230246251565e-16,0.3265099491235999,0.3840893495618001,0.881644707900391,0.881644707900391,0.0391987988413649,0.997114491774471,0.9389593750000002,0.034096704660838695
2,0.5,0.96,0.9412000000000001,0.0012000000000000053,0.017320508075688815,0.03224101615137753,1.1102230246251565e-16,0.32898438763306115,0.3868921938165307,0.8881177600000003,0.8881177600000003,0.03675829387879629,0.9974533106960951,0.9424000000000001,0.032241016151377755
2,0.5,0.9625,0.9448046875000009,0.0010546874999999953,0.016237976320958192,0.030366577641916415,4.440892098500626e-16,0.3314400761425227,0.3897044130712619,0.8946499572753923,0.8946499572753923,0.034334863617455136,0.9977698851903857,0.945859375000001,0.030366577641916193
2,0.5,0.965,0.9484187500000008,0.0009187500000000059,0.015155444566227735,0.028473389132455562,4.440892098500626e-16,0.3338770146519834,0.3925260073259924,0.9012416889062514,0.9012416889062516,0.03192846499001193,0.9980644396750366,0.9493375000000007,0.028473389132455562
2,0.5,0.9675,0.9520421875000004,0.0007921874999999973,0.014072912811497107,0.02656145062299431,1.1102230246251565e-16,0.33629520316144457,0.39535697658072255,0.9078933461816413,0.9078933461816413,0.029539053545370047,0.9983371978996876,0.9528343750000003,0.02656145062299431
2,0.5,0.97,0.9556750000000002,0.0006749999999999993,0.012990381056766576,0.0246307621135331,1.1102230246251565e-16,0.33869464167090557,0.3981973208354529,0.9146053225000003,0.9146053225000004,0.027166583482546296,0.998588382914205,0.9563500000000001,0.0246307621135331
2,0.5,0.9725,0.9593171875000004,0.000567187500000002,0.011907849302036056,0.022681323604072157,2.220446049250313e-16,0.3410753301803666,0.40104704009018377,0.9213780133691414,0.9213780133691414,0.02481100768420374,0.9988182170378594,0.9598843750000003,0.022681323604072157
2,0.5,0.975,0.9629687500000004,0.00046875000000000286,0.010825317547305518,0.020713135094611035,2.220446049250313e-16,0.34343726868982793,0.4039061343449142,0.9282118164062507,0.9282118164062507,0.022472277749839537,0.999026921829387,0.9634375000000004,0.020713135094611035
2,0.5,0.9775,0.9666296875000008,0.0003796874999999946,0.009742785792574867,0.018726196585149735,2.220446049250313e-16,0.34578045719928907,0.4067746035996451,0.9351071313378921,0.9351071313378921,0.020150344028618875,0.9992147180579299,0.9670093750000007,0.018726196585149735
2,0.5,0.98,0.9703000000000005,0.00029999999999999916,0.008660254037844376,0.0167205080756887,2.220446049250313e-16,0.34810489570875003,0.4096524478543754,0.9420643600000009,0.9420643600000009,0.01784515565185323,0.9993818256748404,0.9706000000000005,0.016720508075688922
2,0.5,0.9825,0.9739796875000001,0.00022968750000000026,0.007577722283113844,0.01469606956622771,0.0,0.3504105842182108,0.4125396671091057,0.9490839063378909,0.9490839063378909,0.015556660565114852,0.9995284637863395,0.974209375,0.01469606956622771
2,0.5,0.985,0.9776687500000005,0.00016874999999999884,0.006495190528383269,0.01265288105676654,2.220446049250313e-16,0.3526975227276723,0.4154362613638365,0.9561661764062509,0.956166176406251,0.013284805559989805,0.9996548506270213,0.9778375000000006,0.01265288105676654
2,0.5,0.9875,0.9813671875000011,0.00011718749999999951,0.005412658773652731,0.010590942547305415,5.551115123125783e-16,0.3549657112371336,0.41834223061856757,0.9633115783691427,0.9633115783691427,0.011029536305461256,0.9997612035341876,0.9814843750000011,0.010590942547305415
2,0.5,0.99,0.9850750000000009,7.500000000000021e-05,0.0043301270189222,0.008510254037844334,4.440892098500626e-16,0.35721514974659474,0.42125757487329785,0.9705205225000018,0.9705205225000018,0.008790797378921375,0.9998477389230066,0.985150000000001,0.008510254037844334
2,0.5,0.9925,0.988792187500001,4.218749999999887e-05,0.0032475952641916024,0.006410815528383296,4.440892098500626e-16,0.3594458382560557,0.42418229412802866,0.9777934211816426,0.9777934211816426,0.006568532296809765,0.9999146722624808,0.9888343750000009,0.006410815528383296
2,0.5,0.995,0.9925187500000006,1.8750000000000564e-05,0.0021650635094611296,0.0042926270189223015,3.3306690738754696e-16,0.3616577767655167,0.42711638838275867,0.9851306889062511,0.9851306889062511,0.0043626835448758935,0.9999622180522147,0.9925375000000005,0.0042926270189223015
2,0.5,0.9975,0.9962546875000008,4.6874999999999174e-06,0.001082531754730539,0.002155688509461129,3.3306690738754696e-16,0.36385096527497796,0.43005985763748944,0.9925327422753922,0.9925327422753922,0.0021731926080606027,0.9999905897999705,0.9962593750000008,0.002155688509460907
2,0.5,1.0,1.0000000000000007,0.0,0.0,0.0,3.3306690738754696e-16,0.3660254037844388,0.43301270189221985,1.0000000000000013,1.000000000000001,0.0,1.0,1.0000000000000007,0.0
3,0.4,0.0,0.16000000000000006,0.8400000000000002,0.3666060555964673,0.41321211119293455,0.3666060555964674,0.0,1.1102230246251565e-16,1.0000000000000004,1.0000000000000004,0.7332121111929345,-0.6799999999999999,1.0000000000000002,0.41321211119293455
3,0.4,0.0025,0.16000001312500006,0.833715736875,0.3652321424792731,0.4104642587085461,0.36418625427292395,9.162526389916437e-05,1.1102230246251565e-16,0.9874840681905979,0.9874840681905979,0.7350837349197155,-0.6779762962899601,0.99371575,0.41046425870854586
3,0.4,0.005,0.16000010500000006,0.827462895000001,0.36385994998075866,0.4077196899615172,0.3617763301168806,0.00025901962793639655,5.551115123125783e-16,0.9751348734231704,0.9751348734231703,0.7369591569117188,-0.6759370123235,0.9874630000000011,0.4077196899615172
3,0.4,0.0075,0.16000035437500007,0.821241395625001,0.36248948026115213,0.4049782517723042,0.3593761856712614,0.0004755264859916952,5.551115123125783e-16,0.9629503343713954,0.9629503343713954,0.7388382735674501,-0.673881886140699,0.981241750000001,0.4049782517723042
3,0.4,0.01,0.16000084000000042,0.8150511600000008,0.3611207354888396,0.40223979097767826,0.35698572474269363,0.0007315321111929229,6.661338147750939e-16,0.9509283931282071,0.9509283931282072,0.7407209779352059,-0.6718106521498337,0.9750520000000011,0.40223979097767826
3,0.4,0.0125,0.16000164062500002,0.8088921093750002,0.35975371784041377,0.39950415443082754,0.3546048524033838,0.0010214138265960404,1.1102230246251565e-16,0.9390670150098148,0.9390670150098149,0.7426071596403913,-0.6697230410971275,0.9688937500000002,0.39950415443082754
3,0.4,0.015,0.16000283500000043,0.8027641650000011,0.35838842950073113,0.39677118900146136,0.35223347499273616,0.0013413266592385842,7.771561172376096e-16,0.9273641883607407,0.9273641883607407,0.7444967048117157,-0.6676187800371218,0.9627670000000016,0.39677118900146136
3,0.4,0.0175,0.16000450187500007,0.796667248125,0.3570248726629561,0.3940407415759122,0.34987150011867696,0.0016884060414175117,1.1102230246251565e-16,0.9158179243598088,0.915817924359809,0.7463894960062448,-0.6654975923037343,0.95667175,0.3940407415759122
3,0.4,0.02,0.16000672000000005,0.790601280000001,0.35566304952862365,0.3913126590572471,0.3475188366587477,0.002060397023490479,5.551115123125783e-16,0.904426256827189,0.9044262568271891,0.7482854121333363,-0.6633591974820328,0.950608000000001,0.3913126590572473
3,0.4,0.0225,0.16000956812500006,0.7845661818750009,0.3543029623076841,0.3885867883653682,0.3451753947608994,0.0024554546252761877,5.551115123125783e-16,0.8931872420323603,0.8931872420323603,0.7501843283774409,-0.6612033113807975,0.9445757500000009,0.3885867883653682
3,0.4,0.025,0.16001312500000042,0.7785618750000012,0.35294461321856224,0.38586297643712353,0.3428410858440606,0.0028720253492378056,8.881784197001252e-16,0.882098958503128,0.8820989585031281,0.7520861161197808,-0.6590296460059129,0.9385750000000016,0.38586297643712375
3,0.4,0.0275,0.16001746937500005,0.7725882806250003,0.3515880044882079,0.3831410702264155,0.3405158225984326,0.003308771763785634,2.220446049250313e-16,0.8711595068355918,0.8711595068355918,0.7539906428589096,-0.6568379095346559,0.9326057500000003,0.3831410702264155
3,0.4,0.03,0.16002268000000006,0.76664532,0.3502331383521554,0.38042091670431066,0.3381995189855531,0.00376452188793297,0.0,0.8603670095051392,0.8603670095051392,0.7558977721301596,-0.6546278062909261,0.926668,0.38042091670431066
3,0.4,0.0325,0.16002883562500006,0.760732914375,0.3488800170545743,0.3777023628591485,0.3358920902380995,0.004238233776883149,1.1102230246251565e-16,0.8497196106783975,0.8497196106783977,0.7578073634239786,-0.6523990367214971,0.92076175,0.3777023628591485
3,0.4,0.035,0.16003601500000042,0.7548509850000015,0.34752864284832774,0.37498525569665464,0.3335934528594656,0.004728969895855029,9.992007221626409e-16,0.8392154760262052,0.8392154760262052,0.7597192721031713,-0.6501512973733365,0.9148870000000019,0.37498525569665464
3,0.4,0.0375,0.16004429687500005,0.7489994531250012,0.34617901799502554,0.372269442240051,0.33130352462309265,0.005235878054789644,6.661338147750939e-16,0.8288527925375511,0.8288527925375511,0.761633349319051,-0.6478842808720705,0.9090437500000013,0.372269442240051
3,0.4,0.04,0.16005376000000007,0.7431782400000008,0.3448311447650867,0.3695547695301733,0.3290222245715888,0.005758176889543387,4.440892098500626e-16,0.8186297683345424,0.8186297683345423,0.7635494419265181,-0.6455976759016511,0.9032320000000008,0.3695547695301733
3,0.4,0.0425,0.16006448312500005,0.7373872668750007,0.3434850254377913,0.3668410846255825,0.3267494730156011,0.006295144583414958,4.440892098500626e-16,0.8085446324883248,0.8085446324883248,0.765467392398067,-0.6432911671853112,0.8974517500000008,0.3668410846255825
3,0.4,0.045,0.16007654500000007,0.7316264550000009,0.3421406623013409,0.36412823460268173,0.3244851915324819,0.006846109954280477,5.551115123125783e-16,0.7985956348360179,0.7985956348360178,0.7673870387367554,-0.6409644354678634,0.891703000000001,0.36412823460268173
3,0.4,0.0475,0.16009002437500006,0.7258957256250004,0.34079805765291576,0.36141606655583147,0.32222930296473173,0.007410445305066515,2.220446049250313e-16,0.7887810457986342,0.7887810457986342,0.7693082143881335,-0.6386171574994293,0.8859857500000005,0.36141606655583125
3,0.4,0.05,0.16010500000000005,0.7201949999999996,0.33945721379873484,0.35870442759746957,0.31998173141823605,0.00798756061276773,-1.6653345369377348e-16,0.7790991561999994,0.7790991561999996,0.7712307481511643,-0.6362490060206745,0.8802999999999996,0.35870442759746957
3,0.4,0.0525,0.16012155062500003,0.7145241993750009,0.3381181330541149,0.35599316485822974,0.3177424022602948,0.008576898749999895,5.551115123125783e-16,0.7695482770866584,0.7695482770866584,0.7731544640881512,-0.6338596497496276,0.8746457500000009,0.35599316485822996
3,0.4,0.055,0.16013975500000005,0.7088832450000004,0.336780817743529,0.35328212548705795,0.3155112421174403,0.009177931514489979,3.3306690738754696e-16,0.7601267395487611,0.7601267395487612,0.7750791814336992,-0.631448753370164,0.8690230000000005,0.35328212548705773
3,0.4,0.0575,0.16015969187500007,0.7032720581250009,0.33544527020066955,0.350571156651339,0.31328817887307714,0.009790156298884467,6.661338147750939e-16,0.7508328945419751,0.750832894541975,0.7770047145027251,-0.6290159775222537,0.863431750000001,0.350571156651339
3,0.4,0.06,0.16018144000000006,0.6976905600000004,0.334111492768507,0.34786010553701385,0.31107314166490996,0.010413093273909046,3.3306690738754696e-16,0.7416651127103495,0.7416651127103496,0.7789308725975597,-0.6265609787940393,0.8578720000000004,0.34786010553701363
3,0.4,0.0625,0.16020507812500007,0.6921386718750002,0.3327794877993535,0.3451488193487069,0.30886606088219914,0.011046282987389633,2.220446049250313e-16,0.7326217842102056,0.7326217842102056,0.7808574599141564,-0.624083409715857,0.8523437500000003,0.3451488193487069
3,0.4,0.065,0.16023068500000034,0.6866163150000006,0.3314492576549242,0.3424371453098478,0.3066668681628235,0.011689284303369796,5.551115123125783e-16,0.7237013185349955,0.7237013185349955,0.7827842754474511,-0.6215829187562802,0.846847000000001,0.3424371453098476
3,0.4,0.0675,0.16025833937500006,0.6811234106250006,0.3301208047063986,0.33972493066279696,0.3044754963901668,0.012341672621773991,4.440892098500626e-16,0.7149021443411614,0.7149021443411614,0.7847111128958961,-0.6190591503202917,0.8413817500000007,0.33972493066279696
3,0.4,0.07,0.16028812000000006,0.67565988,0.32879413133448726,0.33701202266897434,0.30229187968983784,0.013003038331339978,1.1102230246251565e-16,0.7062227092749953,0.7062227092749954,0.78663776056522,-0.6165117447496733,0.835948,0.33701202266897456
3,0.4,0.0725,0.16032010562500043,0.6702256443750012,0.32746923992949395,0.33429826860898704,0.3001159534262149,0.013672985457933606,8.881784197001252e-16,0.6976614798004832,0.6976614798004833,0.788564001271437,-0.6139403383257331,0.8305457500000016,0.33429826860898704
3,0.4,0.075,0.1603543750000004,0.6648206250000008,0.326146132891378,0.33158351578275513,0.29794765419882085,0.014351130477613383,7.771561172376096e-16,0.689216941028127,0.6892169410281271,0.7904896122431666,-0.6113445632744565,0.8251750000000012,0.33158351578275513
3,0.4,0.0775,0.16039100687500005,0.6594447431250005,0.32482481262982377,0.3288676115096474,0.29578691983855754,0.015037101269494535,3.3306690738754696e-16,0.680887596544795,0.680887596544795,0.7924143650232953,-0.6087240477742036,0.8198357500000005,0.3288676115096474
3,0.4,0.08,0.16043008000000006,0.6540979200000011,0.3235052815643049,0.32615040312860977,0.2936336894037681,0.015730536187924082,7.771561172376096e-16,0.672671968244533,0.6726719682445331,0.7943380253700412,-0.6060784159660568,0.8145280000000011,0.32615040312860977
3,0.4,0.0825,0.16047167312500005,0.6487800768750007,0.3221875421241488,0.3234317379982974,0.2914879031761518,0.01643108323703646,4.440892098500626e-16,0.6645685961603722,0.6645685961603722,0.7962603531574656,-0.6034072879669401,0.8092517500000007,0.3234317379982974
3,0.4,0.085,0.16051586500000004,0.6434911350000001,0.320871596748606,0.3207114634972119,0.2893495026565428,0.017138399333606946,1.1102230246251565e-16,0.656576038297146,0.6565760382971461,0.7981811022754924,-0.600710279885623,0.8040070000000001,0.3207114634972119
3,0.4,0.08750000000000001,0.16056273437500007,0.6382310156250008,0.3195574478869178,0.3179894270238355,0.2872184305605403,0.01785214964641635,5.551115123125783e-16,0.6486928704652848,0.6486928704652849,0.8001000205294984,-0.5979870038417304,0.7987937500000009,0.3179894270238357
3,0.4,0.09,0.16061236000000007,0.632999640000001,0.3182450979983827,0.31526547599676524,0.2850946308139989,0.01857200700220929,6.661338147750939e-16,0.6409176861155985,0.6409176861155986,0.8020168495395288,-0.5952370679878836,0.7936120000000011,0.31526547599676524
3,0.4,0.0925,0.16066482062500007,0.6277969293750009,0.3169345495524276,0.31253945785485504,0.2829780485483977,0.019297651349854172,5.551115123125783e-16,0.6332490961750702,0.6332490961750702,0.8039313246392161,-0.5924600765351017,0.788461750000001,0.31253945785485504
3,0.4,0.095,0.16072019500000007,0.6226228050000004,0.3156258050286765,0.30981122005735284,0.28086863009607355,0.02002876927557473,3.3306690738754696e-16,0.625685728883625,0.625685728883625,0.8058431747744634,-0.5896556297815899,0.7833430000000006,0.3098112200573526
3,0.4,0.0975,0.16077856187500003,0.6174771881250002,0.31431886691702116,0.3070806100840422,0.2787663229853341,0.0207650535631565,1.1102230246251565e-16,0.6182262296318997,0.6182262296318997,0.8077521224019766,-0.5868233241450513,0.7782557500000002,0.3070806100840422
3,0.4,0.1,0.16084000000000007,0.6123600000000005,0.31301373771769203,0.3043474754353839,0.27667107593545115,0.02150620279390303,3.3306690738754696e-16,0.6108692608000008,0.6108692608000008,0.809657883387718,-0.583962752198655,0.7732000000000006,0.3043474754353839
3,0.4,0.10250000000000001,0.16090458812500005,0.6072711618750012,0.31171041994132986,0.30161166363265957,0.27458283885153956,0.022251920981838813,7.771561172376096e-16,0.6036135015972554,0.6036135015972554,0.8115601669053712,-0.5810735027108059,0.7681757500000013,0.30161166363265957
3,0.4,0.105,0.16097240500000007,0.6022105950000003,0.3104089161090578,0.2988730222181155,0.27250156281932514,0.02300191724026135,3.3306690738754696e-16,0.5964576479029527,0.5964576479029527,0.8134586753349003,-0.5781551606888518,0.7631830000000004,0.2988730222181153
3,0.4,0.1075,0.16104352937500005,0.5971782206250003,0.30910922875255614,0.2961313987551122,0.2704272000998118,0.023755905476264827,3.3306690738754696e-16,0.5894004121080911,0.5894004121080912,0.8153531041612985,-0.575207307426884,0.7582217500000004,0.29613139875511196
3,0.4,0.11,0.16111804000000005,0.5921739600000003,0.3078113604141343,0.2933866408282686,0.268359704123838,0.02451360411028447,2.220446049250313e-16,0.5824405229580935,0.5824405229580933,0.8172431418736271,-0.5722295205577652,0.7532920000000004,0.2933866408282686
3,0.4,0.1125,0.16119601562500002,0.5871977343749999,0.30651531364680623,0.2906385960436124,0.26629902948654094,0.02527473581809092,0.0,0.5755767253965332,0.575576725396533,0.819128469864443,-0.5692213741095511,0.74839375,0.2906385960436122
3,0.4,0.115,0.16127753500000006,0.5822494650000005,0.3052210910143664,0.28788711202873274,0.26424513194172816,0.026039027292972916,5.551115123125783e-16,0.5688077804098507,0.5688077804098509,0.8210087623297234,-0.5661824385664544,0.7435270000000006,0.28788711202873274
3,0.4,0.11750000000000001,0.16136267687500006,0.5773290731250003,0.303928695091464,0.2851320364329277,0.2621979683961523,0.026806209026121408,2.220446049250313e-16,0.5621324648730495,0.5621324648730494,0.8228836861694038,-0.5631122809345035,0.7386917500000003,0.2851320364329277
3,0.4,0.12,0.16145152000000007,0.5724364799999998,0.3026381284636818,0.2823732169273634,0.2601574969037096,0.02757601510346408,0.0,0.5555495713964029,0.555549571396403,0.8247529008886421,-0.5600104648120692,0.7338879999999999,0.2823732169273636
3,0.4,0.1225,0.16154414312500007,0.5675716068750005,0.3013493937276133,0.27961050120522657,0.2581236766595505,0.028348183017397055,4.440892098500626e-16,0.549057908173141,0.5490579081731409,0.8266160584999379,-0.5568765504654098,0.7291157500000006,0.27961050120522635
3,0.4,0.125,0.16164062500000007,0.5627343750000005,0.3000624934909395,0.2768437369818788,0.256096467994108,0.029122453492039346,3.3306690738754696e-16,0.5426562988281258,0.5426562988281259,0.8284728034262344,-0.5537100949094047,0.7243750000000005,0.2768437369818788
3,0.4,0.1275,0.16174104437500042,0.5579247056250007,0.2987774303725105,0.2740727719950202,0.25407583236706444,0.029898570320785467,7.771561172376096e-16,0.5363435822675363,0.5363435822675363,0.8303227724051339,-0.5505106519936507,0.7196657500000012,0.2740727719950202
3,0.4,0.13,0.16184548000000043,0.5531425200000005,0.2974942070024227,0.2712974540048445,0.25206173236123075,0.0306762802150653,6.661338147750939e-16,0.5301186125295245,0.5301186125295245,0.8321655943943739,-0.5472777724940832,0.714988000000001,0.2712974540048445
3,0.4,0.1325,0.16195401062500006,0.548387739375,0.2962128260221019,0.26851763079420365,0.25005413167637425,0.031455332663338,1.1102230246251565e-16,0.5239802586358822,0.5239802586358824,0.8340008904787081,-0.5440110042102972,0.71034175,0.2685176307942039
3,0.4,0.135,0.16206671500000006,0.5436602850000005,0.29493329008438524,0.2657331501687703,0.2480529951229754,0.032235479799442635,4.440892098500626e-16,0.5179274044446907,0.5179274044446907,0.8358282737783449,-0.5407098920687463,0.7057270000000005,0.2657331501687705
3,0.4,0.1375,0.16218367187500007,0.5389600781250004,0.29365560185360007,0.26294385995720004,0.24605828861591728,0.0330164762795262,2.220446049250313e-16,0.5119589485039557,0.5119589485039556,0.8376473493591005,-0.5373739782319961,0.7011437500000004,0.26294385995720004
3,0.4,0.14,0.16230496000000005,0.5342870400000004,0.29237976400565086,0.2601496080113015,0.2440699791681341,0.03379807916684019,3.3306690738754696e-16,0.5060738039062534,0.5060738039062537,0.8394577141444366,-0.5340028022142087,0.6965920000000004,0.2601496080113017
3,0.4,0.14250000000000002,0.16243065812500043,0.5296410918750001,0.2911057792281016,0.2573502422062024,0.2420880348841945,0.03458004782377411,5.551115123125783e-16,0.500270898144352,0.5002708981443522,0.8412589568295523,-0.5305959010030381,0.6920717500000005,0.2573502422062022
3,0.4,0.145,0.16256084500000006,0.5250221550000004,0.28983365022026014,0.25454561044052015,0.24011242495383645,0.03536214381054714,4.440892098500626e-16,0.49454917296783285,0.49454917296783296,0.8430506577977057,-0.5271528091881271,0.6875830000000005,0.25454561044052015
3,0.4,0.1475,0.16269559937500042,0.5204301506250004,0.2885633796932665,0.25173556063653213,0.23814311964546175,0.036144130790043416,5.551115123125783e-16,0.488907584240704,0.48890758424070396,0.8448323890389614,-0.5236730590963663,0.6831257500000009,0.25173556063653213
3,0.4,0.15,0.16283500000000006,0.5158650000000004,0.28729497037017565,0.2489199407403513,0.23618009029957565,0.03692577443831735,4.440892098500626e-16,0.4833451018000006,0.48334510180000057,0.8466037140715352,-0.5201561809341388,0.6787000000000004,0.2489199407403513
3,0.4,0.1525,0.16297912562500005,0.5113266243750001,0.28602842498604936,0.2460985987220985,0.23422330932219915,0.03770684236034283,1.1102230246251565e-16,0.4778607093153878,0.4778607093153878,0.8483641878659622,-0.516601702936687,0.6743057500000001,0.24609859872209872
3,0.4,0.155,0.16312805500000005,0.5068149450000003,0.2847637462880415,0.24327138257608283,0.232272750178232,0.0384871040106185,3.3306690738754696e-16,0.47245340414974474,0.4724534041497447,0.8501133567722667,-0.5130091515248314,0.6699430000000004,0.24327138257608283
3,0.4,0.1575,0.16328186687500007,0.5023298831249999,0.2835009370354885,0.24043814032097677,0.23032838738478578,0.03926633061827256,1.1102230246251565e-16,0.46712219722074555,0.4671221972207455,0.8518507584503684,-0.5093780514691933,0.6656117500000001,0.24043814032097677
3,0.4,0.16,0.16344064000000003,0.4978713600000003,0.2822400000000001,0.23759872000000026,0.22839019650448888,0.04004429511634777,3.3306690738754696e-16,0.46186611286343726,0.46186611286343726,0.853575921803929,-0.5057079260621311,0.6613120000000003,0.23759872000000004
3,0.4,0.1625,0.1636044531250004,0.4934392968750003,0.28098093796555,0.23475296968109927,0.22645815413875447,0.04082077207496915,5.551115123125783e-16,0.45668418869379984,0.4566841886937999,0.8552883669178795,-0.5019982972975537,0.6570437500000007,0.23475296968109927
3,0.4,0.165,0.16377338500000008,0.48903361500000037,0.27972375372856717,0.23190073745713424,0.22453223792102772,0.04159553763812385,4.440892098500626e-16,0.45157547547330645,0.45157547547330645,0.8569876049998452,-0.4982486860588199,0.6528070000000005,0.23190073745713424
3,0.4,0.1675,0.16394751437500008,0.4846542356250005,0.27846845009803195,0.2290418714460638,0.2226124265100119,0.04236836946380973,5.551115123125783e-16,0.44653903697447617,0.4465390369744762,0.8586731383257344,-0.494458612314876,0.6486017500000005,0.22904187144606358
3,0.4,0.17,0.16412692000000006,0.48030108,0.27721502989556684,0.22617621979113345,0.2206986995828637,0.04313904666732005,1.1102230246251565e-16,0.4415739498474113,0.44157394984741133,0.8603444601897089,-0.4906275953248461,0.644428,0.22617621979113367
3,0.4,0.17250000000000001,0.16431168062500007,0.47597406937500025,0.2759634959555341,0.22330363066106806,0.21879103782838283,0.043907349767461135,3.3306690738754696e-16,0.43667930348733774,0.43667930348733774,0.8620010548588156,-0.4867551538512298,0.6402857500000003,0.2233036306610683
3,0.4,0.17500000000000002,0.16450187500000008,0.47167312500000025,0.27471385112512997,0.2204239522502598,0.21688942294017322,0.044673060635506356,2.220446049250313e-16,0.43185419990312546,0.4318541999031254,0.8636423975325337,-0.48284080638189175,0.6361750000000004,0.2204239522502598
3,0.4,0.1775,0.16469758187500005,0.46739816812500096,0.2734660982644836,0.2175370327789672,0.21499383760980173,0.04543596244671422,7.771561172376096e-16,0.4270977535868138,0.4270977535868138,0.8652679543075021,-0.4788840713610246,0.6320957500000011,0.2175370327789672
3,0.4,0.18,0.16489888000000041,0.46314912000000064,0.2722202402467537,0.21464272049350663,0.2131042655199359,0.046195839634243896,6.661338147750939e-16,0.42240909138411653,0.42240909138411664,0.8668771821477124,-0.4748844674292407,0.628048000000001,0.21464272049350663
3,0.4,0.1825,0.16510584812500007,0.45892590187500015,0.2709762799582282,0.2117408636664564,0.211220691337481,0.04695247784531964,2.220446049250313e-16,0.4177873523659312,0.4177873523659311,0.8684695288604406,-0.4708415136729822,0.6240317500000002,0.2117408636664564
3,0.4,0.185,0.16531856500000006,0.45472843500000043,0.26973422029842653,0.2088313105968529,0.2093431007067087,0.047705663899503925,4.440892098500626e-16,0.4132316877008344,0.41323168770083446,0.8700444330782225,-0.46675472988338007,0.6200470000000005,0.2088313105968529
3,0.4,0.1875,0.16553710937500035,0.45055664062500034,0.26849406418019783,0.20591390961039502,0.2074714802423725,0.048455185748953467,5.551115123125783e-16,0.40874126052856535,0.40874126052856535,0.8716013242471541,-0.4626236368247522,0.6160937500000007,0.20591390961039502
3,0.4,0.19,0.16576156000000028,0.4464104400000009,0.2672558145298251,0.2029885090596497,0.20560581752283302,0.049200832440532194,8.881784197001252e-16,0.4043152458345103,0.40431524583451034,0.8731396226218272,-0.45844775651287567,0.6121720000000012,0.2029885090596497
3,0.4,0.1925,0.16599199562500006,0.44228975437500007,0.2660194742871282,0.20005495732425627,0.20374610108317381,0.04994239407967993,2.220446049250313e-16,0.3999528303251717,0.3999528303251716,0.8746587392672166,-0.45422661250316965,0.6082817500000002,0.2000549573242565
3,0.4,0.195,0.16622849500000006,0.4381945050000009,0.2647850464055706,0.19711310281114103,0.20189232040832783,0.05067966179592598,7.771561172376096e-16,0.39565321230464146,0.39565321230464146,0.8761580760678207,-0.44995973018895774,0.6044230000000009,0.19711310281114103
3,0.4,0.1975,0.16647113687500006,0.4341246131250008,0.2635525338523615,0.1941627939547228,0.2000444659261914,0.051412427709955466,6.661338147750939e-16,0.3914156015520447,0.3914156015520448,0.8776370257443916,-0.44564663710990354,0.6005957500000009,0.1941627939547228
3,0.4,0.2,0.16672000000000006,0.43008000000000063,0.262321939608566,0.19120387921713178,0.1982025290007623,0.052140484902141404,6.661338147750939e-16,0.38723921920000093,0.38723921920000093,0.8790949718785713,-0.441286863270778,0.5968000000000007,0.19120387921713178
3,0.4,0.2025,0.16697516312500008,0.42606058687500004,0.26109326666921157,0.18823620708842292,0.1963665019252694,0.05286362738245609,3.3306690738754696e-16,0.3831232976140593,0.38312329761405933,0.8805312889457727,-0.43687994147064474,0.5930357500000001,0.18823620708842315
3,0.4,0.20500000000000002,0.16723670500000007,0.4220662949999999,0.2598665180433986,0.18525962608679714,0.19453637791532086,0.05358165006168836,0.0,0.37906708027313624,0.3790670802731362,0.8819453423566437,-0.43242540764258763,0.589303,0.1852596260867969
3,0.4,0.20750000000000002,0.16750470437500042,0.4180970456250002,0.25864169675441007,0.18227398475881929,0.19271215110205553,0.05429434872389183,4.440892098500626e-16,0.3750698216509387,0.3750698216509387,0.8833364885074534,-0.42792280120405984,0.5856017500000006,0.18227398475881929
3,0.4,0.21,0.16777924000000044,0.41415276000000056,0.2574188058398226,0.17927913167964427,0.1908938165253069,0.055001520000000026,7.771561172376096e-16,0.3711307870983821,0.371130787098382,0.884704074839748,-0.42337166541795207,0.581932000000001,0.17927913167964427
3,0.4,0.2125,0.16806039062500006,0.4102333593750002,0.25619784835162074,0.17627491545324148,0.18908137012678483,0.05570296134254393,2.220446049250313e-16,0.3672492527270023,0.3672492527270024,0.8860474399096329,-0.4187715477644364,0.5782937500000003,0.17627491545324148
3,0.4,0.215,0.16834823500000043,0.40633876500000066,0.2549788273563126,0.17326118471262442,0.18727480874327074,0.05639847100141271,8.881784197001252e-16,0.3634245052933631,0.3634245052933631,0.8873659134670251,-0.41412200032365404,0.5746870000000011,0.17326118471262442
3,0.4,0.2175,0.16864285187500003,0.4024688981250001,0.2537617459350405,0.17023778812008095,0.18547413009981661,0.05708784800060562,1.1102230246251565e-16,0.35965584208443946,0.35965584208443946,0.8886588165452397,-0.4094225801692926,0.5711117500000001,0.17023778812008095
3,0.4,0.22,0.16894432000000006,0.3986236800000005,0.25254660718370403,0.167204574367408,0.1836793328029842,0.05777089211592057,5.551115123125783e-16,0.35594257080402,0.35594257080401986,0.8899254615612713,-0.40467284977306717,0.5675680000000005,0.167204574367408
3,0.4,0.2225,0.16925271812500003,0.39480303187500043,0.2513334142130729,0.16416139217614578,0.18189041633407577,0.05844740385353364,3.3306690738754696e-16,0.35228400946007243,0.3522840094600725,0.8911651524271234,-0.3998723774201401,0.5640557500000005,0.16416139217614578
3,0.4,0.225,0.16956812500000007,0.39100687500000064,0.2501221701489097,0.16110809029781925,0.18010738104240642,0.05911718442942293,6.661338147750939e-16,0.3486794862531259,0.34867948625312584,0.8923771846725572,-0.39502073763546414,0.5605750000000007,0.16110809029781925
3,0.4,0.2275,0.16989061937500002,0.38723513062500015,0.24891287813208868,0.15804451751417736,0.1783302281385819,0.05978003574959567,2.220446049250313e-16,0.34512833946562793,0.34512833946562804,0.893560845579615,-0.39011751162103003,0.5571257500000002,0.15804451751417714
3,0.4,0.23,0.17022028000000003,0.3834877200000001,0.24770554131871983,0.1549705226374396,0.17655895968780877,0.06043576039107612,1.1102230246251565e-16,0.3416299173523073,0.3416299173523073,0.8947154143292847,-0.3851622877039884,0.5537080000000001,0.1549705226374396
3,0.4,0.2325,0.17055718562500005,0.3797645643750001,0.24650016288027082,0.15188595451054154,0.1747935786032162,0.06108416158362173,2.220446049250313e-16,0.3381835780315171,0.33818357803151716,0.895840162160666,-0.3801546617955769,0.5503217500000002,0.15188595451054132
3,0.4,0.23500000000000001,0.17090141500000008,0.37606558500000054,0.24529674600369264,0.1487906620073851,0.17303408863920988,0.061725043192126794,6.661338147750939e-16,0.3347886893775786,0.33478868937757855,0.8969343525429957,-0.3750942378607854,0.5469670000000006,0.1487906620073851
3,0.4,0.23750000000000002,0.17125304687500006,0.3723907031250002,0.2440952938915457,0.14568449403309125,0.1712804943848425,0.06235820969968375,2.220446049250313e-16,0.33144462891411164,0.3314446289141116,0.8979972413608932,-0.3699806283986527,0.5436437500000003,0.14568449403309125
3,0.4,0.24,0.17161216000000007,0.3687398400000002,0.24289580976212838,0.14256729952425662,0.16953280125721903,0.0629834661912716,3.3306690738754696e-16,0.32815078370836515,0.3281507837083652,0.8990280771131716,-0.36481345493308076,0.5403520000000003,0.14256729952425662
3,0.4,0.2425,0.17197883312500006,0.36511291687500047,0.24169829684960567,0.13943892744921116,0.1677910154949147,0.06360061833803887,4.440892098500626e-16,0.32490655026652965,0.32490655026652965,0.9000261011255728,-0.3595923485140113,0.5370917500000005,0.13943892744921116
3,0.4,0.245,0.17235314500000004,0.36150985499999994,0.2405027584041397,0.13629922680827944,0.16605514415142753,0.0642094723821558,1.1102230246251565e-16,0.3217113344300482,0.3217113344300482,0.9009905477777621,-0.3543169502288039,0.533863,0.13629922680827944
3,0.4,0.2475,0.17273517437500005,0.3579305756250002,0.2393091976920236,0.1331480466340471,0.16432519508865762,0.06480983512220972,3.3306690738754696e-16,0.31856455127292227,0.3185645512729223,0.9019206447449208,-0.3489869117236227,0.5306657500000003,0.1331480466340471
3,0.4,0.25,0.17312500000000003,0.3543750000000004,0.2381176179958133,0.12998523599162648,0.1626011769704061,0.06540151389911686,4.440892098500626e-16,0.3154656250000005,0.31546562500000047,0.9028156132542677,-0.3436018957345976,0.5275000000000004,0.1299852359916267
3,0.4,0.2525,0.17352270062500005,0.3508430493750005,0.23692802261446427,0.1268106439789285,0.16088309925590916,0.06598431658252912,3.3306690738754696e-16,0.31241398884626886,0.3124139888462689,0.9036746683568255,-0.33816157662852747,0.5243657500000005,0.1268106439789285
3,0.4,0.255,0.17392835500000003,0.34733464500000016,0.23574041486346806,0.1236241197269361,0.15917097219339682,0.066558051557714,2.220446049250313e-16,0.3094090849771285,0.30940908497712843,0.9044970192147455,-0.3326656409528396,0.5212630000000003,0.1236241197269361
3,0.4,0.2575,0.17434204187500005,0.3438497081250002,0.2345547980749915,0.12042551239998289,0.15746480681367903,0.06712252771288396,2.220446049250313e-16,0.3064503643896681,0.30645036438966805,0.9052818694044873,-0.32711378799450214,0.5181917500000003,0.12042551239998289
3,0.4,0.26,0.1747638400000001,0.34038815999999994,0.23337117559801598,0.1172146711960318,0.15576461492376015,0.06767755442695877,2.220446049250313e-16,0.30353728681492487,0.3035372868149249,0.9060284172361398,-0.32150573034754754,0.515152,0.1172146711960318
3,0.4,0.2625,0.1751938281250001,0.33694992187500006,0.23218955079848022,0.11399144534696015,0.15407040910048264,0.06822294155774067,2.220446049250313e-16,0.30066932062114277,0.3006693206211427,0.9067358560891553,-0.3158411944888519,0.5121437500000001,0.11399144534696037
3,0.4,0.265,0.17563208500000008,0.33353491500000015,0.23100992705942325,0.1107556841188464,0.1523822026841981,0.06875849943048462,2.220446049250313e-16,0.2978459427180181,0.2978459427180181,0.9074033747647555,-0.31011992136175365,0.5091670000000003,0.1107556841188464
3,0.4,0.2675,0.17607868937500004,0.33014306062500015,0.22983230778112992,0.10750723681225982,0.15070000977246722,0.06928403882684586,3.3306690738754696e-16,0.2950666384619409,0.2950666384619409,0.9080301578552477,-0.30434166696709514,0.5062217500000001,0.10750723681225982
3,0.4,0.27,0.1765337200000001,0.3267742800000003,0.22865669638127825,0.10424595276255633,0.1490238452137881,0.06979937097419131,5.551115123125783e-16,0.29233090156222774,0.29233090156222774,0.908615386130473,-0.2985062029612088,0.5033080000000004,0.10424595276255633
3,0.4,0.2725,0.17699725562500032,0.3234284943750004,0.22748309629508773,0.10097168134017487,0.1473537246013512,0.07030430753525763,7.771561172376096e-16,0.2896382339883449,0.28963823398834476,0.9091582369415939,-0.29261331726035256,0.5004257500000007,0.10097168134017487
3,0.4,0.275,0.17746937500000037,0.32010562500000034,0.22631151097546975,0.09768427195093876,0.14568966426682373,0.07079866059814188,7.771561172376096e-16,0.2869881458781258,0.2869881458781259,0.9096578846423933,-0.2866628146510572,0.4975750000000007,0.09768427195093876
3,0.4,0.2775,0.17795015687500007,0.3168055931250006,0.22514194389318068,0.09438357403636122,0.14403168127416133,0.0712822426666111,5.551115123125783e-16,0.28438015544698136,0.28438015544698136,0.9101135010282563,-0.28065451740581154,0.4947557500000007,0.09438357403636122
3,0.4,0.28,0.17843968000000004,0.3135283199999999,0.22397439853697565,0.09106943707395132,0.14237979341344664,0.07175486665071995,1.1102230246251565e-16,0.2818137888980992,0.2818137888980992,0.9105242557929608,-0.2745882659034731,0.49196799999999996,0.09106943707395132
3,0.4,0.28250000000000003,0.17893802312500007,0.3102737268749997,0.2228088784137651,0.08774171057753,0.1407340191947546,0.07221634585772008,0.0,0.27928858033364035,0.2792885803336403,0.9108893170033843,-0.26846391925377855,0.4892117499999998,0.08774171057753
3,0.4,0.28500000000000003,0.17944526500000008,0.3070417350000001,0.22164538704877215,0.08440024409754421,0.13909437784204293,0.07266649398325264,3.3306690738754696e-16,0.276804071666922,0.276804071666922,0.9112078515922196,-0.2622813559252353,0.48648700000000017,0.08440024409754399
3,0.4,0.28750000000000003,0.17996148437500045,0.3038322656250005,0.22048392798569288,0.08104488722138492,0.137460889287069,0.07310512510281186,8.881784197001252e-16,0.27435981253559677,0.2743598125355967,0.9114790258687404,-0.25604047437570204,0.4837937500000009,0.08104488722138492
3,0.4,0.29,0.18048676000000008,0.30064524000000026,0.219324504786857,0.07767548957371373,0.13583357416333008,0.07353205366346849,4.440892098500626e-16,0.2719553602158212,0.27195536021582123,0.9117020060476412,-0.24974119368489328,0.48113200000000034,0.07767548957371395
3,0.4,0.2925,0.18102117062500006,0.2974805793750005,0.21816712103339517,0.07429190081679016,0.1342124538000351,0.07394709447584535,6.661338147750939e-16,0.2695902795374248,0.26959027953742476,0.9118759587959497,-0.24338345418799467,0.47850175000000056,0.07429190081679016
3,0.4,0.295,0.18156479500000006,0.29433820500000024,0.2170117803254009,0.07089397065080161,0.13259755021608544,0.07435006270633049,2.220446049250313e-16,0.2672641428000565,0.2672641428000565,0.9120000517979536,-0.236967218109573,0.4759030000000003,0.07089397065080183
3,0.4,0.2975,0.1821177118750003,0.2912180381250003,0.21585848628210133,0.06748154881420199,0.13098888611409287,0.07474077386952405,4.440892098500626e-16,0.2649765296903385,0.26497652969033847,0.9120734543380721,-0.23049247019689484,0.4733357500000006,0.06748154881420199
3,0.4,0.3,0.18268000000000006,0.2881200000000005,0.21470724254202533,0.06405448508405054,0.1293864848744064,0.07511904382090684,5.551115123125783e-16,0.26272702720000063,0.2627270272000006,0.912095337901551,-0.22395921835174232,0.47080000000000055,0.06405448508405054
3,0.4,0.3025,0.18325173812500045,0.28504401187500034,0.21355805276317766,0.06061262927635447,0.12779037054916975,0.0754846887497247,6.661338147750939e-16,0.2605152295450157,0.2605152295450157,0.9120648767928272,-0.2173674942597701,0.4682957500000008,0.06061262927635447
3,0.4,0.305,0.18383300500000035,0.2819899950000007,0.21241092062321137,0.057155831246421984,0.12620056785638845,0.07583752517207532,8.881784197001252e-16,0.2583407380857213,0.2583407380857213,0.9119812487713611,-0.21071735401644004,0.4658230000000011,0.057155831246422206
3,0.4,0.3075,0.18442387937500007,0.2789578706250004,0.21126584981960542,0.05368394088921069,0.12461710217402078,0.07617736992419899,5.551115123125783e-16,0.2562031612479357,0.2562031612479357,0.9118436357047087,-0.20400887874846219,0.4633817500000005,0.05368394088921069
3,0.4,0.31,0.18502444000000007,0.27594756000000004,0.2101228440698441,0.05019680813968819,0.12303999953408451,0.07650404015595691,1.1102230246251565e-16,0.2541021144450689,0.2541021144450689,0.9116512242385397,-0.1972421752297318,0.4609720000000001,0.05019680813968819
3,0.4,0.3125,0.18563476562500011,0.272958984375,0.20898190711159667,0.04669428297319311,0.12146928661677414,0.07681735332449513,2.220446049250313e-16,0.25203722000122086,0.2520372200012209,0.9114032064832833,-0.19041737649062995,0.45859375000000013,0.04669428297319311
3,0.4,0.315,0.18625493500000037,0.26999206500000034,0.20784304270290152,0.04317621540580241,0.11990499074459415,0.07711712718808594,6.661338147750939e-16,0.25000810707527454,0.25000810707527454,0.9110987807170291,-0.18353464241956619,0.45624700000000074,0.04317621540580241
3,0.4,0.3175,0.18688502687500005,0.2670467231250001,0.2067062546223506,0.03964245549470102,0.1183471398765017,0.07740317980014155,1.1102230246251565e-16,0.2480144115859797,0.2480144115859797,0.9107371521042558,-0.17659416035560416,0.4539317500000002,0.03964245549470102
3,0.4,0.32,0.18752512000000007,0.2641228800000004,0.20557154666928026,0.03609285333856027,0.11679576260206714,0.07767532950339295,5.551115123125783e-16,0.24605577613803573,0.2460557761380357,0.9103175334299279,-0.16959614567096548,0.4516480000000005,0.03609285333856027
3,0.4,0.3225,0.18817529312500003,0.2612204568750003,0.20443892266395863,0.032527259077917314,0.11525088813562578,0.07793339492422646,2.220446049250313e-16,0.24413184994915393,0.24413184994915393,0.9098391458484353,-0.1625408423421899,0.4493957500000003,0.032527259077917314
3,0.4,0.325,0.1888356250000001,0.2583393750000003,0.20330838644778051,0.02894552289556085,0.11371254631045358,0.07817719496717657,5.551115123125783e-16,0.24224228877812548,0.24224228877812548,0.9093012196468063,-0.15542852350869385,0.44717500000000043,0.02894552289556085
3,0.4,0.3275,0.18950619437500008,0.25547955562500035,0.202179941883462,0.025347495016923904,0.1121807675729315,0.07840654880956643,4.440892098500626e-16,0.24038675485387148,0.24038675485387148,0.908702995021579,-0.14825949201744154,0.4449857500000004,0.025347495016923904
3,0.4,0.33,0.19018708000000012,0.2526409200000003,0.20105359285523863,0.021733025710477083,0.1106555829767214,0.0786212758962912,6.661338147750939e-16,0.23856491680549172,0.23856491680549174,0.9080437228686462,-0.14103408095242426,0.44282800000000044,0.021733025710477083
3,0.4,0.3325,0.19087836062500013,0.2498233893750002,0.19992934326906606,0.018101965288131794,0.1091370241769345,0.07882119593474135,6.661338147750939e-16,0.23677644959330207,0.2367764495933021,0.9073226655853575,-0.133752654147618,0.44070175000000034,0.018101965288131794
3,0.4,0.335,0.19158011500000008,0.24702688500000022,0.19880719705282313,0.01445416410564615,0.10762512342429986,0.07900612888985825,5.551115123125783e-16,0.2350210344408662,0.23502103444086617,0.9065390978840875,-0.12641560668206414,0.4386070000000003,0.01445416410564615
3,0.4,0.3375,0.19229242187500012,0.24425132812499992,0.1976871581565176,0.010789472563034863,0.1061199135593236,0.07917589497932065,1.1102230246251565e-16,0.23329835876801763,0.23329835876801763,0.9056923076164421,-0.11902336535570557,0.43654375,0.010789472563034863
3,0.4,0.34,0.19301536000000014,0.24149664000000018,0.19656923055249528,0.0071077411049902395,0.10462142800644292,0.07933031466885487,4.440892098500626e-16,0.23160811612487717,0.23160811612487714,0.9047815966072059,-0.1115763891446036,0.43451200000000034,0.0071077411049902395
3,0.4,0.3425,0.1937490081250001,0.2387627418750003,0.19545341823565035,0.0034088202213005125,0.10312970076816275,0.07946920866766671,5.551115123125783e-16,0.22995000612685723,0.22995000612685723,0.9038062814970931,-0.10407516963412011,0.4325117500000004,0.0034088202213005125
3,0.4,0.34500000000000003,0.1944934450000003,0.23604955500000016,0.1943397252236405,0.0,0.10164476641918319,0.07959239792399031,4.440892098500626e-16,0.22832373439066467,0.2283237343906647,0.9027656945932941,-0.09652023142868388,0.43054300000000045,-0.00030743955271961276
3,0.4,0.34750000000000003,0.1952487493750003,0.23335700062500012,0.19322815555710324,0.0,0.10016666010050534,0.07969970362075007,4.440892098500626e-16,0.2267290124712917,0.2267290124712917,0.9016591847267706,-0.08891213253671887,0.42860575000000045,-0.004041187635794086
3,0.4,0.35000000000000003,0.19601500000000005,0.2306850000000001,0.1921187132998762,0.0,0.09869541751351585,0.07979094717133073,1.1102230246251565e-16,0.22516555780000014,0.22516555780000014,0.9004861181151915,-0.08125146472931816,0.4267000000000002,-0.007792573400247749
3,0.4,0.3525,0.19679227562500007,0.2280334743750002,0.19101140253922028,0.0,0.09723107491404914,0.0798659502154564,2.220446049250313e-16,0.22363309362329925,0.22363309362329925,0.8992458792303439,-0.07353885387126402,0.4248257500000003,-0.011561746171559695
3,0.4,0.355,0.19758065500000033,0.22540234500000034,0.1899062273860447,0.0,0.09577366910641638,0.07992453461516802,6.661338147750939e-16,0.22213134894291287,0.2221313489429129,0.8979378716688113,-0.06577496022298757,0.42298300000000066,-0.015348855227911296
3,0.4,0.3575,0.1983802168750001,0.222791533125,0.18880319197513587,0.0,0.09432323743740456,0.07996652245090385,1.1102230246251565e-16,0.2206600584567401,0.22066005845674008,0.8965615190246536,-0.05796047871206905,0.42117175000000007,-0.019154049799728456
3,0.4,0.36,0.19919104000000007,0.22020096000000006,0.18770230046539124,0.0,0.09287981779024412,0.07999173601767384,1.1102230246251565e-16,0.21921896250081288,0.21921896250081288,0.8951162657627766,-0.0500961391728979,0.4193920000000001,-0.022977479069217654
3,0.4,0.3625,0.20001320312500012,0.21763054687499994,0.1866035570400522,0.0,0.09144344857852493,0.07999999782132816,1.1102230246251565e-16,0.2178078069922364,0.2178078069922364,0.8936015780916254,-0.04218270655313244,0.4176437500000001,-0.02681929216989598
3,0.4,0.365,0.20084678500000014,0.21508021500000005,0.18550696590694382,0.0,0.09001416874007684,0.07999113057491525,3.3306690738754696e-16,0.21642634337313,0.21642634337313,0.892016944833799,-0.03422098108562299,0.41592700000000016,-0.030679638186112634
3,0.4,0.3675,0.2016918643750001,0.21254988562500018,0.18441253129871638,0.0,0.0885920177307975,0.07996495719512797,4.440892098500626e-16,0.21507432855555625,0.21507432855555625,0.8903618782931283,-0.02621179842447091,0.4142417500000003,-0.03455866615256742
3,0.4,0.37,0.20254852000000034,0.21003948000000047,0.18332025747309036,0.0,0.08717703551842604,0.07992130079883375,8.881784197001252e-16,0.21375152486744398,0.21375152486744398,0.8886359151167266,-0.018156029743957913,0.41258800000000084,-0.03845652505382002
3,0.4,0.3725,0.20341683062500007,0.20754891937500008,0.18223014871310406,0.0,0.08576926257625561,0.07985998469968814,3.3306690738754696e-16,0.21245769999950095,0.21245769999950093,0.8868386171504754,-0.010054581799091522,0.41096575000000013,-0.042373363823791976
3,0.4,0.375,0.20429687500000004,0.20507812500000008,0.18114220932736802,0.0,0.0843687398767905,0.07978083240482747,1.1102230246251565e-16,0.21119262695312513,0.21119262695312516,0.8849695722863777,-0.0019083969465650275,0.40937500000000016,-0.04630933134526405
3,0.4,0.3775,0.20518873187500009,0.2026270181250003,0.18005644365031778,0.0,0.08297550888532124,0.07968366761163725,4.440892098500626e-16,0.20995608398929932,0.20995608398929927,0.8830283953001699,0.006281546875028243,0.40781575000000037,-0.04514114894936494
3,0.4,0.38,0.20609248000000033,0.2001955200000003,0.17897285604247395,0.0,0.08158961155343314,0.07956831420459864,8.881784197001252e-16,0.20874785457848385,0.20874785457848385,0.8810147286775571,0.014514236206828734,0.40628800000000065,-0.04244532791505273
3,0.4,0.3825,0.2070081981250001,0.19778355187500013,0.1778914508907048,0.0,0.08021109031243179,0.07943459625220517,3.3306690738754696e-16,0.20756772735150056,0.20756772735150053,0.8789282434274152,0.022788622174241324,0.40479175000000023,-0.03978420196859067
3,0.4,0.385,0.2079359650000001,0.19539103500000027,0.17681223260849363,0.0,0.0788399880666859,0.07928233800395135,5.551115123125783e-16,0.2064154960514102,0.2064154960514102,0.8767686398802632,0.03110362063536498,0.4033270000000004,-0.03715760478301322
3,0.4,0.3875,0.20887585937500008,0.19301789062499994,0.17573520563620712,0.0,0.07747634818686777,0.07911136388738926,0.0,0.20529095948637693,0.205290959486377,0.8745356484703088,0.03945811237422864,0.40189375000000005,-0.034565369977585636
3,0.4,0.39,0.20982796000000006,0.1906640400000001,0.17466037444137128,0.0,0.07612021450310635,0.07892149850525221,3.3306690738754696e-16,0.20419392148353302,0.204193921483533,0.8722290304993419,0.04785094333969214,0.4004920000000002,-0.03200733111725762
3,0.4,0.3925,0.21079234562500035,0.18832940437500034,0.17358774351894812,0.0,0.074771631298024,0.07871256663264248,6.661338147750939e-16,0.20312419084382755,0.20312419084382755,0.8698485788807441,0.05628092493080106,0.3991217500000007,-0.029483321712104438
3,0.4,0.395,0.21176909500000052,0.18601390500000026,0.17251731739161758,0.0,0.07343064329966587,0.07848439321428158,8.881784197001252e-16,0.20208158129787296,0.20208158129787293,0.8673941188618781,0.06474683432927053,0.3977830000000008,-0.026993175216765364
3,0.4,0.3975,0.2127582868750003,0.18371746312500023,0.17144910061006471,0.0,0.07209729567431011,0.0782368033618237,7.771561172376096e-16,0.20106591146278274,0.2010659114627827,0.864865508723116,0.07324741487972475,0.39647575000000057,-0.024536725029871143
3,0.4,0.4,0.21376000000000014,0.1814399999999999,0.17038309775326893,0.0,0.07077163401914677,0.07796962235122473,2.220446049250313e-16,0.20007700480000007,0.20007700480000007,0.8622626404517657,0.0817813765182192,0.39520000000000005,-0.022113804493461897
3,0.4,0.4025,0.2147743131250001,0.17918143687500004,0.1693193134287994,0.0,0.06945370435482523,0.07768267562017339,2.220446049250313e-16,0.19911468957412076,0.1991146895741208,0.8595854403891774,0.09034739624945193,0.39395575000000016,-0.019724246892401376
3,0.4,0.405,0.21580130500000014,0.17694169500000026,0.16825775227311238,0.0,0.0681435531178527,0.07737578876557327,5.551115123125783e-16,0.19817879881270462,0.19817879881270462,0.856833869849302,0.09894411867302494,0.3927430000000004,-0.017367885453775767
3,0.4,0.40750000000000003,0.21684105437500004,0.174720695625,0.16719841895185494,0.0,0.06684122715284557,0.07704878754108346,1.1102230246251565e-16,0.19726917026708246,0.1972691702670825,0.8540079257070178,0.10757015655895913,0.39156175000000004,-0.01504455334629018
3,0.4,0.41000000000000003,0.21789364000000017,0.17251836000000004,0.16614131816017355,0.0,0.06554677370462325,0.07670149785471025,3.3306690738754696e-16,0.196385646374157,0.196385646374157,0.8511076409545478,0.11622409147259849,0.3904120000000002,-0.012754083679653028
3,0.4,0.41250000000000003,0.2189591406250001,0.1703346093750003,0.1650864546230249,0.0,0.06426024041012335,0.07633374576645102,6.661338147750939e-16,0.1955280742191899,0.1955280742191899,0.8481330852243311,0.12490447444892128,0.38929375000000044,-0.010496309503950974
3,0.4,0.41500000000000004,0.22003763500000015,0.16816936500000015,0.16403383309549294,0.0,0.06298167529014687,0.07594535748598674,5.551115123125783e-16,0.19469630549958616,0.19469630549958614,0.8450843652767354,0.133609826716159,0.3882070000000003,-0.008271063809014434
3,0.4,0.4175,0.2211292018750001,0.16602254812500017,0.16298345836311132,0.0,0.0617111267409125,0.07553615937042557,4.440892098500626e-16,0.1938901964896701,0.1938901964896701,0.84196162545106,0.1423386404684982,0.38715175000000024,-0.006078179523777649
3,0.4,0.42,0.22223392000000006,0.1638940800000004,0.1619353352421888,0.0,0.06044864352541335,0.07510597792209128,7.771561172376096e-16,0.19310960800645174,0.19310960800645174,0.8387650480782984,0.15108937968756364,0.38612800000000047,-0.003917489515623096
3,0.4,0.4225,0.22335186812500019,0.16178388187500004,0.1608894685801405,0.0,0.05919427476456174,0.07465463978635967,2.220446049250313e-16,0.19235440537638557,0.19235440537638557,0.8354948538542081,0.15986048101221484,0.3851357500000002,-0.001788826589719017
3,0.4,0.425,0.22448312500000037,0.1596918750000002,0.15984586325582553,0.0003079765116507094,0.05794806992812551,0.07418197174953955,9.674584402596942e-05,0.19162445840312559,0.19162445840312553,0.8321513021712775,0.1686503546560814,0.3841750000000006,0.00030797651165048734
3,0.4,0.4275,0.22562776937500012,0.15761798062500007,0.15880452417988608,0.0023730871097720208,0.05671007882541923,0.07368780073679582,0.0007576079856573825,0.19091964133626443,0.19091964133626443,0.8287346914082466,0.17745738537217964,0.38324575000000016,0.0023730871097720208
3,0.4,0.43,0.22678588000000036,0.1555621200000003,0.15776545629509678,0.004406672590193006,0.055480351595772914,0.07317195381011832,0.001429658438172443,0.1902398328410758,0.19023983284107576,0.8252453591759157,0.18627993346375532,0.3823480000000007,0.004406672590192784
3,0.4,0.4325,0.2279575356250001,0.1535242143750003,0.15672866457671378,0.006408900403426898,0.05425893869872955,0.07263425816632774,0.0021128604675237916,0.18958491596923682,0.1895849159692368,0.8216836825180425,0.19511633584044247,0.3814817500000004,0.006408900403426898
3,0.4,0.435,0.22914281500000014,0.15150418500000024,0.15569415403283468,0.008379938065668835,0.053045890903995696,0.07207454113512712,0.0028071761666862427,0.1889547781305542,0.18895477813055422,0.818050078066211,0.20396490711866855,0.3806470000000004,0.008379938065668835
3,0.4,0.4375,0.2303417968750001,0.149501953125,0.15466192970475962,0.01031995315951928,0.05184125928110139,0.07149263017718743,0.0035125665059732025,0.188349311065674,0.18834931106567404,0.814345002147644,0.2128239407651174,0.3798437500000001,0.010319953159519057
3,0.4,0.44,0.2315545600000001,0.14751744000000014,0.15363199666736102,0.012229113334721653,0.05064509518878069,0.07088835288227502,0.00422899138238908,0.18776841081978907,0.18776841081978907,0.8105689508450158,0.2216917102819515,0.37907200000000024,0.012229113334721875
3,0.4,0.4425,0.23278118312500012,0.14555056687500012,0.15260436002945665,0.014107586308913067,0.04945745026404191,0.07026153696741466,0.004956409667984163,0.18721197771733478,0.18721197771733483,0.8067224600074223,0.2305664704323651,0.37833175000000024,0.014107586308913067
3,0.4,0.445,0.234021745,0.14360125500000023,0.15157902493419081,0.015955539868381052,0.04827837641092869,0.06961201027509079,0.005694779257210847,0.18667991633768044,0.18667991633768044,0.8028061052117625,0.2394464585049102,0.37762300000000026,0.015955539868381274
3,0.4,0.4475,0.23527632437500004,0.14166942562500012,0.15055599655941979,0.01777314186883938,0.04710792578894596,0.06893960077148087,0.006444057113262458,0.18617213549181064,0.18617213549181066,0.7988205016738865,0.24832989561495222,0.3769457500000002,0.01777314186883938
3,0.4,0.45,0.23654500000000014,0.13975499999999996,0.14953528011810457,0.019560560236209223,0.0459461508011465,0.06824413654472727,0.00720419931338645,0.1856885482000001,0.18568854820000008,0.7947663041089797,0.25721498804145665,0.3763000000000001,0.019560560236209223
3,0.4,0.4525,0.23782785062500011,0.13785789937499993,0.14851688085870912,0.021317962967418502,0.04479310408185477,0.06752544580324016,0.007975161093171756,0.18522907167047983,0.18522907167047983,0.7906442065407544,0.26609992859723897,0.37568575000000004,0.021317962967418502
3,0.4,0.455,0.23912495500000017,0.13597804500000021,0.14750080406560515,0.02304551813120992,0.0436488384840209,0.06678335687403347,0.008756896889800525,0.1847936272790966,0.18479362727909662,0.786454942059141,0.2749828980306738,0.3751030000000004,0.02304551813120992
3,0.4,0.4575,0.24043639187500018,0.13411535812499994,0.14648705505948298,0.024743393868966068,0.042513407066180786,0.06601769820109471,0.00954936038426668,0.18438214054996238,0.18438214054996238,0.7821992825262887,0.28386206645677187,0.3745517500000001,0.024743393868966068
3,0.4,0.46,0.2417622400000002,0.13226976000000001,0.14547563919777087,0.026411758395541662,0.04138686307902062,0.06522829834378308,0.010352504542566865,0.18399454113710106,0.18399454113710104,0.7778780382307973,0.29273559481541717,0.37403200000000025,0.026411758395541662
3,0.4,0.4625,0.24310257812500033,0.13044117187500032,0.14446656187505844,0.028050780000116182,0.04026925995150954,0.06441498597526207,0.01116628165585487,0.18363076280708068,0.18363076280708068,0.7734920574902308,0.3016016363545095,0.3735437500000006,0.028050780000116404
3,0.4,0.465,0.24445748500000006,0.12862951500000006,0.14345982852352784,0.029660627047055632,0.0391606512766014,0.06357758988095608,0.011990643379579113,0.1832907434226419,0.1832907434226419,0.7690422262020805,0.310458338135609,0.3730870000000001,0.02966062704705541
3,0.4,0.4675,0.24582703937500017,0.1268347106250002,0.14245544461339496,0.031241467976789394,0.03806109079648734,0.06271593895704375,0.012825540771604915,0.18297442492732158,0.18297442492732158,0.7645294673434815,0.31930384255963984,0.37266175000000035,0.031241467976789616
3,0.4,0.47000000000000003,0.2472113200000002,0.1250566800000001,0.1414534156533522,0.03279347130670418,0.036970632387361646,0.06182986220897124,0.013670924329321266,0.18268175333105952,0.18268175333105952,0.759954740420085,0.32813628891014013,0.37226800000000027,0.03279347130670418
3,0.4,0.47250000000000003,0.2486104056250004,0.12329534437500018,0.14045374719102394,0.03431680563204753,0.03588933004371797,0.06091918875000024,0.014526744025760818,0.18241267869680805,0.18241267869680808,0.7553190408646476,0.3369538149114393,0.3719057500000006,0.03431680563204731
3,0.4,0.47500000000000003,0.2500243750000002,0.12155062499999994,0.13945644481342553,0.0358116396268513,0.03481723786212232,0.05998374779977711,0.015392949344725682,0.18216715512812515,0.18216715512812517,0.7506233993859948,0.3457545582991327,0.3715750000000001,0.0358116396268513
3,0.4,0.47750000000000004,0.25145330687500017,0.11982244312500001,0.1384615141474338,0.03727814204486757,0.03375441002447499,0.05902336868293445,0.016269489314948538,0.18194514075776733,0.18194514075776733,0.7458688812691576,0.35453665840012466,0.3712757500000002,0.03727814204486757
3,0.4,0.48,0.25289728000000017,0.11811072000000007,0.13746896086026117,0.03871648172052211,0.03270090078071686,0.05803788082771266,0.017156312543286423,0.18174659773726748,0.1817465977372675,0.7410565856275934,0.3632982577195101,0.3710080000000002,0.03871648172052211
3,0.4,0.4825,0.25435637312500026,0.11641537687499999,0.136478790659941,0.04012682756988206,0.0316567644309822,0.05702711376460967,0.018053367246977037,0.1815714922275103,0.1815714922275103,0.7361876446085276,0.3720375035314858,0.37077175000000023,0.04012682756988184
3,0.4,0.485,0.2558306650000002,0.11473633500000016,0.1354910092958202,0.041509348591640016,0.03062205530716766,0.05599089712505534,0.018960601284965684,0.1814197943902982,0.1814197943902982,0.7312632225525753,0.38075254947148535,0.3705670000000003,0.041509348591640016
3,0.4,0.4875,0.2573202343750002,0.11307351562500022,0.134505622559059,0.04286421386811767,0.029596827753898602,0.05492906064010805,0.01987796218831861,0.18129147838090862,0.1812914783809086,0.7262845151089016,0.38944155712670586,0.3703937500000004,0.04286421386811767
3,0.4,0.49,0.2588251600000001,0.11142684000000014,0.13352263628314123,0.044191592566282134,0.028581136108879024,0.053841434139176414,0.0208053971897455,0.1811865223416451,0.18118652234164506,0.7212527483073212,0.3981026976221597,0.37025200000000025,0.044191592566282134
3,0.4,0.4925,0.26034552062500016,0.10979622937500015,0.13254205634439217,0.04549165393878396,0.02757503468260003,0.05272784754876336,0.021742853252244565,0.18110490839638,0.18110490839638,0.7161691775888133,0.4067341531994158,0.3701417500000003,0.04549165393878418
3,0.4,0.495,0.26188139500000024,0.10818160500000017,0.1315638886625051,0.04676456732500989,0.026578577737387366,0.051588130891231376,0.022690277096888645,0.18104662264608862,0.18104662264608862,0.7110350867960588,0.41533411878517956,0.3700630000000004,0.04676456732500989
3,0.4,0.4975,0.26343286187500026,0.10658288812500008,0.1305881392010776,0.04801050215215508,0.02559181946577138,0.05042211428359211,0.023647615229775654,0.18101165516537676,0.18101165516537673,0.7058517871256966,0.4239008035468762,0.3700157500000003,0.04801050215215508
3,0.4,0.5,0.26500000000000046,0.10499999999999998,0.1296148139681573,0.04922962793631469,0.02461481396815779,0.04922962793631447,0.0246148139681579,0.18100000000000044,0.18100000000000047,0.7006206160440926,0.4324324324324332,0.37000000000000044,0.04922962793631469
3,0.4,0.5025000000000001,0.26658288812500025,0.10343286187499993,0.12864391901679612,0.050422114283592334,0.02364761522977521,0.04801050215215508,0.02559181946577116,0.18101165516537657,0.18101165516537654,0.6953429361685066,0.44092724769148406,0.3700157500000002,0.050422114283592334
3,0.4,0.505,0.26818160500000016,0.1018813950000001,0.12767546044561587,0.0515881308912316,0.022690277096888534,0.04676456732500989,0.026578577737387143,0.18104662264608848,0.18104662264608848,0.6900201341156278,0.4493835103752603,0.37006300000000025,0.051588130891231376
3,0.4,0.5075000000000001,0.26979622937500025,0.10034552062499995,0.12670944439938167,0.05272784754876336,0.021742853252244343,0.04549165393878396,0.02757503468259992,0.18110490839637988,0.18110490839637988,0.6846536193195261,0.45779950181248186,0.3701417500000002,0.052727847548763584
3,0.4,0.51,0.2714268400000001,0.09882516000000019,0.1257458770695884,0.053841434139176414,0.020805397189745722,0.044191592566282356,0.028581136108879024,0.18118652234164515,0.18118652234164512,0.6792448228211504,0.4661735250586081,0.3702520000000003,0.053841434139176414
3,0.4,0.5125,0.27307351562500015,0.0973202343750002,0.12478476469505417,0.05492906064010805,0.01987796218831861,0.04286421386811767,0.02959682775389849,0.18129147838090853,0.18129147838090853,0.6737951960315424,0.47450390631591316,0.37039375000000035,0.05492906064010805
3,0.4,0.515,0.2747363350000003,0.09583066500000012,0.12382611356252778,0.05599089712505534,0.018960601284965795,0.041509348591640016,0.030622055307167884,0.18141979439029826,0.18141979439029826,0.668306209471041,0.4827889963218526,0.3705670000000004,0.05599089712505534
3,0.4,0.5175,0.2764153768750005,0.09435637312500011,0.12286993000730512,0.057027113764609894,0.01805336724697737,0.040126827569882284,0.03165676443098264,0.18157149222751062,0.18157149222751062,0.6627793514867565,0.49102717170334603,0.3707717500000006,0.057027113764609894
3,0.4,0.52,0.2781107200000002,0.09289727999999996,0.12191622041385633,0.05803788082771266,0.01715631254328598,0.03871648172052211,0.032700900780716635,0.1817465977372673,0.1817465977372673,0.6572161269506656,0.49921683629463565,0.37100800000000017,0.05803788082771266
3,0.4,0.5225,0.2798224431250001,0.09145330687499999,0.12096499121646727,0.059023368682934674,0.016269489314948204,0.03727814204486757,0.03375441002447488,0.1819451407577672,0.1819451407577672,0.6516180559407246,0.5073564224164926,0.37127575000000007,0.059023368682934674
3,0.4,0.525,0.2815506250000003,0.09002437499999998,0.12001624889988856,0.05998374779977711,0.015392949344725682,0.035811639626850855,0.03481723786212254,0.18216715512812526,0.18216715512812526,0.6459866724073927,0.5154443921146475,0.37157500000000027,0.05998374779977733
3,0.4,0.5275,0.2832953443750002,0.08861040562499999,0.11907,0.06091918875000002,0.014526744025760263,0.03431680563204731,0.03588933004371753,0.18241267869680772,0.18241267869680766,0.640323522828028,0.523479238355417,0.3719057500000002,0.06091918875000002
3,0.4,0.53,0.2850566800000002,0.08721131999999998,0.11812625110448567,0.061829862208971464,0.013670924329320933,0.03279347130670418,0.036970632387361424,0.18268175333105935,0.18268175333105935,0.6346301648515887,0.5314594861766258,0.37226800000000015,0.061829862208971464
3,0.4,0.5325,0.28683471062500016,0.0858270393750002,0.11718500885352204,0.06271593895704375,0.012825540771605026,0.031241467976789616,0.03806109079648712,0.18297442492732155,0.18297442492732155,0.6289081659361173,0.539383693792024,0.37266175000000035,0.06271593895704353
3,0.4,0.535,0.2886295150000003,0.08445748500000005,0.11624627994047816,0.0635775898809563,0.011990643379579335,0.02966062704705541,0.03916065127660184,0.18329074342264212,0.18329074342264212,0.6231591019814577,0.5472504536475409,0.37308700000000034,0.0635775898809563
3,0.4,0.5375,0.2904411718750002,0.08310257812500006,0.11531007111263099,0.06441498597526185,0.011166281655854537,0.028050780000116182,0.040269259951508984,0.18363076280708038,0.18363076280708035,0.617384555959675,0.5550583934278113,0.37354375000000023,0.06441498597526185
3,0.4,0.54,0.29226976000000016,0.08176224000000015,0.11437638917189172,0.06522829834378308,0.010352504542566976,0.026411758395541662,0.04138686307902073,0.18399454113710115,0.18399454113710112,0.6115861165455984,0.5628061770115922,0.3740320000000003,0.0652282983437833
3,0.4,0.5425,0.2941153581250002,0.08043639187500005,0.11344524097554738,0.06601769820109471,0.009549360384266903,0.024743393868965846,0.04251340706618101,0.18438214054996263,0.1843821405499626,0.6057653767499273,0.570492505374758,0.3745517500000003,0.06601769820109471
3,0.4,0.545,0.29597804500000013,0.07912495500000005,0.11251663343701683,0.06678335687403347,0.008756896889800192,0.02304551813120992,0.04364883848402057,0.18479362727909643,0.18479362727909643,0.5999239325572804,0.5781161174397431,0.3751030000000002,0.06678335687403347
3,0.4,0.5475,0.2978578993750002,0.0778278506250001,0.11159057352662016,0.06752544580324016,0.007975161093171979,0.021317962967418058,0.04479310408185522,0.18522907167048003,0.18522907167048008,0.5940633815715399,0.5856757908704281,0.37568575000000026,0.06752544580324016
3,0.4,0.55,0.2997550000000003,0.07654500000000009,0.11066706827236375,0.06824413654472727,0.007204199313386894,0.019560560236209,0.045946150801147057,0.18568854820000047,0.18568854820000044,0.5881853216708138,0.5931703428115864,0.3763000000000004,0.06824413654472727
3,0.4,0.5525,0.3016694256250001,0.07527632437500004,0.10974612476074044,0.06893960077148087,0.006444057113262236,0.01777314186883938,0.04710792578894585,0.1861721354918106,0.1861721354918106,0.5822913496742722,0.6005986305721711,0.37694575000000013,0.06893960077148087
3,0.4,0.555,0.3036012550000002,0.07402174500000014,0.10882775013754546,0.06961201027509056,0.005694779257211291,0.015955539868381274,0.04827837641092869,0.1866799163376805,0.1866799163376805,0.5763830600230673,0.6079595522518486,0.3776230000000003,0.06961201027509056
3,0.4,0.5575,0.3055505668750002,0.07278118312499997,0.10791195160870737,0.07026153696741488,0.004956409667983941,0.014107586308913067,0.04945745026404191,0.18721197771733472,0.18721197771733472,0.5704620434774893,0.6152520473103305,0.3783317500000002,0.07026153696741488
3,0.4,0.56,0.30751744000000025,0.07155456000000002,0.10699873644113751,0.07088835288227502,0.004228991382388969,0.012229113334721653,0.05064509518878069,0.1877684108197891,0.18776841081978907,0.5645298858324405,0.6224750970791829,0.3790720000000003,0.07088835288227502
3,0.4,0.5625,0.3095019531250005,0.07034179687500006,0.10608811196359387,0.07149263017718765,0.0035125665059736466,0.01031995315951928,0.05184125928110195,0.18834931106567437,0.18834931106567437,0.5585881666532289,0.6296277252159607,0.3798437500000006,0.07149263017718765
3,0.4,0.5650000000000001,0.3115041850000002,0.06914281499999997,0.1051800855675636,0.07207454113512735,0.0028071761666859096,0.008379938065668835,0.05304589090399536,0.188954778130554,0.188954778130554,0.5526384580336299,0.6367089981006027,0.3806470000000002,0.07207454113512735
3,0.4,0.5675,0.3135242143750001,0.06795753562500002,0.10427466470816393,0.07263425816632774,0.0021128604675235696,0.00640890040342712,0.05425893869872922,0.1895849159692366,0.1895849159692366,0.5466823233780589,0.6437180251742056,0.3814817500000001,0.07263425816632774
3,0.4,0.5700000000000001,0.3155621200000002,0.06678588000000003,0.10337185690505907,0.0731719538101181,0.001429658438172221,0.004406672590192784,0.05548035159577247,0.1902398328410755,0.19023983284107554,0.5407213162096258,0.6506539592203961,0.38234800000000024,0.07317195381011787
3,0.4,0.5725,0.3176179806250005,0.06562776937500005,0.102471669743398,0.07368780073679582,0.0007576079856578266,0.002373087109772243,0.056710078825419785,0.19091964133626477,0.1909196413362648,0.5347569790057572,0.6575159965896559,0.38324575000000055,0.07368780073679604
3,0.4,0.5750000000000001,0.3196918750000005,0.06448312500000003,0.1015741108747698,0.07418197174953955,9.67458440258584e-05,0.0003079765116507094,0.0579480699281254,0.1916244584031255,0.19162445840312553,0.5287908420629642,0.6643033773670857,0.38417500000000054,0.07418197174953933
3,0.4,0.5775,0.3217838818750001,0.06335186812499997,0.10067918801817981,0.07465463978635967,2.220446049250313e-16,0.0,0.05919427476456174,0.19235440537638548,0.19235440537638554,0.5228244223922592,0.6710153854842094,0.3851357500000001,0.07465463978635967
3,0.4,0.58,0.32389408000000014,0.062233920000000026,0.09978690896104563,0.07510597792209128,1.1102230246251565e-16,0.0,0.06044864352541268,0.19310960800645133,0.19310960800645133,0.5168592226466124,0.6776513487755357,0.38612800000000014,0.07510597792209106
3,0.4,0.5825,0.3260225481250001,0.06112920187499999,0.09889728156021277,0.07553615937042557,1.1102230246251565e-16,0.0,0.06171112674091228,0.19389019648966987,0.19389019648966987,0.5108967300817457,0.6842106389807099,0.38715175000000007,0.07553615937042535
3,0.4,0.585,0.3281693650000001,0.06003763500000011,0.0980103137429935,0.07594535748598674,4.440892098500626e-16,0.0,0.06298167529014653,0.19469630549958605,0.19469630549958603,0.5049384155514632,0.6906926716931943,0.3882070000000002,0.07594535748598674
3,0.4,0.5875,0.3303346093750003,0.058959140625000024,0.09712601350822553,0.07633374576645102,4.440892098500626e-16,0.0,0.06426024041012335,0.19552807421918983,0.19552807421918983,0.49898573253860584,0.6970969062565224,0.3892937500000003,0.0763337457664508
3,0.4,0.59,0.3325183600000003,0.05789364000000002,0.09624438892735517,0.07670149785471025,3.3306690738754696e-16,0.0,0.06554677370462336,0.1963856463741571,0.19638564637415706,0.49304011622263194,0.7034228456092539,0.3904120000000003,0.07670149785471048
3,0.4,0.5925,0.33472069562500045,0.05684105437500004,0.09536544814554174,0.07704878754108346,6.661338147750939e-16,0.0,0.06684122715284624,0.1972691702670829,0.19726917026708293,0.48710298258469636,0.7096700360798778,0.3915617500000005,0.07704878754108324
3,0.4,0.595,0.3369416950000002,0.05580130500000012,0.09448919938278673,0.07737578876557327,6.661338147750939e-16,0.0,0.0681435531178527,0.1981787988127046,0.1981787988127046,0.4811757275510278,0.7158380671329594,0.39274300000000034,0.07737578876557327
3,0.4,0.5975,0.3391814368750003,0.054774313125000064,0.09361565093508678,0.07768267562017339,5.551115123125783e-16,0.0,0.06945370435482556,0.19911468957412104,0.199114689574121,0.4752597261752706,0.7219265710679434,0.3939557500000004,0.07768267562017339
3,0.4,0.6,0.3414400000000003,0.05376,0.09274481117561242,0.07796962235122473,3.3306690738754696e-16,0.0,0.0707716340191471,0.2000770048000003,0.20007700480000032,0.4693563318603864,0.7279352226720649,0.39520000000000033,0.07796962235122473
3,0.4,0.6025,0.3437174631250002,0.05275828687500013,0.09187668855591186,0.07823680336182348,6.661338147750939e-16,0.0,0.07209729567430978,0.2010659114627825,0.20106591146278252,0.4634668756205735,0.7338637388289191,0.3964757500000003,0.07823680336182348
3,0.4,0.605,0.3460139050000003,0.051769094999999994,0.09101129160714072,0.07848439321428136,4.440892098500626e-16,0.0,0.0734306432996652,0.20208158129787251,0.20208158129787251,0.45759266538359183,0.7397118780842824,0.3977830000000003,0.07848439321428136
3,0.4,0.6075,0.34832940437500026,0.05079234562500008,0.09014862894132121,0.07871256663264226,6.661338147750939e-16,0.0,0.07477163129802367,0.20312419084382732,0.20312419084382732,0.45173498533377915,0.7454794401708249,0.39912175000000033,0.07871256663264226
3,0.4,0.61,0.3506640400000004,0.04982796000000008,0.08928870925262626,0.07892149850525243,5.551115123125783e-16,0.0,0.0761202145031068,0.20419392148353327,0.2041939214835333,0.4458950952959168,0.751166265493443,0.40049200000000046,0.07892149850525221
3,0.4,0.6125,0.3530178906250003,0.04887585937500008,0.08843154131869474,0.07911136388738926,5.551115123125783e-16,0.0,0.07747634818686833,0.20529095948637732,0.20529095948637735,0.44007423016005925,0.7567722345769247,0.4018937500000004,0.07911136388738926
3,0.4,0.615,0.35539103500000024,0.04793596499999996,0.08757713400197563,0.07928233800395135,2.220446049250313e-16,0.0,0.07883998806668568,0.20641549605141002,0.20641549605141002,0.4342735993473067,0.7622972674777542,0.4033270000000002,0.07928233800395135
3,0.4,0.6175,0.35778355187500027,0.04700819812500007,0.08672549625110261,0.07943459625220517,6.661338147750939e-16,0.0,0.08021109031243212,0.20756772735150075,0.20756772735150072,0.4284943863164333,0.767741323161848,0.40479175000000034,0.07943459625220495
3,0.4,0.62,0.3601955200000002,0.046092479999999963,0.08587663710229923,0.07956831420459842,1.1102230246251565e-16,0.0,0.08158961155343236,0.20874785457848338,0.20874785457848338,0.4227377481111881,0.773104398850077,0.4062880000000002,0.07956831420459842
3,0.4,0.6225,0.3626270181250002,0.04518873187500009,0.08503056568081867,0.07968366761163725,5.551115123125783e-16,0.0,0.08297550888532124,0.2099560839892992,0.2099560839892992,0.4170048149480181,0.7783865293334058,0.4078157500000003,0.07968366761163725
3,0.4,0.625,0.36507812500000036,0.04429687500000007,0.08418729120241376,0.07978083240482747,5.551115123125783e-16,0.0,0.08436873987679094,0.21119262695312546,0.21119262695312543,0.4112966898438531,0.783587786259542,0.40937500000000043,0.07978083240482725
3,0.4,0.6275000000000001,0.3675489193750003,0.043416830625000055,0.08334682297484416,0.07985998469968814,4.440892098500626e-16,0.0,0.08576926257625583,0.21245769999950115,0.21245769999950112,0.4056144482835569,0.7887082773929457,0.41096575000000035,0.07985998469968836
3,0.4,0.63,0.3700394800000005,0.04254852000000005,0.08250917039941694,0.07992130079883375,4.440892098500626e-16,0.0,0.0871770355184256,0.2137515248674437,0.2137515248674437,0.3999591379265361,0.7937481458500975,0.4125880000000005,0.07992130079883375
3,0.4,0.6325000000000001,0.37254988562500047,0.041691864375000005,0.081674342972564,0.07996495719512797,4.440892098500626e-16,0.0,0.08859201773079761,0.21507432855555636,0.21507432855555636,0.3943317783519595,0.7987075693118815,0.41424175000000046,0.07996495719512797
3,0.4,0.635,0.37508021500000016,0.04084678500000006,0.0808423502874577,0.07999113057491525,4.440892098500626e-16,0.0,0.09001416874007695,0.21642634337313008,0.21642634337313008,0.3887333608419634,0.8035867592149581,0.4159270000000002,0.07999113057491525
3,0.4,0.6375000000000001,0.3776305468750003,0.040013203125,0.0800132020356641,0.07999999782132816,4.440892098500626e-16,0.0,0.09144344857852515,0.2178078069922367,0.21780780699223667,0.38316484820215335,0.8083859599239784,0.4176437500000003,0.07999999782132816
3,0.4,0.64,0.3802009600000003,0.03919103999999996,0.07918690800883689,0.07999173601767384,2.220446049250313e-16,0.0,0.09287981779024435,0.21921896250081307,0.21921896250081307,0.377627174618671,0.8131054478864645,0.41939200000000026,0.07999173601767384
3,0.4,0.6425,0.382791533125,0.03838021687500002,0.0783634781004519,0.07996652245090385,1.1102230246251565e-16,0.0,0.09432323743740456,0.2206600584567401,0.22066005845674008,0.3721212455510223,0.8177455307721848,0.42117175000000007,0.07996652245090363
3,0.4,0.645,0.3854023450000006,0.03758065500000007,0.07754292230758408,0.07992453461516802,7.771561172376096e-16,0.0,0.09577366910641638,0.22213134894291287,0.22213134894291284,0.3666479376598301,0.8223065465987994,0.42298300000000066,0.07992453461516802
3,0.4,0.6475,0.3880334743750004,0.036792275624999975,0.07672525073272812,0.0798659502154564,3.3306690738754696e-16,0.0,0.09723107491404925,0.22363309362329936,0.22363309362329942,0.36120809876862714,0.8267888628455315,0.4248257500000004,0.07986595021545617
3,0.4,0.65,0.3906850000000003,0.03601499999999999,0.07591047358566537,0.07979094717133073,2.220446049250313e-16,0.0,0.09869541751351596,0.22516555780000025,0.22516555780000025,0.3558025478587547,0.8311928755565973,0.4267000000000003,0.07979094717133073
3,0.4,0.6525,0.3933570006250002,0.03524874937500005,0.07509860118537502,0.07969970362074985,4.440892098500626e-16,0.0,0.10016666010050512,0.2267290124712915,0.2267290124712915,0.3504320750964026,0.8355190084360742,0.42860575000000023,0.07969970362075007
3,0.4,0.655,0.3960495550000001,0.03449344500000002,0.07428964396199515,0.07959239792399031,2.220446049250313e-16,0.0,0.10164476641918274,0.22832373439066433,0.2283237343906643,0.345097441890799,0.8397677119358578,0.4305430000000001,0.07959239792399009
3,0.4,0.6575,0.398762741875,0.03374900812499999,0.0734836124588333,0.07946920866766671,0.0,0.0034088202213002905,0.10312970076816219,0.22995000612685676,0.22995000612685673,0.3397993809825204,0.8439394623383065,0.43251175,0.07946920866766649
3,0.4,0.66,0.40149664000000024,0.03301536,0.0726805173344274,0.07933031466885487,3.3306690738754696e-16,0.0071077411049904615,0.10462142800644281,0.2316081161248771,0.23160811612487708,0.3345385965608654,0.848034760835144,0.43451200000000023,0.07933031466885465
3,0.4,0.6625,0.4042513281250002,0.032292421875,0.07188036936466034,0.07917589497932065,1.1102230246251565e-16,0.010789472563035307,0.1061199135593236,0.23329835876801777,0.2332983587680178,0.32931576440922733,0.8520541326041206,0.4365437500000002,0.07917589497932065
3,0.4,0.665,0.4070268850000004,0.031580114999999964,0.07108317944492913,0.07900612888985825,2.220446049250313e-16,0.014454164105646372,0.10762512342429975,0.23502103444086614,0.23502103444086617,0.324131532077368,0.8559981258849041,0.43860700000000036,0.07900612888985847
3,0.4,0.6675,0.40982338937500024,0.030878360625000035,0.07028895859237073,0.07882119593474135,4.440892098500626e-16,0.018101965288131794,0.1091370241769345,0.236776449593302,0.23677644959330196,0.318986519079494,0.8598673110556061,0.4407017500000003,0.07882119593474135
3,0.4,0.67,0.4126409200000004,0.030187079999999984,0.0694977179481456,0.0786212758962912,4.440892098500626e-16,0.021733025710477083,0.11065558297672118,0.2385649168054916,0.2385649168054916,0.3138813171170095,0.8636622797113103,0.4428280000000004,0.0786212758962912
3,0.4,0.6725,0.4154795556250004,0.029506194375000013,0.06870946877978322,0.07840654880956643,5.551115123125783e-16,0.025347495016923904,0.1121807675729315,0.2403867548538715,0.2403867548538715,0.3088164903248392,0.8673836437458953,0.4449857500000004,0.07840654880956643
3,0.4,0.675,0.4183393750000004,0.028835625000000028,0.06792422248358833,0.07817719496717657,4.440892098500626e-16,0.02894552289556085,0.11371254631045347,0.24224228877812543,0.24224228877812543,0.30379257554017225,0.871032034438419,0.44717500000000043,0.07817719496717657
3,0.4,0.6775,0.4212204568750003,0.02817529312500004,0.06714199058711327,0.07793339492422646,4.440892098500626e-16,0.03252725907791709,0.115250888135626,0.24413184994915402,0.24413184994915405,0.2988100825925177,0.8746081015452415,0.44939575000000037,0.07793339492422646
3,0.4,0.68,0.42412288000000054,0.02752512000000004,0.06636278475169659,0.07767532950339318,5.551115123125783e-16,0.03609285333856005,0.11679576260206725,0.2460557761380358,0.2460557761380358,0.2938694946139317,0.8781125123990364,0.45164800000000055,0.07767532950339295
3,0.4,0.6825,0.4270467231249999,0.02688502687500004,0.06558661677507087,0.07740317980014177,1.1102230246251565e-16,0.0396424554947008,0.11834713987650158,0.24801441158597953,0.24801441158597953,0.2889712683682993,0.8815459510157637,0.45393174999999997,0.07740317980014155
3,0.4,0.685,0.4299920650000004,0.026254935000000038,0.06481349859404295,0.07711712718808572,6.661338147750939e-16,0.04317621540580241,0.11990499074459382,0.2500081070752743,0.2500081070752743,0.2841158345985525,0.8849091172106336,0.45624700000000046,0.07711712718808572
3,0.4,0.6875,0.4329589843750007,0.02563476562500004,0.0640434422872476,0.07681735332449513,8.881784197001252e-16,0.04669428297319311,0.12146928661677492,0.25203722000122153,0.25203722000122153,0.27930359839072166,0.8882027257240204,0.45859375000000074,0.07681735332449513
3,0.4,0.6900000000000001,0.43594756000000057,0.02502443999999999,0.06327646007797845,0.07650404015595691,4.440892098500626e-16,0.05019680813968863,0.12303999953408495,0.25410211444506936,0.25410211444506936,0.27453493955371855,0.8914275053582432,0.46097200000000055,0.07650404015595691
3,0.4,0.6925,0.43895787062500086,0.024423879375,0.06251256433709952,0.07617736992419899,7.771561172376096e-16,0.05368394088921091,0.12461710217402122,0.2562031612479361,0.2562031612479361,0.26981021301378144,0.8945841981260594,0.46338175000000087,0.07617736992419899
3,0.4,0.6950000000000001,0.4419899950000004,0.023833005000000008,0.06175176758603758,0.0758375251720751,4.440892098500626e-16,0.057155831246421984,0.12620056785638778,0.25834073808572067,0.25834073808572067,0.2651297492225052,0.8976735584116715,0.46582300000000043,0.07583752517207532
3,0.4,0.6975,0.4450440118750003,0.023251738125000018,0.06099408249986227,0.07548468874972447,5.551115123125783e-16,0.06061262927635447,0.1277903705491692,0.2605152295450153,0.26051522954501527,0.2604938545774213,0.9006963521449853,0.46829575000000034,0.07548468874972447
3,0.4,0.7000000000000001,0.4481200000000003,0.02268000000000005,0.06023952191045352,0.07511904382090684,5.551115123125783e-16,0.06405448508405032,0.12938648487440618,0.2627270272000004,0.2627270272000004,0.25590281185409297,0.9036533559898045,0.47080000000000033,0.07511904382090706
3,0.4,0.7025,0.45121803812500033,0.02211771187500003,0.05948809880976199,0.07474077386952382,4.440892098500626e-16,0.06748154881420221,0.13098888611409265,0.2649765296903383,0.26497652969033836,0.2513568806487232,0.906545356546595,0.4733357500000004,0.07474077386952405
3,0.4,0.705,0.45433820500000016,0.021564795,0.0587398263531652,0.07435006270633049,1.1102230246251565e-16,0.07089397065080161,0.1325975502160852,0.2672641428000564,0.2672641428000564,0.2468562978302939,0.9093731495703956,0.4759030000000002,0.07435006270633049
3,0.4,0.7075,0.4574805793750004,0.02102117062500003,0.05799471786292271,0.07394709447584535,5.551115123125783e-16,0.07429190081679016,0.134212453800035,0.26959027953742465,0.2695902795374247,0.2424012780012723,0.912137539204402,0.47850175000000045,0.07394709447584535
3,0.4,0.71,0.46064524000000023,0.020486760000000048,0.057252786831734306,0.07353205366346849,4.440892098500626e-16,0.07767548957371373,0.13583357416333008,0.2719553602158211,0.2719553602158211,0.23799201396595643,0.9148393372296999,0.4811320000000003,0.07353205366346849
3,0.4,0.7125,0.4638322656250005,0.019961484374999998,0.05651404692640584,0.07310512510281164,5.551115123125783e-16,0.08104488722138514,0.13746088928706857,0.27435981253559627,0.2743598125355963,0.23362867720554795,0.9174793623315722,0.4837937500000005,0.07310512510281164
3,0.4,0.715,0.4670417350000006,0.019445265000000024,0.05577851199162635,0.07266649398325264,6.661338147750939e-16,0.08440024409754465,0.13909437784204348,0.27680407166692256,0.27680407166692256,0.22931141835907753,0.9200584393827584,0.48648700000000067,0.07266649398325264
3,0.4,0.7175,0.47027372687500013,0.01893802312500005,0.05504619605386015,0.0722163458577203,4.440892098500626e-16,0.08774171057753044,0.14073401919475503,0.2792885803336408,0.2792885803336408,0.22504036770932068,0.9225773987439998,0.48921175000000017,0.0722163458577203
3,0.4,0.72,0.4735283200000004,0.01843968000000002,0.05431711332536003,0.07175486665071995,3.3306690738754696e-16,0.09106943707395154,0.14237979341344698,0.28181378889809966,0.2818137888980996,0.22081563567288923,0.9250370755821518,0.4919680000000004,0.07175486665071995
3,0.4,0.7225,0.47680559312500054,0.017950156875000046,0.05359127820830564,0.0712822426666111,6.661338147750939e-16,0.09438357403636055,0.14403168127416144,0.28438015544698136,0.2843801554469813,0.2166373132937033,0.9274383092061081,0.4947557500000006,0.07128224266661132
3,0.4,0.725,0.48010562500000004,0.01746937500000002,0.052868705299070874,0.07079866059814166,1.1102230246251565e-16,0.09768427195093876,0.14568966426682284,0.28698814587812504,0.28698814587812504,0.21250547273906795,0.9297819424207405,0.49757500000000005,0.07079866059814166
3,0.4,0.7275,0.4834284943750004,0.01699725562499998,0.05214940939262878,0.07030430753525763,2.220446049250313e-16,0.10097168134017509,0.14735372460135054,0.28963823398834443,0.28963823398834443,0.20842016779763528,0.9320688208990048,0.5004257500000003,0.07030430753525763
3,0.4,0.73,0.4867742800000005,0.016533720000000057,0.05143340548709574,0.06979937097419131,7.771561172376096e-16,0.10424595276255633,0.1490238452137883,0.2923309015622279,0.2923309015622279,0.20438143437853437,0.9342997925723413,0.5033080000000005,0.06979937097419131
3,0.4,0.7325,0.4901430606250006,0.016078689374999997,0.05072070878842291,0.06928403882684586,4.440892098500626e-16,0.10750723681226004,0.15070000977246756,0.2950666384619413,0.29506663846194126,0.20038929101099606,0.9364757070394547,0.5062217500000006,0.06928403882684586
3,0.4,0.735,0.49353491500000124,0.015632085000000028,0.05001133471524242,0.06875849943048484,1.1102230246251565e-15,0.11075568411884662,0.15238220268419944,0.29784594271801923,0.29784594271801923,0.19644373934383924,0.938597414993509,0.5091670000000013,0.06875849943048484
3,0.4,0.7375,0.4969499218750006,0.015193828125000029,0.049305298903870476,0.06822294155774089,6.661338147750939e-16,0.11399144534696015,0.1540704091004832,0.3006693206211433,0.30066932062114327,0.19254476464418602,0.9406657676677691,0.5121437500000006,0.06822294155774089
3,0.4,0.74,0.5003881600000004,0.01476384000000001,0.04860261721347939,0.06767755442695877,4.440892098500626e-16,0.11721467119603224,0.15576461492376048,0.30353728681492537,0.3035372868149253,0.18869233629483861,0.9426816162996553,0.5151520000000004,0.06767755442695877
3,0.4,0.7425,0.5038497081250009,0.014342041875000036,0.04790330573144208,0.06712252771288418,8.881784197001252e-16,0.12042551239998289,0.15746480681367991,0.30645036438966883,0.30645036438966883,0.1848864082897576,0.9446458116131722,0.5181917500000008,0.06712252771288418
3,0.4,0.745,0.5073346450000003,0.013928355000000052,0.047207380778857125,0.06655805155771422,6.661338147750939e-16,0.12362411972693588,0.15917097219339704,0.30940908497712866,0.3094090849771286,0.1811269197271132,0.9465592033196294,0.5212630000000003,0.06655805155771422
3,0.4,0.7475,0.5108430493750001,0.013522700625000005,0.04651485891626462,0.06598431658252935,2.220446049250313e-16,0.12681064397892827,0.16088309925590893,0.31241398884626836,0.3124139888462685,0.1774137952994245,0.9484226396365513,0.5243657500000002,0.06598431658252912
3,0.4,0.75,0.5143750000000005,0.01312500000000005,0.0458257569495585,0.06540151389911686,7.771561172376096e-16,0.12998523599162648,0.1626011769704062,0.3154656250000007,0.31546562500000064,0.1737469457803164,0.9502369668246444,0.5275000000000005,0.06540151389911686
3,0.4,0.7525000000000001,0.5179305756250006,0.012735174375000005,0.04514009193610489,0.06480983512220972,4.440892098500626e-16,0.13314804663404733,0.16432519508865795,0.31856455127292266,0.31856455127292266,0.1701262685074544,0.952003028742669,0.5306657500000006,0.06480983512220972
3,0.4,0.755,0.5215098550000002,0.012353145000000005,0.044457881191077936,0.0642094723821558,2.220446049250313e-16,0.13629922680827944,0.16605514415142786,0.32171133443004846,0.32171133443004857,0.16655164786125998,0.9537216664200366,0.5338630000000002,0.06420947238215602
3,0.4,0.7575000000000001,0.5251129168750003,0.011978833125000012,0.04377914229401945,0.06360061833803887,3.3306690738754696e-16,0.13943892744921094,0.16779101549491449,0.32490655026652937,0.3249065502665294,0.16302295573901265,0.9553937176469383,0.5370917500000003,0.06360061833803887
3,0.4,0.76,0.5287398400000002,0.01161216000000005,0.043103893095635906,0.06298346619127182,5.551115123125783e-16,0.1425672995242564,0.16953280125721903,0.3281507837083652,0.3281507837083651,0.15954005202399874,0.9570200165817835,0.5403520000000003,0.0629834661912716
3,0.4,0.7625000000000001,0.5323907031250011,0.011253046875000026,0.042432151724841966,0.062358209699683975,1.1102230246251565e-15,0.14568449403309147,0.17128049438484372,0.33144462891411275,0.33144462891411275,0.15610278504937056,0.958601393375717,0.5436437500000012,0.06235820969968375
3,0.4,0.765,0.5360655850000006,0.010901414999999998,0.04176393659606336,0.061725043192126794,5.551115123125783e-16,0.1487906620073851,0.17303408863920966,0.33478868937757855,0.33478868937757855,0.15271099205642505,0.9601386738139597,0.5469670000000005,0.061725043192126794
3,0.4,0.7675000000000001,0.5397645643750008,0.010557185624999998,0.0410992664168109,0.06108416158362173,5.551115123125783e-16,0.15188595451054177,0.17479357860321665,0.33818357803151783,0.3381835780315178,0.14936449964701867,0.9616326789737096,0.5503217500000007,0.061084161583621954
3,0.4,0.77,0.5434877200000006,0.010220280000000009,0.0404381601955381,0.06043576039107612,6.661338147750939e-16,0.15497052263743982,0.1765589596878092,0.3416299173523079,0.3416299173523079,0.14606312422987588,0.9630842248983219,0.5537080000000005,0.06043576039107634
3,0.4,0.7725,0.5472351306249995,0.009890619375000024,0.03978063724979785,0.05978003574959567,-1.1102230246251565e-16,0.1580445175141767,0.17833022813858146,0.34512833946562727,0.34512833946562727,0.14280667246056347,0.9644941222874728,0.5571257499999995,0.05978003574959567
3,0.4,0.775,0.5510068750000001,0.009568125000000007,0.039126717214711504,0.05911718442942293,2.220446049250313e-16,0.1611080902978188,0.18010738104240587,0.34867948625312517,0.34867948625312517,0.1395949416749284,0.9658631762030058,0.5605750000000002,0.05911718442942293
3,0.4,0.7775,0.5548030318750002,0.009252718125000023,0.038476420051766824,0.05844740385353364,3.3306690738754696e-16,0.16416139217614556,0.18189041633407554,0.35228400946007227,0.3522840094600722,0.13642772031582623,0.9671921857901457,0.5640557500000003,0.05844740385353364
3,0.4,0.78,0.5586236800000005,0.008944319999999999,0.037829766057960235,0.05777089211592057,3.3306690738754696e-16,0.167204574367408,0.18367933280298399,0.35594257080401986,0.35594257080401986,0.13330478835297338,0.9684819440137569,0.5675680000000005,0.05777089211592057
3,0.4,0.7825,0.5624688981250002,0.008642851875000013,0.0371867758753028,0.05708784800060562,3.3306690738754696e-16,0.17023778812008095,0.18547413009981673,0.3596558420844396,0.3596558420844396,0.13022591769580222,0.9697332374093162,0.5711117500000003,0.05708784800060562
3,0.4,0.785,0.5663387650000009,0.00834823500000002,0.03654747050070641,0.05639847100141271,8.881784197001252e-16,0.17326118471262442,0.18727480874327063,0.363424505293363,0.363424505293363,0.12719087259919348,0.9709468458482617,0.574687000000001,0.05639847100141271
3,0.4,0.7875,0.570233359375001,0.008060390624999992,0.03591187129627192,0.05570296134254393,7.771561172376096e-16,0.17627491545324192,0.1890813701267855,0.3672492527270032,0.36724925272700326,0.12419941006200348,0.9721235423173777,0.5782937500000009,0.05570296134254393
3,0.4,0.79,0.5741527600000006,0.007779239999999995,0.03528,0.055001520000000026,4.440892098500626e-16,0.1792791316796445,0.19089381652530646,0.37113078709838154,0.37113078709838165,0.12125128021830717,0.9732640927118633,0.5819320000000006,0.055001520000000026
3,0.4,0.7925,0.5780970456250006,0.007504704375000005,0.03465187873694587,0.05429434872389183,5.551115123125783e-16,0.18227398475881973,0.1927121511020553,0.37506982165093866,0.3750698216509387,0.11834622672130275,0.9743692556417394,0.5856017500000007,0.054294348723891606
3,0.4,0.795,0.5820662950000002,0.007236704999999989,0.03402753003084412,0.05358165006168836,0.0,0.18525962608679736,0.19453637791532097,0.3790670802731364,0.37906708027313646,0.11548398711984874,0.9754397822512358,0.5893030000000001,0.05358165006168836
3,0.4,0.7975,0.5860605868750013,0.006975163125000014,0.03340697681622815,0.05286362738245631,1.1102230246251565e-15,0.18823620708842337,0.19636650192527072,0.3831232976140608,0.38312329761406083,0.11266429322761091,0.976476416050803,0.5930357500000013,0.05286362738245631
3,0.4,0.8,0.5900800000000009,0.006720000000000014,0.03279024245107078,0.052140484902141626,7.771561172376096e-16,0.19120387921713178,0.19820252900076252,0.38723921920000126,0.3872392192000012,0.10988687148482147,0.977479892761394,0.596800000000001,0.052140484902141404
3,0.4,0.8025,0.5941246131250002,0.006471136875000006,0.03217735072997778,0.051412427709955466,2.220446049250313e-16,0.19416279395472258,0.20004446592619085,0.39141560155204397,0.39141560155204397,0.10715144331267003,0.9784509401706556,0.6005957500000002,0.051412427709955466
3,0.4,0.805,0.5981945050000004,0.006228494999999983,0.031568325897962934,0.05067966179592598,0.0,0.1971131028111408,0.20189232040832694,0.3956532123046407,0.39565321230464057,0.10445772546035778,0.9793902780006718,0.6044230000000004,0.05067966179592576
3,0.4,0.8075,0.6022897543750008,0.005991995624999997,0.030963192664839972,0.04994239407967993,5.551115123125783e-16,0.2000549573242565,0.20374610108317426,0.39995283032517237,0.39995283032517237,0.10180543034486875,0.9802986177869055,0.6082817500000007,0.04994239407967993
3,0.4,0.81,0.606410440000001,0.005761560000000008,0.030361976220266058,0.049200832440532194,6.661338147750939e-16,0.2029885090596497,0.2056058175228328,0.4043152458345101,0.40431524583451,0.09919426638351968,0.9811766627679802,0.612172000000001,0.04920083244053197
3,0.4,0.8125,0.610556640625,0.005537109375000021,0.029764702249476704,0.048455185748953467,3.3306690738754696e-16,0.20591390961039502,0.20747148024237194,0.4087412605285646,0.4087412605285647,0.09662393831937655,0.9820251077859496,0.6160937500000001,0.048455185748953244
3,0.4,0.8150000000000001,0.6147284350000004,0.005318564999999999,0.029171396949751998,0.047705663899503925,2.220446049250313e-16,0.2088313105968529,0.20934310070670847,0.41323168770083424,0.4132316877008342,0.09409414753962837,0.982844639196706,0.6200470000000005,0.047705663899503925
3,0.4,0.8175,0.6189259018750002,0.005105848124999999,0.028582087047659764,0.04695247784531942,2.220446049250313e-16,0.2117408636664564,0.211220691337481,0.41778735236593106,0.4177873523659311,0.0916045923870372,0.9836359347901769,0.6240317500000002,0.04695247784531942
3,0.4,0.8200000000000001,0.6231491200000013,0.004898879999999991,0.027996799817121967,0.046195839634243896,7.771561172376096e-16,0.21464272049350663,0.213104265519936,0.4224090913841169,0.422409091384117,0.08915496846458204,0.9843996637199706,0.6280480000000013,0.04619583963424412
3,0.4,0.8225,0.6273981681249999,0.004697581875000004,0.02741556309835712,0.04543596244671422,0.0,0.2175370327789663,0.21499383760980062,0.4270977535868123,0.42709775358681223,0.08674496893344757,0.9851364864421253,0.63209575,0.04543596244671422
3,0.4,0.8250000000000001,0.6316731250000011,0.004501874999999992,0.02683840531775312,0.044673060635506356,6.661338147750939e-16,0.22042395225026024,0.21688942294017388,0.4318541999031264,0.43185419990312646,0.08437428480450529,0.9858470546626321,0.636175000000001,0.044673060635506356
3,0.4,0.8275,0.6359740693750006,0.00431168062500001,0.026265355508730562,0.043907349767461135,5.551115123125783e-16,0.22330363066106784,0.21879103782838327,0.436679303487338,0.43667930348733797,0.08204260522346636,0.9865320112933952,0.6402857500000005,0.043907349767461135
3,0.4,0.8300000000000001,0.6403010800000009,0.004126919999999994,0.025696443333659995,0.04313904666732005,4.440892098500626e-16,0.2261762197911339,0.22069869958286426,0.4415739498474123,0.4415739498474122,0.07974961774988039,0.9871919904163071,0.6444280000000009,0.043139046667319825
3,0.4,0.8325,0.6446542356250003,0.003947514375,0.025131699106904815,0.04236836946380973,3.3306690738754696e-16,0.2290418714460638,0.22261242651001156,0.4465390369744759,0.44653903697447594,0.07749500863019504,0.9878276172551185,0.6486017500000003,0.04236836946380973
3,0.4,0.835,0.6490336150000005,0.0037733849999999993,0.0245711538190619,0.04159553763812385,3.3306690738754696e-16,0.23190073745713424,0.22453223792102772,0.45157547547330645,0.45157547547330645,0.07527846306507707,0.9884395081547839,0.6528070000000005,0.04159553763812385
3,0.4,0.8375,0.653439296875001,0.0036044531250000018,0.024014839162484525,0.04082077207496915,7.771561172376096e-16,0.2347529696810997,0.22645815413875459,0.45668418869380023,0.45668418869380023,0.07309966547123989,0.9890282705679796,0.657043750000001,0.040820772074968925
3,0.4,0.84,0.6578713600000003,0.0034406400000000087,0.023462787558173936,0.04004429511634777,4.440892098500626e-16,0.23759872000000026,0.228390196504489,0.46186611286343726,0.4618661128634373,0.07095829973801752,0.9895945030484854,0.6613120000000003,0.04004429511634777
3,0.4,0.8425,0.6623298831250004,0.0032818668750000017,0.022915032184136257,0.03926633061827256,3.3306690738754696e-16,0.2404381403209772,0.23032838738478612,0.46712219722074616,0.46712219722074616,0.06885404947895299,0.9901387952511356,0.6656117500000004,0.03926633061827256
3,0.4,0.845,0.6668149449999997,0.0031280550000000085,0.02237160700530924,0.0384871040106185,0.0,0.2432713825760826,0.23227275017823157,0.4724534041497438,0.4724534041497439,0.06678659827868715,0.9906617279380484,0.6699429999999997,0.0384871040106185
3,0.4,0.8475,0.6713266243750005,0.0029791256250000014,0.02183254680517141,0.03770684236034283,3.3306690738754696e-16,0.24609859872209872,0.23422330932219937,0.47786070931538815,0.47786070931538815,0.06475562993544515,0.9911638729908502,0.6743057500000005,0.03770684236034283
3,0.4,0.85,0.6758650000000006,0.0028349999999999977,0.021297887219158613,0.03692577443831713,3.3306690738754696e-16,0.2489199407403513,0.23618009029957565,0.48334510180000084,0.48334510180000084,0.0627608286994507,0.9916457934286135,0.6787000000000006,0.03692577443831713
3,0.4,0.8525,0.6804301506250005,0.0026955993750000106,0.020767664770021732,0.036144130790043416,5.551115123125783e-16,0.25173556063653213,0.2381431196454613,0.48890758424070346,0.4889075842407035,0.060801879507606675,0.9921080434312424,0.6831257500000004,0.036144130790043416
3,0.4,0.855,0.6850221550000005,0.0025608449999999987,0.02024191690527357,0.03536214381054714,3.3306690738754696e-16,0.25454561044052015,0.24011242495383633,0.49454917296783296,0.49454917296783285,0.058878468214814954,0.992551168368037,0.6875830000000005,0.03536214381054714
3,0.4,0.8575,0.6896410918750001,0.002430658125000006,0.019720682036887087,0.03458004782377411,2.220446049250313e-16,0.2573502422062024,0.24208803488419395,0.5002708981443514,0.5002708981443516,0.056990281822331526,0.9929757048311827,0.6920717500000001,0.03458004782377411
3,0.4,0.86,0.6942870400000002,0.0023049600000000048,0.01920399958342014,0.03379807916684019,2.220446049250313e-16,0.2601496080113015,0.244069979168134,0.5060738039062531,0.506073803906253,0.05513700870357436,0.9933821806739095,0.6965920000000002,0.03379807916684019
3,0.4,0.8625,0.6989600781250004,0.002183671875000003,0.018691910014763086,0.0330164762795262,4.440892098500626e-16,0.26294385995720004,0.24605828861591728,0.5119589485039556,0.5119589485039557,0.05331833882784543,0.9937711150530828,0.7011437500000004,0.0330164762795262
3,0.4,0.865,0.7036602850000007,0.0020667150000000046,0.018184454899721394,0.03223547979944286,5.551115123125783e-16,0.2657331501687701,0.24805299512297552,0.5179274044446909,0.5179274044446909,0.05153396398245037,0.994143018475983,0.7057270000000007,0.03223547979944286
3,0.4,0.8675,0.7083877393750012,0.001954010624999992,0.01768167695666898,0.031455332663338,5.551115123125783e-16,0.2685176307942043,0.25005413167637514,0.5239802586358839,0.5239802586358839,0.04978357799374442,0.9944983928510467,0.7103417500000012,0.031455332663338
3,0.4,0.87,0.7131425200000004,0.0018454800000000035,0.017183620107532657,0.0306762802150653,3.3306690738754696e-16,0.2712974540048445,0.25206173236123,0.5301186125295239,0.5301186125295237,0.04806687694767645,0.9948377315423477,0.7149880000000004,0.0306762802150653
3,0.4,0.8725,0.7179247056250011,0.0017410443749999976,0.016690329535392633,0.029898570320785245,6.661338147750939e-16,0.27407277199502045,0.254075832367064,0.536343582267536,0.5363435822675362,0.04638355941044188,0.9951615194275953,0.7196657500000011,0.029898570320785245
3,0.4,0.875,0.7227343750000006,0.0016406250000000032,0.01620185174601967,0.029122453492039346,4.440892098500626e-16,0.2768437369818788,0.25609646799410823,0.5426562988281259,0.5426562988281258,0.044733326649924854,0.9954702329594479,0.7243750000000005,0.029122453492039346
3,0.4,0.8775000000000001,0.7275716068750014,0.0015441431250000025,0.015718234633698563,0.028348183017397055,9.992007221626409e-16,0.27961050120522657,0.2581236766595514,0.5490579081731423,0.5490579081731422,0.04311588285865045,0.9957643402299293,0.7291157500000014,0.028348183017397277
3,0.4,0.88,0.7324364800000008,0.001451520000000003,0.01523952755173206,0.02757601510346408,6.661338147750939e-16,0.28237321692736406,0.2601574969037106,0.5555495713964046,0.5555495713964045,0.04153093537905523,0.9960443010377604,0.7338880000000009,0.02757601510346408
3,0.4,0.8825000000000001,0.737329073125001,0.001362676874999996,0.01476578138806069,0.026806209026121408,4.440892098500626e-16,0.28513203643292817,0.2621979683961526,0.5621324648730504,0.5621324648730505,0.03997819493194738,0.9963105669584099,0.738691750000001,0.026806209026121408
3,0.4,0.885,0.7422494650000001,0.0012775350000000074,0.014297048646486493,0.026039027292972916,3.3306690738754696e-16,0.2878871120287323,0.26424513194172783,0.56880778040985,0.56880778040985,0.03845737584912583,0.9965635814166801,0.7435270000000002,0.026039027292972916
3,0.4,0.8875000000000001,0.7471977343750005,0.0011960156250000018,0.01383338353404547,0.02527473581809092,3.3306690738754696e-16,0.29063859604361264,0.26629902948654127,0.5755767253965338,0.575576725396534,0.03696819631122109,0.9968037797616561,0.7483937500000005,0.02527473581809092
3,0.4,0.89,0.7521739600000005,0.0011180400000000022,0.0133748420551422,0.02451360411028447,3.3306690738754696e-16,0.2933866408282686,0.26835970412383814,0.5824405229580936,0.5824405229580936,0.03551037859194626,0.9970315893438401,0.7532920000000005,0.02451360411028425
3,0.4,0.8925000000000001,0.7571782206250003,0.0010435293750000038,0.012921482113132403,0.023755905476264827,3.3306690738754696e-16,0.2961313987551122,0.2704272000998118,0.5894004121080912,0.5894004121080911,0.03408364931006635,0.9972474295943107,0.7582217500000002,0.023755905476264827
3,0.4,0.895,0.7622105950000007,0.0009724049999999987,0.012473363620130693,0.02300191724026135,3.3306690738754696e-16,0.29887302221811574,0.27250156281932525,0.5964576479029532,0.5964576479029533,0.032687739690560935,0.9974517121057467,0.7631830000000006,0.02300191724026157
3,0.4,0.8975,0.7672711618750008,0.0009045881250000048,0.012030548615919437,0.022251920981838813,6.661338147750939e-16,0.30161166363265934,0.27458283885153967,0.6036135015972547,0.6036135015972547,0.03132238583662508,0.9976448407151618,0.7681757500000008,0.022251920981838813
3,0.4,0.9,0.7723600000000005,0.0008399999999999982,0.011593101396951539,0.02150620279390303,2.220446049250313e-16,0.3043474754353839,0.27667107593545104,0.6108692608000008,0.6108692608000008,0.02998732901435989,0.997827211588205,0.7732000000000004,0.02150620279390325
3,0.4,0.9025,0.7774771881249999,0.000778561875000004,0.011161088656578295,0.0207650535631565,2.220446049250313e-16,0.30708061008404197,0.278766322985334,0.6182262296318991,0.6182262296318993,0.028682315952251677,0.9979992133048807,0.7782557499999999,0.0207650535631565
3,0.4,0.905,0.7826228050000007,0.0007201949999999992,0.010734579637787402,0.02002876927557473,3.3306690738754696e-16,0.30981122005735307,0.28086863009607366,0.6256857288836253,0.6256857288836253,0.027407099157807993,0.9981612269465612,0.7833430000000007,0.020028769275574954
3,0.4,0.9075,0.787796929375,0.0006648206249999992,0.010313646299927096,0.019297651349854172,1.1102230246251565e-16,0.3125394578548546,0.28297804854839703,0.6332490961750687,0.6332490961750686,0.026161437254063617,0.9983136261841491,0.78846175,0.019297651349854394
3,0.4,0.91,0.7929996400000003,0.0006123600000000004,0.009898363501104618,0.01857200700220929,2.220446049250313e-16,0.3152654759967648,0.28509463081399833,0.6409176861155974,0.6409176861155974,0.0249450953390438,0.9984567773672777,0.7936120000000003,0.01857200700220929
3,0.4,0.9125,0.7982310156250015,0.0005627343749999987,0.00948880919820817,0.01785214964641635,7.771561172376096e-16,0.3179894270238357,0.28721843056054097,0.6486928704652857,0.6486928704652858,0.023757845371744964,0.9985910396144186,0.7987937500000015,0.01785214964641635
3,0.4,0.915,0.8034911350000005,0.0005158649999999981,0.009085064666803406,0.017138399333606724,1.1102230246251565e-16,0.32071146349721213,0.2893495026565429,0.6565760382971466,0.6565760382971465,0.02259946658873219,0.9987167649037882,0.8040070000000005,0.017138399333606724
3,0.4,0.9175,0.808780076875,0.0004716731250000005,0.008687214743518206,0.01643108323703646,-5.551115123125783e-17,0.32343173799829716,0.29148790317615103,0.664568596160371,0.664568596160371,0.02146974595610873,0.9988342981649407,0.8092517499999999,0.01643108323703646
3,0.4,0.92,0.8140979200000011,0.00043007999999999957,0.00829534809396206,0.015730536187924082,6.661338147750939e-16,0.32615040312860977,0.293633689403768,0.6726719682445331,0.672671968244533,0.02036847866239601,0.9989439773709436,0.8145280000000011,0.015730536187924082
3,0.4,0.9225,0.8194447431250004,0.0003910068749999993,0.007909557509747301,0.015037101269494535,2.220446049250313e-16,0.3288676115096474,0.2957869198385571,0.6808875965447948,0.6808875965447947,0.019295468658807078,0.9990461336310352,0.8198357500000004,0.015037101269494535
3,0.4,0.925,0.8248206250000008,0.00035437499999999835,0.007529940238806663,0.014351130477613383,3.3306690738754696e-16,0.33158351578275513,0.2979476541988202,0.6892169410281263,0.689216941028126,0.018250529254537903,0.9991410912836671,0.8251750000000008,0.014351130477613383
3,0.4,0.9275,0.8302256443750008,0.0003201056250000016,0.007156598353966798,0.013672985457933606,5.551115123125783e-16,0.3342982686089868,0.3001159534262141,0.6976614798004818,0.6976614798004817,0.01723348377609973,0.9992291679898428,0.8305457500000007,0.013672985457933606
3,0.4,0.93,0.8356598800000015,0.000288119999999999,0.006789639165669994,0.013003038331339978,6.661338147750939e-16,0.3370120226689748,0.30229187968983906,0.7062227092749976,0.7062227092749975,0.016244166301420622,0.9993106748266638,0.8359480000000015,0.013003038331339978
3,0.4,0.9325,0.8411234106250006,0.000258339375,0.006429175685886955,0.012341672621773991,3.3306690738754696e-16,0.33972493066279696,0.3044754963901668,0.7149021443411612,0.7149021443411613,0.015282422481559532,0.9993859163810007,0.8413817500000006,0.012341672621773991
3,0.4,0.935,0.8466163150000007,0.00023068500000000033,0.006075327151684925,0.011689284303369796,4.440892098500626e-16,0.3424371453098478,0.3066668681628232,0.723701318534995,0.723701318534995,0.014348110465491217,0.9994551908432101,0.8468470000000007,0.011689284303369796
3,0.4,0.9375,0.8521386718750005,0.0002050781249999995,0.005728219618694794,0.011046282987389633,2.220446049250313e-16,0.3451488193487071,0.30886606088219937,0.7326217842102059,0.732621784210206,0.013441101946708216,0.9995187901008249,0.8523437500000005,0.01104628298738941
3,0.4,0.9400000000000001,0.857690560000001,0.00018143999999999962,0.005387986636954471,0.010413093273909046,5.551115123125783e-16,0.3478601055370141,0.3110731416649103,0.7416651127103505,0.7416651127103505,0.012561283354520173,0.9995769998321429,0.857872000000001,0.010413093273909046
3,0.4,0.9425,0.8632720581250006,0.00015969187500000027,0.005054770024442264,0.009790156298884467,3.3306690738754696e-16,0.35057115665133876,0.3132881788730766,0.7508328945419743,0.7508328945419743,0.011708557218198799,0.9996300995996499,0.8634317500000006,0.009790156298884467
3,0.4,0.9450000000000001,0.8688832449999999,0.00013975500000000011,0.004728720757245031,0.009177931514489979,-5.551115123125783e-17,0.35328212548705773,0.31551124211743975,0.7601267395487601,0.7601267395487601,0.010882843738876949,0.9996783629432133,0.8690229999999999,0.0091779315144902
3,0.4,0.9475,0.8745241993750014,0.00012155062500000104,0.004410000000000022,0.008576898750000117,8.881784197001252e-16,0.35599316485822996,0.3177424022602955,0.7695482770866592,0.7695482770866592,0.01008408261287502,0.9997220574729827,0.8746457500000013,0.008576898750000117
3,0.4,0.9500000000000001,0.8801950000000008,0.0001049999999999998,0.0040987803063838365,0.00798756061276773,4.440892098500626e-16,0.35870442759747023,0.31998173141823694,0.7790991562000015,0.7790991562000015,0.009312235161612706,0.9997614449619447,0.8803000000000009,0.00798756061276773
3,0.4,0.9525,0.8858957256250015,9.002437500000084e-05,0.0037952470275332754,0.007410445305066515,9.992007221626409e-16,0.3614160665558319,0.32222930296473284,0.7887810457986362,0.7887810457986362,0.008567286838492083,0.9997967814380762,0.8859857500000016,0.007410445305066515
3,0.4,0.9550000000000001,0.8916264550000012,7.654499999999971e-05,0.0034995999771402385,0.006846109954280477,5.551115123125783e-16,0.36412823460268173,0.3244851915324819,0.7985956348360181,0.7985956348360181,0.007849250203577277,0.9998283172760437,0.8917030000000011,0.006846109954280477
3,0.4,0.9575,0.8973872668750003,6.448312500000015e-05,0.0032120554167075054,0.006295144583414958,2.220446049250313e-16,0.3668410846255823,0.32674947301560087,0.808544632488324,0.8085446324883241,0.007158168484729134,0.9998562972884057,0.8974517500000002,0.00629514458341518
3,0.4,0.96,0.90317824,5.376000000000032e-05,0.002932848444771747,0.005758176889543387,1.1102230246251565e-16,0.36955476953017286,0.32902222457158814,0.8186297683345409,0.8186297683345409,0.006494119882315389,0.9998809608162686,0.903232,0.005758176889543387
3,0.4,0.9625,0.9089994531250012,4.429687499999963e-05,0.0026622359023948166,0.005235878054789644,5.551115123125783e-16,0.372269442240051,0.33130352462309254,0.8288527925375511,0.8288527925375511,0.005857222828702828,0.9999025418193569,0.9090437500000011,0.005235878054789644
3,0.4,0.965,0.9148509850000012,3.601500000000032e-05,0.0024004999479275255,0.004728969895855029,7.771561172376096e-16,0.3749852556966544,0.33359345285946507,0.8392154760262039,0.8392154760262038,0.005247642491209346,0.999921268965457,0.9148870000000011,0.004728969895855251
3,0.4,0.9675,0.9207329143750005,2.8835624999999794e-05,0.0021479525134415725,0.004238233776883149,1.1102230246251565e-16,0.3777023628591487,0.33589209023809985,0.8497196106783984,0.8497196106783984,0.004665598920549363,0.9999373657191994,0.9207617500000005,0.004238233776883149
3,0.4,0.97,0.9266453200000008,2.267999999999998e-05,0.0019049409439665047,0.00376452188793297,4.440892098500626e-16,0.3804209167043111,0.3381995189855539,0.8603670095051407,0.8603670095051406,0.004111377416650846,0.9999510504301432,0.9266680000000008,0.00376452188793297
3,0.4,0.9725,0.9325882806250007,1.74693750000001e-05,0.0016718552568927778,0.003308771763785634,4.440892098500626e-16,0.38314107022641575,0.34051582259843294,0.8711595068355924,0.8711595068355924,0.0035853419451741027,0.9999625364201326,0.9326057500000007,0.003308771763785412
3,0.4,0.975,0.9385618750000007,1.312500000000013e-05,0.0014491376746189513,0.0028720253492378056,4.440892098500626e-16,0.3858629764371233,0.3428410858440597,0.8820989585031263,0.8820989585031263,0.0030879528532487023,0.9999720320698933,0.9385750000000006,0.0028720253492380277
3,0.4,0.9775,0.9445661818750012,9.568124999999787e-06,0.0012372954376380632,0.0024554546252761877,4.440892098500626e-16,0.3885867883653682,0.3451753947608993,0.8931872420323606,0.8931872420323606,0.0026197908164338575,0.9999797409048454,0.9445757500000012,0.0024554546252761877
3,0.4,0.98,0.9506012800000012,6.719999999999971e-06,0.0010369185117452557,0.002060397023490479,5.551115123125783e-16,0.3913126590572473,0.34751883665874783,0.9044262568271895,0.9044262568271894,0.002181590122837709,0.9999858616801036,0.9506080000000012,0.002060397023490479
3,0.4,0.9825,0.9566672481250007,4.501875000000007e-06,0.0008487048957087507,0.0016884060414175117,3.3306690738754696e-16,0.3940407415759124,0.3498715001186774,0.91581792435981,0.9158179243598101,0.001774286521387822,0.9999905884646432,0.9566717500000007,0.0016884060414175117
3,0.4,0.985,0.9627641650000002,2.834999999999977e-06,0.0006734983296193068,0.0013413266592385842,0.0,0.3967711890014609,0.3522334749927347,0.9273641883607381,0.9273641883607382,0.0013990889376542957,0.9999941107246094,0.9627670000000002,0.0013413266592385842
3,0.4,0.9875,0.9688921093750013,1.640624999999989e-06,0.0005123475382979789,0.0010214138265960404,5.551115123125783e-16,0.399504154430828,0.3546048524033849,0.9390670150098168,0.9390670150098169,0.0010575928233575215,0.9999966134057527,0.9688937500000012,0.0010214138265960404
3,0.4,0.99,0.9750511600000008,8.400000000000028e-07,0.00036660605559646787,0.0007315321111929229,4.440892098500626e-16,0.40223979097767826,0.3569857247426931,0.9509283931282063,0.9509283931282064,0.0007519723165461279,0.9999982770149694,0.9750520000000008,0.0007315321111929229
3,0.4,0.9925,0.9812413956250016,3.5437499999998575e-07,0.0002381176179958084,0.0004755264859916952,6.661338147750939e-16,0.4049782517723044,0.35937618567126184,0.9629503343713965,0.9629503343713965,0.0004853393529083083,0.9999992777009334,0.9812417500000016,0.0004755264859916952
3,0.4,0.995,0.9874628950000006,1.0500000000000499e-07,0.0001296148139681603,0.00025901962793639655,4.440892098500626e-16,0.407719689961517,0.3617763301168804,0.9751348734231694,0.9751348734231694,0.0002625208518560396,0.9999997873338038,0.9874630000000006,0.0002590196279361745
3,0.4,0.9975,0.9937157368750011,1.3124999999999621e-08,4.5825756949557745e-05,9.162526389916437e-05,5.551115123125783e-16,0.4104642587085465,0.3641862542729246,0.9874840681905999,0.9874840681906,9.223111729799531e-05,0.9999999735839953,0.9937157500000011,9.162526389916437e-05
3,0.4,1.0,1.0000000000000002,0.0,0.0,0.0,1.1102230246251565e-16,0.41321211119293455,0.3666060555964673,1.0000000000000004,1.0000000000000004,0.0,1.0,1.0000000000000002,0.0
4,0.2,0.0,0.04000000000000012,0.960000000000001,0.19595917942265464,0.31191835884530894,0.19595917942265517,0.0,5.551115123125783e-16,1.0000000000000022,1.0000000000000022,0.39191835884530885,-0.9199999999999998,1.000000000000001,0.31191835884530894
4,0.2,0.0025,0.04000000003750012,0.9504359400375004,0.1949806082704127,0.3099612164658252,0.19379321585810594,2.449414742811129e-06,3.3306690738754696e-16,0.9809860480876298,0.98098604808763,0.3937268436677446,-0.9192274867681576,0.9904359400750006,0.309961216465825
4,0.2,0.005,0.04000000060000012,0.940943520600002,0.19400448660791375,0.3080089720158272,0.1916546511425835,9.79675897117005e-06,1.1102230246251565e-15,0.9623396235730426,0.9623396235730427,0.3955467005288649,-0.9184458641389108,0.980943521200002,0.30800897201582744
4,0.2,0.0075,0.04000000303750012,0.9315223830375012,0.19303081443515735,0.30606162279531457,0.18954308831531985,2.2039332685075408e-05,6.661338147750939e-16,0.9440539599837192,0.9440539599837191,0.3973780063164811,-0.9176550049472312,0.9715223860750013,0.30606162279531457
4,0.2,0.01,0.040000009600000185,0.9221721696000015,0.19205959175214402,0.30411916430428754,0.18745813281462098,3.917263588459896e-05,8.881784197001252e-16,0.9261224050837796,0.9261224050837797,0.39922083781684903,-0.9168547782513142,0.9621721792000016,0.30411916430428776
4,0.2,0.0125,0.04000002343750005,0.9128925234375007,0.19109081855887286,0.3021815902427456,0.1853993925365901,6.119036856966353e-05,3.3306690738754696e-16,0.9085384191971978,0.9085384191971976,0.40107527167790913,-0.9160450492163473,0.9528925468750008,0.3021815902427456
4,0.2,0.015,0.04000004860000018,0.9036830886000006,0.19012449485534522,0.3002488925106901,0.18336647789247906,8.808443074026506e-05,4.440892098500626e-16,0.8912955735512543,0.8912955735512541,0.4029413843707391,-0.915225678994998,0.9436831372000007,0.3002488925106901
4,0.2,0.0175,0.040000090037500116,0.8945435100375009,0.1891606206415599,0.2983210612081195,0.1813590018645953,0.0001198449223964726,5.551115123125783e-16,0.8743875486399753,0.8743875486399753,0.4048192521491324,-0.914396524604545,0.934543600075001,0.2983210612081195
4,0.2,0.02,0.040000153600000116,0.8854734336000005,0.18819919591751746,0.2963980846350347,0.1793765800607492,0.00015646014353820625,3.3306690738754696e-16,0.8578081326074285,0.8578081326074283,0.40670895100725646,-0.9135574388005612,0.9254735872000006,0.2963980846350347
4,0.2,0.0225,0.04000024603750012,0.8764725060375015,0.18724022068321797,0.2944799492914356,0.17741883076719045,0.00019791659416545926,8.881784197001252e-16,0.8415512196506854,0.8415512196506855,0.40861055663528284,-0.9127082699470663,0.9164727520750016,0.29447994929143584
4,0.2,0.025,0.04000037500000018,0.8675403750000017,0.18628369493866132,0.29256663987732234,0.1754853750000015,0.00024419897427829795,1.1102230246251565e-15,0.8256108084422534,0.8256108084422535,0.41052414437293516,-0.9118488618830611,0.9075407500000019,0.2925666398773221
4,0.2,0.0275,0.04000054903750012,0.8586766890375003,0.18532961868384695,0.2906581392926937,0.17357583655492925,0.0002952901838768618,2.220446049250313e-16,0.8099810005718425,0.8099810005718425,0.41244978916085556,-0.910979053785355,0.8986772380750004,0.29065813929269346
4,0.2,0.03,0.04000077760000012,0.8498810976000005,0.1843779919187757,0.2887544286375512,0.17168984205561832,0.0003511713229606972,3.3306690738754696e-16,0.7946559990072698,0.7946559990072697,0.4143875654897159,-0.9100986800275936,0.8898818752000006,0.2887544286375512
4,0.2,0.0325,0.04000107103750012,0.8411532510375003,0.1834288146434472,0.28685548721189424,0.16982702100021863,0.0004118216915303119,2.220446049250313e-16,0.7796301065743072,0.7796301065743074,0.4163375473469776,-0.9092075700353986,0.8811543220750004,0.286855487211894
4,0.2,0.035,0.04000144060000018,0.8324928006000019,0.18248208685786182,0.2849612925157232,0.1679870058063666,0.00047721878958539854,1.1102230246251565e-15,0.7648977244553595,0.7648977244553594,0.41829980816121265,-0.9083055481375248,0.8724942412000021,0.2849612925157232
4,0.2,0.0375,0.04000189843750012,0.8238993984375013,0.18153780856201868,0.2830718202490372,0.16616943185449629,0.000547338317126167,7.771561172376096e-16,0.7504533507067299,0.7504533507067298,0.42027442074389093,-0.9073924334129388,0.8639012968750014,0.2830718202490372
4,0.2,0.04,0.04000245760000012,0.8153726976000011,0.18059597975591854,0.28118704431183694,0.16437393752950114,0.0006221541741524561,7.771561172376096e-16,0.7362915787943831,0.7362915787943835,0.42226145722853536,-0.9064680395337252,0.8553751552000012,0.28118704431183694
4,0.2,0.0425,0.04000313203750012,0.8069123520375003,0.1796566004395611,0.2793069368041219,0.162600164260696,0.0007016384606643999,2.220446049250313e-16,0.7224070961479502,0.7224070961479503,0.4242609890071421,-0.9055321746037234,0.8469154840750005,0.2793069368041219
4,0.2,0.045,0.040003936600000116,0.7985180166000012,0.17871967061294664,0.27743146802589314,0.16084775656010752,0.0007857614766617615,7.771561172376096e-16,0.7087946827328814,0.7087946827328814,0.4262730866637645,-0.9045846409927958,0.8385219532000013,0.2774314680258929
4,0.2,0.0475,0.04000488703750005,0.7901893470375004,0.17778519027607462,0.2755606064771492,0.15911636205906154,0.0008744917221448212,4.440892098500626e-16,0.6954492096405211,0.6954492096405213,0.42829781990515087,-0.9036252351666274,0.8301942340750005,0.2755606064771492
4,0.2,0.05,0.04000600000000012,0.7819260000000005,0.17685315942894575,0.2736943188578913,0.15740563154309262,0.0009677958971132661,2.220446049250313e-16,0.6823656376960009,0.6823656376960008,0.43033525748832174,-0.9026537475119594,0.8219320000000006,0.2736943188578913
4,0.2,0.0525,0.04000729303750012,0.7737276330375008,0.1759235780715596,0.271832570068119,0.15571521898514606,0.0010656389015673007,6.661338147750939e-16,0.6695390160837132,0.6695390160837134,0.4323854671449728,-0.901669962157154,0.813734926075001,0.2718325700681188
4,0.2,0.055,0.04000878460000012,0.7655939046000004,0.1749964462039161,0.2699753232078319,0.15404478157710222,0.0011679838355069805,4.440892098500626e-16,0.6569644809902593,0.6569644809902594,0.434448515502587,-0.9006736567879865,0.8056026892000006,0.2699753232078319
4,0.2,0.0575,0.04001049403750016,0.7575244740375018,0.17407176382601572,0.268122539577031,0.15239397975962032,0.001274791998932212,1.1102230246251565e-15,0.6446372542646874,0.6446372542646874,0.43652446800212436,-0.8996646024585659,0.7975349680750019,0.26812253957703125
4,0.2,0.06,0.04001244160000012,0.7495190016000006,0.17314953093785762,0.266274178675715,0.1507624772503,0.0013860228918431972,4.440892098500626e-16,0.6325526420958333,0.6325526420958333,0.4386133888121695,-0.8986425633972772,0.7895314432000008,0.266274178675715
4,0.2,0.0625,0.04001464843750012,0.7415771484375007,0.17222974753944253,0.2644301982038848,0.14914994107020008,0.0015016342142395445,5.551115123125783e-16,0.6207060337066663,0.6207060337066663,0.44071534073939894,-0.8976072968076465,0.7815917968750008,0.2644301982038848
4,0.2,0.065,0.04001713660000013,0.7336985766000005,0.17131241363077024,0.2625905540615401,0.14755604156869084,0.0016215818661213799,4.440892098500626e-16,0.6090929000653924,0.6090929000653924,0.4428303851352365,-0.8965585526640171,0.7737157132000007,0.2625905540615401
4,0.2,0.0675,0.04001992903750012,0.7258829490375007,0.17039752921184073,0.26075520034868127,0.145980452446689,0.0017458199474889025,5.551115123125783e-16,0.5977087926132337,0.5977087926132337,0.44495858179855174,-0.895496073501943,0.7659028780750008,0.26075520034868127
4,0.2,0.07,0.04002304960000005,0.7181299296,0.16948509428265376,0.25892408936530753,0.144422850778273,0.0018743007583419402,0.0,0.5865493420086737,0.5865493420086739,0.4470999888742606,-0.8944195942031852,0.7581529792,0.25892408936530753
4,0.2,0.0725,0.04002652303750018,0.7104391830375011,0.16857510884321023,0.2570971716114201,0.14288291703071376,0.0020069747986806163,7.771561172376096e-16,0.5756102568880439,0.5756102568880439,0.44925466274767495,-0.8933288417752164,0.7504657060750013,0.2570971716114201
4,0.2,0.075,0.04003037500000018,0.7028103750000011,0.16766757289350906,0.2552743957870178,0.14136033508291823,0.002143790768504905,7.771561172376096e-16,0.5648873226422518,0.5648873226422519,0.4514226579344463,-0.8922235351251258,0.7428407500000013,0.2552743957870178
4,0.2,0.0775,0.04003463203750012,0.695243172037501,0.16676248643355052,0.2534557087921008,0.13985479224234587,0.002284695567814632,6.661338147750939e-16,0.5543764002095547,0.5543764002095548,0.45360402696594965,-0.8911033848278209,0.7352778040750011,0.2534557087921008
4,0.2,0.08,0.04003932160000012,0.6877372416000014,0.16585984946333496,0.2516410557266697,0.13836597926038974,0.002429634296609917,9.992007221626409e-16,0.5440734248841639,0.5440734248841639,0.45579882026993696,-0.8899680928884299,0.7277765632000015,0.2516410557266697
4,0.2,0.0825,0.04004447203750012,0.6802922520375011,0.1649596619828621,0.24983037989072399,0.13689359034626325,0.0025785502548909545,7.771561172376096e-16,0.5339744051405557,0.5339744051405556,0.4580070860462934,-0.8888173524987997,0.7203367240750013,0.24983037989072399
4,0.2,0.085,0.04005011260000012,0.6729078726000004,0.16406192399213199,0.24802362278426382,0.1354373231794268,0.0027313849426573444,4.440892098500626e-16,0.5240754214733392,0.5240754214733392,0.4602288701377234,-0.8876508477879936,0.7129579852000005,0.2480236227842636
4,0.2,0.08750000000000001,0.040056273437500116,0.6655837734375005,0.16316663549114474,0.24622072410728935,0.13399687892057177,0.002888078059909427,4.440892098500626e-16,0.5143726252525097,0.5143726252525098,0.46246421589518605,-0.8864682535666919,0.7056400468750006,0.24622072410728935
4,0.2,0.09,0.04006298560000012,0.6583196256000008,0.1622737964799003,0.2444216217598003,0.13257196222119738,0.0030485675066469486,6.661338147750939e-16,0.5048622375939436,0.5048622375939436,0.46471316403789664,-0.8852692350653989,0.6983826112000009,0.24442162175980053
4,0.2,0.0925,0.04007028103750012,0.6511151010375015,0.1613834069583987,0.2426262518417972,0.13116228123181706,0.0032127893828701737,9.992007221626409e-16,0.49554054824499233,0.4955405482449924,0.466975752507702,-0.8840534476663686,0.6911853820750016,0.2426262518417972
4,0.2,0.095,0.04007819260000012,0.6439698726000008,0.16049546692663974,0.24083454865327925,0.1297675476088187,0.003380677988578995,6.661338147750939e-16,0.48640391448501036,0.4864039144850104,0.4692520163176379,-0.8828205366291559,0.6840480652000009,0.24083454865327925
4,0.2,0.0975,0.040086754037500116,0.6368836140375006,0.15960997638462357,0.23904644469424685,0.12838747652002336,0.003552165823773157,5.551115123125783e-16,0.4774487600406857,0.47744876004068576,0.47154198739446324,-0.8815701368097134,0.6769703680750008,0.23904644469424685
4,0.2,0.1,0.04009600000000012,0.6298560000000003,0.15872693533235022,0.23726187066470028,0.12702178664896224,0.0037271835884531423,4.440892098500626e-16,0.46867157401600057,0.46867157401600057,0.4738456944149734,-0.8803018723729459,0.6699520000000004,0.23726187066470006
4,0.2,0.10250000000000001,0.04010596603750012,0.6228867060375011,0.15784634376981974,0.2354807554646392,0.1256702001979243,0.00390566018261862,8.881784197001252e-16,0.4600689098367004,0.4600689098367004,0.47616316263587094,-0.8790153564986518,0.6629926720750012,0.2354807554646392
4,0.2,0.105,0.04011668860000012,0.6159754086000006,0.15696820169703193,0.23370302619406358,0.1243324428897925,0.004087522706269553,4.440892098500626e-16,0.4516373842091011,0.4516373842091012,0.4784944137169887,-0.8777101910807773,0.6560920972000006,0.23370302619406358
4,0.2,0.1075,0.04012820503750012,0.6091217850375001,0.15609250911398687,0.23192860815297345,0.12300824396872811,0.0042726964594062,2.220446049250313e-16,0.4433736760931179,0.44337367609311784,0.48083946553762846,-0.8763859664199161,0.6492499900750003,0.23192860815297345
4,0.2,0.11,0.04014055360000009,0.6023255136000005,0.15521926602068467,0.23015742484136914,0.12169733619971357,0.004461104942028227,4.440892098500626e-16,0.4352745256893373,0.43527452568933733,0.48319833200580437,-0.8750422609089974,0.6424660672000007,0.23015742484136914
4,0.2,0.1125,0.04015377343750005,0.5955862734375009,0.1543484724171252,0.2283893979592504,0.12039945586701006,0.004652669854136038,6.661338147750939e-16,0.42733673344001005,0.42733673344001,0.4855710228601445,-0.8736786407121051,0.635740046875001,0.2283893979592504
4,0.2,0.115,0.040167904600000116,0.5889037446000011,0.15348012830330873,0.22662444740661725,0.11911434277156308,0.004847311095729223,8.881784197001252e-16,0.4195571590438218,0.4195571590438217,0.487957543464219,-0.8722946594363864,0.6290716492000011,0.22662444740661725
4,0.2,0.11750000000000001,0.04018298803750012,0.5822776080375002,0.15261423367923477,0.22486249128346936,0.1178417402273878,0.005044946766808112,3.3306690738754696e-16,0.41193272048428886,0.41193272048428886,0.49035789459304596,-0.8708898577970117,0.6224605960750003,0.22486249128346936
4,0.2,0.12,0.04019906560000012,0.5757075456000008,0.1517507885449038,0.22310344588980735,0.11658139505698473,0.005245493167372439,7.771561172376096e-16,0.40446039307165227,0.4044603930716523,0.49277207221153324,-0.8694637632751553,0.6159066112000009,0.22310344588980735
4,0.2,0.1225,0.04021618003750012,0.5691932400375004,0.15088979290031543,0.2213472257256306,0.11533305758580248,0.005448864797422459,4.440892098500626e-16,0.39713720849810474,0.3971372084981048,0.49520006724459653,-0.8680158897689809,0.6094094200750005,0.2213472257256306
4,0.2,0.125,0.04023437500000012,0.5627343750000005,0.15003124674546994,0.21959374349093963,0.1140964816358142,0.0056549743569580535,4.440892098500626e-16,0.3899602539062507,0.3899602539062508,0.49764186533869226,-0.866545737237626,0.6029687500000006,0.21959374349093963
4,0.2,0.1275,0.04025369503750013,0.556330635037501,0.14917515008036733,0.21784291008573442,0.11287142451821841,0.005863732745978956,9.992007221626409e-16,0.38292667097062044,0.3829266709706205,0.5000974466145076,-0.8650527913381851,0.5965843300750011,0.21784291008573442
4,0.2,0.13,0.040274185600000144,0.5499817056000009,0.1483215029050074,0.21609463461001455,0.11165764702531722,0.006075049064485638,7.771561172376096e-16,0.37603365499212554,0.3760336549921255,0.5025667854105346,-0.863536523055714,0.5902558912000011,0.21609463461001432
4,0.2,0.1325,0.04029589303750012,0.5436872730375004,0.1474703052193901,0.2143488243637801,0.11045491342161151,0.00628883061247798,4.440892098500626e-16,0.369278454005316,0.369278454005316,0.5050498500172541,-0.8619963883262862,0.5839831660750006,0.2143488243637799
4,0.2,0.135,0.04031886460000013,0.5374470246000012,0.14662155702351587,0.2126053848470315,0.10926299143413853,0.006504982889955713,9.992007221626409e-16,0.3626583678982971,0.36265836789829703,0.5075466024016551,-0.8604318276531441,0.5777658892000013,0.2126053848470315
4,0.2,0.1375,0.04034314843750007,0.5312606484375004,0.14577525831738405,0.21086421975976788,0.10808165224209454,0.006723409596919083,4.440892098500626e-16,0.35617074754516564,0.35617074754516553,0.5100569979218053,-0.8588422657160117,0.5716037968750005,0.21086421975976788
4,0.2,0.14,0.04036879360000012,0.5251278335999999,0.14493140910099528,0.2091252310019902,0.10691067046579106,0.006944012633367969,1.1102230246251565e-16,0.34981299395085996,0.3498129939508599,0.5125809850311881,-0.8572271109736511,0.5654966272,0.2091252310019902
4,0.2,0.14250000000000002,0.04039585003750016,0.5190482700375013,0.14409000937434951,0.20738831867369867,0.10574982415495882,0.007166692099302541,1.2212453270876722e-15,0.343582557408253,0.343582557408253,0.5151185049725152,-0.8555857552597586,0.5594441200750014,0.2073883186736989
4,0.2,0.145,0.04042436860000012,0.5130216486000011,0.14325105913744618,0.20565338107489217,0.10459889477644824,0.0073913462947226005,8.881784197001252e-16,0.33747693666737544,0.3374769366673754,0.5176694914607324,-0.8539175733723212,0.5534460172000012,0.20565338107489217
4,0.2,0.1475,0.040454401037500184,0.5070476610375009,0.14241455839028583,0.20392031470557126,0.10345766720137428,0.007617871719628244,8.881784197001252e-16,0.3314936781166547,0.33149367811665476,0.5202338703549094,-0.8522219226565819,0.5475020620750011,0.20392031470557126
4,0.2,0.15,0.04048600000000012,0.501126000000001,0.14158050713286804,0.20218901426573588,0.10232592969170962,0.007846163074019419,8.881784197001252e-16,0.3256303749760012,0.32563037497600134,0.5228115593187291,-0.8504981425817743,0.5416120000000011,0.20218901426573588
4,0.2,0.1525,0.040519219037500116,0.4952563590375004,0.14074890536519308,0.20045937265538605,0.10120347388639139,0.008076113257896145,4.440892098500626e-16,0.31988466650164304,0.31988466650164316,0.5254024674692819,-0.8487455543118165,0.5357755780750005,0.20045937265538605
4,0.2,0.155,0.04055411260000012,0.48943843260000064,0.13991975308726098,0.19873128097452164,0.1000900947869584,0.008307613371258515,7.771561172376096e-16,0.31425423720257223,0.3142542372025723,0.5280064950138502,-0.8469634602701953,0.5299925452000007,0.19873128097452186
4,0.2,0.1575,0.04059073603750012,0.48367191603750015,0.1390930502990716,0.19700462852314304,0.09898559074275504,0.008540552714106475,4.440892098500626e-16,0.30873681606846554,0.3087368160684655,0.530623532874408,-0.8451511436992721,0.5242626520750002,0.19700462852314304
4,0.2,0.16,0.04062914560000005,0.4779565056000008,0.13826879700062503,0.19527930280125005,0.09788976343574496,0.00877481878643982,7.771561172376096e-16,0.30333017580897403,0.303330175808974,0.5332534622995169,-0.8433078682143067,0.5185856512000009,0.19527930280124983
4,0.2,0.1625,0.040669398437500164,0.4722918984375002,0.13744699319192138,0.19355518950884232,0.09680241786494792,0.009010297288258862,4.440892098500626e-16,0.29803213210422796,0.2980321321042279,0.5358961544633446,-0.841432877352497,0.5129612968750004,0.19355518950884232
4,0.2,0.165,0.04071155260000012,0.46667779260000025,0.13662763887296034,0.19183217254592044,0.09572336233055467,0.009246872119563543,3.3306690738754696e-16,0.29284054286646427,0.29284054286646416,0.5385514700514852,-0.8395253941174007,0.5073893452000003,0.19183217254592044
4,0.2,0.1675,0.04075566703750012,0.46111388703750084,0.13581073404374225,0.19011013401248422,0.09465240841773115,0.009484425380353656,8.881784197001252e-16,0.2877533075126217,0.2877533075126216,0.5412192588333272,-0.8375846205191021,0.501869554075001,0.19011013401248422
4,0.2,0.17,0.04080180160000012,0.45559988160000015,0.13499627870426673,0.1883889542085333,0.09358937098015208,0.009722837370629511,2.220446049250313e-16,0.28276836624780016,0.2827683662478001,0.5438993592206525,-0.8356097371105767,0.4964016832000003,0.18838895420853308
4,0.2,0.17250000000000001,0.04085001703750007,0.4501354770375,0.13418427285453402,0.18666851163406784,0.0925340681233019,0.009961986590390826,2.220446049250313e-16,0.2778836993594644,0.2778836993594644,0.5465915978122027,-0.8335999025207044,0.4909854940750001,0.18666851163406806
4,0.2,0.17500000000000002,0.04090037500000012,0.4447203750000004,0.1333747164945443,0.1849486829890883,0.09148632118755073,0.010201749739637611,5.551115123125783e-16,0.2730973265222506,0.27309732652225055,0.5492957889239459,-0.8315542529844531,0.4856207500000005,0.1849486829890883
4,0.2,0.1775,0.040952938037500185,0.4393542780375007,0.1325676096242974,0.1832293431735943,0.09044595473105632,0.010442001718369953,8.881784197001252e-16,0.26840730611327673,0.26840730611327673,0.5520117341047681,-0.8294719018708006,0.4803072160750009,0.1832293431735943
4,0.2,0.18,0.04100776960000016,0.4340368896000008,0.1317629522437931,0.1815103652875858,0.08941279651250822,0.01068261562658801,8.881784197001252e-16,0.26381173453782886,0.2638117345378289,0.5547392216373448,-0.8273519392090029,0.47504465920000094,0.1815103652875858
4,0.2,0.1825,0.04106493403750012,0.42876791403750025,0.13096074435303146,0.1797916206310628,0.08838667747374784,0.01092346276429157,4.440892098500626e-16,0.25930874556530376,0.2593087455653038,0.5574780260239528,-0.8251934312138821,0.46983284807500036,0.17979162063106258
4,0.2,0.185,0.04112449660000012,0.4235470566000005,0.13016098595201278,0.1780729787040254,0.08736743172228778,0.011164412631480714,6.661338147750939e-16,0.2548965096752952,0.25489650967529515,0.5602279074569896,-0.8229954198108633,0.46467155320000064,0.17807297870402516
4,0.2,0.1875,0.04118652343750011,0.4183740234375004,0.1293636770407368,0.1763543072064735,0.08635489651375283,0.011405332928155376,5.551115123125783e-16,0.25057323341369686,0.25057323341369686,0.5629886112739937,-0.8207569221615416,0.45956054687500053,0.1763543072064735
4,0.2,0.19,0.04125108160000012,0.413248521600001,0.12856881761920377,0.17463547203840735,0.0853489122342832,0.011646089554315564,1.1102230246251565e-15,0.24633715875872378,0.24633715875872375,0.5657598673969688,-0.8184769301906398,0.4544996032000011,0.17463547203840735
4,0.2,0.1925,0.04131823903750012,0.4081702590375003,0.12777640768741333,0.17291633729982636,0.08434932238290616,0.011886546609961579,4.440892098500626e-16,0.24218656249671672,0.24218656249671672,0.5685413897558416,-0.8161544101152689,0.44948849807500046,0.17291633729982636
4,0.2,0.195,0.04138806460000012,0.4031389446000008,0.12698644724536584,0.17119676529073136,0.08335597355392299,0.012126566395092908,7.771561172376096e-16,0.23811975560763968,0.2381197556076397,0.5713328756958941,-0.8137883019774896,0.44452700920000093,0.17119676529073158
4,0.2,0.1975,0.04146062803750012,0.39815428803750064,0.126198936293061,0.16947661651112167,0.08236871541930701,0.012366009409709777,8.881784197001252e-16,0.23413508266012678,0.2341350826601268,0.574134005369057,-0.811377519181234,0.43961491607500075,0.16947661651112167
4,0.2,0.2,0.04153600000000012,0.39321600000000045,0.12541387483049898,0.16775574966099782,0.08138740071116779,0.012604734353812264,6.661338147750939e-16,0.2302309212160006,0.23023092121600058,0.5769444411089486,-0.8089209480347412,0.4347520000000006,0.1677557496609976
4,0.2,0.2025,0.041614252037500125,0.3883237920375004,0.12463126285767974,0.1660340216403593,0.080411885204281,0.012842598127400517,6.661338147750939e-16,0.2264056812441239,0.22640568124412394,0.5797638267896034,-0.806417447299729,0.4299380440750005,0.1660340216403593
4,0.2,0.20500000000000002,0.04169545660000012,0.3834773766,0.12385110037460323,0.16431128754920632,0.079442027698717,0.013079455830474096,2.220446049250313e-16,0.2226578045434874,0.22265780454348746,0.5825917871678505,-0.803865847748618,0.4251728332000001,0.16431128754920632
4,0.2,0.20750000000000002,0.04177968703750013,0.37867646703750035,0.12307338738126965,0.16258740068753896,0.07847769000259108,0.013315160763033296,3.3306690738754696e-16,0.21898576417542417,0.21898576417542423,0.5854279272093421,-0.8012649517312214,0.4204561540750005,0.16258740068753896
4,0.2,0.21,0.04186701760000016,0.37392077760000064,0.12229812387767887,0.16086221255535738,0.0775187369149496,0.013549564425078042,8.881784197001252e-16,0.21538806390483417,0.21538806390483414,0.5882718313982807,-0.7986135327523916,0.4157877952000008,0.1608622125553576
4,0.2,0.2125,0.04195752343750012,0.3692100234375005,0.12152530986383067,0.1591355728526611,0.07656503620882138,0.013782516516608556,6.661338147750939e-16,0.21186323765032192,0.2118632376503219,0.5911230630309239,-0.7959103350622384,0.4111675468750006,0.1591355728526611
4,0.2,0.215,0.04205128060000013,0.3645439206000005,0.12075494533972539,0.15740732947945046,0.07561645861445543,0.014013864937624465,7.771561172376096e-16,0.2084098489431354,0.20840984894313538,0.5939811634930098,-0.7931540732606164,0.40659520120000064,0.15740732947945046
4,0.2,0.2175,0.04214836603750005,0.35992218603750004,0.11998703030536267,0.15567732853572513,0.07467287780275367,0.014243455788125914,2.220446049250313e-16,0.20502649039479645,0.2050264903947965,0.596845651521283,-0.7903434319177003,0.4020705520750001,0.15567732853572536
4,0.2,0.22,0.04224885760000012,0.35534453760000034,0.11922156476074308,0.153945414321486,0.07373417036893715,0.014471133368112898,6.661338147750939e-16,0.20171178317332925,0.20171178317332925,0.5997160224493736,-0.7874770652125759,0.3975933952000005,0.153945414321486
4,0.2,0.2225,0.04235283403750005,0.3508106940375002,0.11845854870586599,0.15221142933673182,0.07280021581644314,0.014696740177585488,5.551115123125783e-16,0.1984643764879664,0.1984643764879664,0.6025917474383266,-0.7845535965918955,0.39316352807500027,0.15221142933673204
4,0.2,0.225,0.04246037500000015,0.3463203750000005,0.11769798214073202,0.15047521428146382,0.07187089654109935,0.014920116916543824,8.881784197001252e-16,0.1952829470822507,0.19528294708225064,0.605472272692163,-0.7815716184507588,0.3887807500000007,0.15047521428146382
4,0.2,0.2275,0.04257156103750012,0.3418733010375001,0.1169398650653405,0.14873660805568067,0.0709460978155646,0.015141102484987456,3.3306690738754696e-16,0.1921661987354081,0.19216619873540816,0.6083570186589049,-0.778529691838124,0.38444486207500017,0.14873660805568067
4,0.2,0.23,0.04268647360000005,0.3374691935999999,0.11618419747969176,0.14699544775938334,0.07002570777408423,0.015359533982916895,1.1102230246251565e-16,0.18911286177191178,0.18911286177191183,0.6112453792175995,-0.7754263461891642,0.38015566719999994,0.14699544775938334
4,0.2,0.2325,0.04280519503750012,0.3331077750374999,0.11543097938378602,0.14525156869257172,0.06910961739755184,0.015575246710331836,2.220446049250313e-16,0.1861216925791186,0.18612169257911865,0.6141367208519349,-0.7722600790871361,0.375912970075,0.14525156869257172
4,0.2,0.23500000000000001,0.04292780860000013,0.3287887686000005,0.1146802107776231,0.14350480435524604,0.06819772049891437,0.01578807416723227,8.881784197001252e-16,0.1831914731328917,0.18319147313289166,0.6170303818111392,-0.7690293560574621,0.3717165772000006,0.14350480435524604
4,0.2,0.23750000000000002,0.04305439843750012,0.3245118984375002,0.11393189166120278,0.14175498644740525,0.06728991370892734,0.015997848053618258,3.3306690738754696e-16,0.18032101053110283,0.18032101053110286,0.6199256712589621,-0.7657326103968569,0.36756629687500036,0.14175498644740525
4,0.2,0.24,0.04318504960000005,0.32027688960000056,0.11318602203452525,0.14000194486905038,0.06638609646229265,0.016204398269489717,6.661338147750939e-16,0.17750913653492736,0.1775091365349273,0.6228218684116077,-0.7623682430405083,0.3634619392000006,0.14000194486905038
4,0.2,0.2425,0.04331984803750012,0.3160834680375003,0.11244260189759062,0.13824550772018096,0.06548617098417087,0.016407552914846857,5.551115123125783e-16,0.17475470711781702,0.17475470711781702,0.6257182216656345,-0.7589346224704275,0.3594033160750004,0.13824550772018096
4,0.2,0.245,0.04345888060000005,0.31193136060000026,0.1117016312503986,0.13648550130079706,0.06459004227711374,0.016607138289689738,4.440892098500626e-16,0.17205660202207618,0.17205660202207618,0.6286139477169105,-0.75543008466829,0.3553902412000003,0.13648550130079706
4,0.2,0.2475,0.043602235037500124,0.3078202950375002,0.11096311009294955,0.13472175011089882,0.06369761810841579,0.01680297889401805,4.440892098500626e-16,0.16941372432293023,0.1694137243229302,0.6315082306718803,-0.7518529331161861,0.3514225300750003,0.13472175011089882
4,0.2,0.25,0.043750000000000115,0.30375000000000074,0.11022703842524331,0.13295407685048644,0.06280880899790775,0.01699489742783178,9.992007221626409e-16,0.16682500000000075,0.16682500000000078,0.634400221152478,-0.7482014388489209,0.34750000000000086,0.13295407685048644
4,0.2,0.2525,0.04390226503750012,0.2997202050375004,0.10949341624727969,0.13118230241955908,0.06192352820620817,0.017182714791131204,5.551115123125783e-16,0.16428937751609032,0.16428937751609035,0.6372890353962078,-0.7444738405616034,0.3436224700750005,0.13118230241955908
4,0.2,0.255,0.04405912060000012,0.29573064060000026,0.10876224355905888,0.12940624591811756,0.06104169172345686,0.017366250083916235,3.3306690738754696e-16,0.1618058274031916,0.1618058274031916,0.6401737543530123,-0.7406683447764814,0.3397897612000004,0.12940624591811734
4,0.2,0.2575,0.04422065803750009,0.2917810380375002,0.10803352036058082,0.1276257246461614,0.06016321825853188,0.017545320606186854,3.3306690738754696e-16,0.15937334185561813,0.1593733418556181,0.6430534227807363,-0.7367831260730933,0.3360016960750003,0.1276257246461614
4,0.2,0.26,0.04438696960000014,0.28787112960000016,0.10730724665184567,0.1258405541036911,0.059288029228783734,0.017719741857942894,6.661338147750939e-16,0.15699093433017727,0.1569909343301773,0.6459270483411323,-0.7328163273860075,0.3322580992000003,0.1258405541036911
4,0.2,0.2625,0.04455814843750014,0.2840006484375,0.10658342243285321,0.12405054799070614,0.05841604875029116,0.017889327539184485,2.220446049250313e-16,0.15465763915329014,0.15465763915329017,0.6487936006985244,-0.7287660603745623,0.3285587968750001,0.12405054799070614
4,0.2,0.265,0.044734288600000074,0.2801693286000001,0.10586204770360351,0.12225551820720693,0.057547203628667276,0.018053889549911828,2.220446049250313e-16,0.1523725111349735,0.1523725111349735,0.6516520106234351,-0.7246304058691776,0.32490361720000016,0.12225551820720693
4,0.2,0.2675,0.04491548503750006,0.2763769050375002,0.10514312246409663,0.12045527485319307,0.05668142335041937,0.01821323799012453,4.440892098500626e-16,0.15013462518959128,0.15013462518959123,0.654501169103649,-0.7204074143989823,0.3212923900750002,0.12045527485319307
4,0.2,0.27,0.04510183360000013,0.2726231136000004,0.10442664671433267,0.11864962622866515,0.05581864007489168,0.018367181159822943,7.771561172376096e-16,0.1479430759632948,0.1479430759632948,0.6573399264653808,-0.7160951068056386,0.31772494720000055,0.11864962622866515
4,0.2,0.2725,0.04529343103750013,0.26890769103750023,0.10371262045431134,0.11683837883362247,0.05495878862680137,0.01851552555900704,7.771561172376096e-16,0.14579697746806136,0.1457969774680614,0.660167091507426,-0.7116914749484027,0.31420112207500034,0.11683837883362225
4,0.2,0.275,0.04549037500000013,0.265230375,0.10300104368403279,0.1150213373680653,0.05410180648938989,0.01865807588767643,4.440892098500626e-16,0.1436954627222502,0.14369546272225023,0.6629814306513662,-0.7071944825055931,0.31072075000000016,0.1150213373680653
4,0.2,0.2775,0.045692764037500166,0.26159090403750057,0.10229191640349722,0.11319830473199399,0.0532476337982033,0.018794635045831676,8.881784197001252e-16,0.1416376833975885,0.1416376833975885,0.6657816671111213,-0.7026020658777894,0.30728366807500074,0.11319830473199399
4,0.2,0.28,0.045900697600000054,0.2579890175999999,0.101585238612704,0.11136908202540785,0.05239621333551647,0.018925004133472312,1.1102230246251565e-16,0.13962280947250366,0.13962280947250366,0.668566480085365,-0.6979121351981836,0.30388971519999997,0.11136908202540785
4,0.2,0.28250000000000003,0.04611427603750006,0.25442445603749986,0.10088101031165383,0.10953346854830759,0.05154749052543672,0.019048982450598384,2.220446049250313e-16,0.13765002889172975,0.13765002889172978,0.6713345039765378,-0.6931225754556509,0.3005387320749999,0.10953346854830759
4,0.2,0.28500000000000003,0.04633360060000006,0.2508969606,0.10017923150034648,0.10769126180069288,0.05070141342967327,0.019166367497210235,2.220446049250313e-16,0.13571854723208865,0.13571854723208868,0.6740843276404409,-0.6882312477361762,0.2972305612000001,0.10769126180069288
4,0.2,0.28750000000000003,0.046558773437500194,0.24740627343750032,0.09947990217878211,0.10584225748256393,0.04985793274402606,0.019276954973307614,8.881784197001252e-16,0.13382758737438427,0.13382758737438427,0.6768144936706223,-0.6832359905883786,0.2939650468750005,0.10584225748256393
4,0.2,0.29,0.04678989760000005,0.24395213760000004,0.09878302234696007,0.1039862494939201,0.04901700179558277,0.019380538778890566,0.0,0.131976389181317,0.13197638918131702,0.6795234977220111,-0.6781346215189454,0.2907420352000001,0.1039862494939201
4,0.2,0.2925,0.047027077037500135,0.24053429703750057,0.09808859200488125,0.10212302993476219,0.04817857654067237,0.019476911013958986,9.992007221626409e-16,0.1301642091813521,0.13016420918135213,0.6822097878785218,-0.6729249386238174,0.2875613740750007,0.10212302993476241
4,0.2,0.295,0.04727041660000012,0.2371524966000005,0.09739661115254497,0.10025238910508971,0.04734261556355479,0.019565861978513066,8.881784197001252e-16,0.12839032025844666,0.12839032025844666,0.6848717640695676,-0.6676047223610253,0.2844229132000006,0.10025238910508971
4,0.2,0.2975,0.04752002203750012,0.23380648203750018,0.09670707978995144,0.09837411550490271,0.04650908007591348,0.019647180172552625,4.440892098500626e-16,0.126654011347581,0.12665401134758103,0.6875077775407168,-0.6621717374710523,0.2813265040750003,0.09837411550490249
4,0.2,0.3,0.04777600000000012,0.23049600000000045,0.09601999791710081,0.09648799583420131,0.045677933917131486,0.01972065229607778,6.661338147750939e-16,0.12495458713600044,0.12495458713600044,0.6901161303839453,-0.6566237350505979,0.2782720000000006,0.09648799583420131
4,0.2,0.3025,0.04803845803750014,0.22722079803750034,0.09533536553399291,0.09459381499298547,0.04484914355538727,0.019786063249088492,8.881784197001252e-16,0.12329136777009891,0.12329136777009891,0.6926950751332168,-0.6509584547855424,0.27525925607500046,0.09459381499298547
4,0.2,0.305,0.04830750460000013,0.22398062460000046,0.09465318264062782,0.09269135608125545,0.04402267808959526,0.019843196131584806,8.881784197001252e-16,0.12166368856787527,0.12166368856787531,0.6952428144313507,-0.6451736273488634,0.27228812920000056,0.09269135608125545
4,0.2,0.3075,0.04858324903750012,0.22077522903750035,0.09397344923700544,0.0907804003990107,0.04319850925219937,0.01989183224356683,6.661338147750939e-16,0.12007089973688057,0.12007089973688058,0.6977575007744095,-0.6392669769690892,0.26935847807500046,0.0907804003990107
4,0.2,0.31,0.048865801600000126,0.21760436160000002,0.09329616532312583,0.0888607274462514,0.04237661141285043,0.01993175108503431,3.3306690738754696e-16,0.11851236609759151,0.11851236609759148,0.7002372363400554,-0.6332362241747589,0.26647016320000017,0.0888607274462514
4,0.2,0.3125,0.04915527343750013,0.2144677734375002,0.0926213308989891,0.08693211492297781,0.04155696158298072,0.01996273035598728,5.551115123125783e-16,0.11698746681213404,0.11698746681213405,0.7026800729065732,-0.6270790887201328,0.2636230468750003,0.08693211492297781
4,0.2,0.315,0.04945177660000014,0.21136521660000027,0.09194894596459513,0.08499433872919004,0.04073953942130171,0.019984545956425848,7.771561172376096e-16,0.11549559511828854,0.11549559511828852,0.7050840118694766,-0.6207932926971564,0.2608169932000004,0.08499433872919004
4,0.2,0.3175,0.04975542403750005,0.20829644403750028,0.09127901051994386,0.08304717296488762,0.03992432724024586,0.019996971986349976,3.3306690738754696e-16,0.11403615806870823,0.11403615806870822,0.7074470043628165,-0.6143765638384054,0.25805186807500036,0.08304717296488784
4,0.2,0.32,0.050066329600000126,0.20526120960000047,0.09061152456503557,0.081090389930071,0.039111310013374534,0.0199997807457597,8.881784197001252e-16,0.11260857627528181,0.11260857627528181,0.7097669514925192,-0.6078266390153654,0.2553275392000006,0.081090389930071
4,0.2,0.3225,0.05038460803750012,0.20225926803750022,0.08994648809986987,0.07912376012473943,0.03830047538376424,0.0199927427346549,3.3306690738754696e-16,0.11121228365856883,0.11121228365856883,0.7120417046892377,-0.6011412679360346,0.25264387607500033,0.07912376012473943
4,0.2,0.325,0.05071037500000014,0.19929037500000024,0.08928390112444703,0.07714705224889373,0.037491813673415364,0.01997562665303576,6.661338147750939e-16,0.10984672720225032,0.10984672720225032,0.7142690661883766,-0.5943182170453483,0.2500007500000004,0.07714705224889373
4,0.2,0.3275,0.051043747037500135,0.19635428703750032,0.08862376363876698,0.07516003320253373,0.03668531789367391,0.01994819940090209,6.661338147750939e-16,0.1085113667125166,0.1085113667125166,0.7164467896450629,-0.5873552736314318,0.24739803407500047,0.07516003320253373
4,0.2,0.33,0.051384841600000196,0.19345076160000038,0.08796607564282978,0.07316246808565907,0.03588098375671933,0.019910226078254212,8.881784197001252e-16,0.10720567458233904,0.10720567458233904,0.7185725808919409,-0.5802502501400901,0.24483560320000058,0.07316246808565907
4,0.2,0.3325,0.05173377703750019,0.1905795570375003,0.08731083713663523,0.07115412019827017,0.03507880968811472,0.01986146998509164,8.881784197001252e-16,0.1059291355605538,0.1059291355605538,0.7206440988477415,-0.5730009886993043,0.2423133340750005,0.07115412019827017
4,0.2,0.335,0.05209067260000014,0.18774043260000017,0.08665804812018345,0.0691347510403666,0.03427879684045909,0.019801692621414846,5.551115123125783e-16,0.10468124652569892,0.1046812465256989,0.7226589565846135,-0.5656053658547702,0.2398311052000003,0.0691347510403666
4,0.2,0.3375,0.05245564843750014,0.18493314843750008,0.08600770859347448,0.06710412031194868,0.03348094910815058,0.019730653687223487,4.440892098500626e-16,0.10346151626454023,0.10346151626454025,0.7246147225621841,-0.5580612975167378,0.23738879687500022,0.06710412031194868
4,0.2,0.34,0.05282882560000016,0.18215746560000007,0.08535981855650834,0.06506198591301637,0.03268527314328584,0.01964811108251774,5.551115123125783e-16,0.10226946525522577,0.1022694652552258,0.7265089220362848,-0.5503667441175384,0.23498629120000022,0.06506198591301637
4,0.2,0.3425,0.05321032603750012,0.17941314603750022,0.084714378009285,0.0630081039435697,0.03189177837271728,0.019553820907297625,5.551115123125783e-16,0.10110462545500867,0.10110462545500866,0.7283390386501682,-0.5425197159782351,0.23262347207500034,0.0630081039435697
4,0.2,0.34500000000000003,0.053600272600000075,0.1766999526000001,0.08407138695180434,0.06094222870360855,0.031100477016283823,0.019447537461562803,3.3306690738754696e-16,0.09996654009247818,0.09996654009247821,0.7301025162159006,-0.5345182788818217,0.23030022520000018,0.06094222870360855
4,0.2,0.34750000000000003,0.053998789037500126,0.17401764903750025,0.08343084538406662,0.058864112693133075,0.030311384106237238,0.019329013245313886,6.661338147750939e-16,0.0988547634642423,0.09885476346424232,0.7317967606934032,-0.5263605598492986,0.22801643807500038,0.058864112693133075
4,0.2,0.35000000000000003,0.054406000000000045,0.17136600000000018,0.08279275330607151,0.056773506612142866,0.029524517507874437,0.019197998958550233,4.440892098500626e-16,0.09776886073600016,0.09776886073600016,0.7334191423743549,-0.5180447531137609,0.22577200000000022,0.056773506612142866
4,0.2,0.3525,0.054822031037500114,0.16874477103750002,0.0821571107178193,0.05467015936063846,0.02873989794140419,0.019054243501272383,2.220446049250313e-16,0.09670840774795379,0.0967084077479538,0.734966998277839,-0.5095691262863891,0.22356680207500013,0.05467015936063824
4,0.2,0.355,0.055247008600000154,0.16615372860000044,0.08152391761930997,0.05255381803861958,0.027957549005047544,0.018897493973480062,9.992007221626409e-16,0.09567299082449747,0.09567299082449748,0.7364376347642058,-0.5009320267069102,0.22140073720000059,0.05255381803861958
4,0.2,0.3575,0.0556810600375001,0.16359264003750004,0.08089317401054315,0.05042422794608603,0.027177497199391887,0.01872749567517329,4.440892098500626e-16,0.09466220658813154,0.09466220658813154,0.7378283303731777,-0.492131887969647,0.21927370007500013,0.05042422794608625
4,0.2,0.36,0.05612431360000007,0.16106127360000028,0.0802648798915193,0.048281132583038566,0.026399771953019457,0.018543992106351936,4.440892098500626e-16,0.09367566177755227,0.09367566177755224,0.7391363388916368,-0.48316723661486144,0.21718558720000036,0.048281132583038566
4,0.2,0.3625,0.05657689843750009,0.15855939843750008,0.07963903526223817,0.046124273649476244,0.025624405649390836,0.018346724967016392,3.3306690738754696e-16,0.09271297306985266,0.09271297306985266,0.7403588926559477,-0.47403669897346284,0.2151362968750002,0.04612427364947602
4,0.2,0.365,0.057038944600000155,0.1560867846,0.07901564012269988,0.043953391045399526,0.02485143365501974,0.01813543415716623,4.440892098500626e-16,0.09177376690679585,0.09177376690679585,0.7414932060929208,-0.4647390081516248,0.21312572920000017,0.043953391045399526
4,0.2,0.3675,0.05751058303750014,0.15364320303750026,0.07839469447290441,0.0417682228708085,0.024080894348917248,0.017909857776801763,8.881784197001252e-16,0.090857679325099,0.09085767932509901,0.7425364795027558,-0.45527301114011026,0.2111537860750004,0.0417682228708085
4,0.2,0.37,0.057991945600000136,0.1512284256000005,0.07777619831285172,0.039568505425703115,0.023312829153315562,0.01766973212592271,1.1102230246251565e-15,0.08996435579068285,0.08996435579068283,0.7434859030863958,-0.44563767603142496,0.20922037120000064,0.03956850542570334
4,0.2,0.3725,0.058483165037500146,0.1488422250375002,0.07716015164254167,0.03735397321008316,0.02254728256566252,0.01741479170452931,6.661338147750939e-16,0.08909345103683669,0.08909345103683669,0.7443386612187619,-0.43583209932614864,0.20732539007500034,0.037353973210082936
4,0.2,0.375,0.05898437500000003,0.14648437500000017,0.0765465544619744,0.03512435892394872,0.02178430219187455,0.017144769212621647,2.220446049250313e-16,0.0882446289062501,0.0882446289062501,0.7450919369682673,-0.42585551330798505,0.2054687500000002,0.03512435892394894
4,0.2,0.3775,0.05949571003750013,0.14415465003750022,0.07593540677115009,0.032879393467299955,0.021023938780830753,0.01685939555019944,6.661338147750939e-16,0.08741756219686168,0.0874175621968617,0.7457429168618666,-0.4157072934652406,0.20365036007500034,0.032879393467299955
4,0.2,0.38,0.06001730560000016,0.14185282560000032,0.0753267085700685,0.030618805940136662,0.02026624626008433,0.016558399817262703,1.1102230246251565e-15,0.08661193251148044,0.08661193251148046,0.7462887958936277,-0.4053869659346611,0.20187013120000047,0.030618805940136662
4,0.2,0.3825,0.06054929803750015,0.13957867803750013,0.0747204598587296,0.028342323642458922,0.019511281772769062,0.01624150931381152,5.551115123125783e-16,0.08582743011113449,0.0858274301111345,0.7467267827735113,-0.39489421494165716,0.20012797607500027,0.028342323642458922
4,0.2,0.385,0.06109182460000015,0.13733198460000023,0.07411666063713358,0.026049672074266894,0.018759105715657753,0.015908449539845826,9.992007221626409e-16,0.08506375377210115,0.08506375377210115,0.7470541054115943,-0.3842288902092095,0.19842380920000038,0.026049672074266894
4,0.2,0.3875,0.06164502343750008,0.13511252343750002,0.07351531090528021,0.023740574935560366,0.018009781778318912,0.015558944195365854,1.1102230246251565e-16,0.08432061064657134,0.08432061064657134,0.7472680166314986,-0.3733910143059152,0.1967575468750001,0.023740574935560144
4,0.2,0.39,0.062209033600000144,0.13292007360000013,0.07291641066316978,0.021414754126339197,0.017263376983338796,0.015192715180371463,4.440892098500626e-16,0.08359771612691333,0.08359771612691332,0.7473658001051899,-0.3623807899019583,0.19512910720000026,0.021414754126339197
4,0.2,0.3925,0.06278399503750014,0.1307544150375003,0.07231995991080213,0.01907192974660399,0.016519961727513133,0.014809482594862589,7.771561172376096e-16,0.08289479371348295,0.08289479371348295,0.7473447764996781,-0.3511986069000986,0.19353841007500044,0.01907192974660399
4,0.2,0.395,0.06337004860000021,0.12861532860000008,0.07172595864817716,0.016711820096353858,0.015779609823955876,0.014408964738839236,8.881784197001252e-16,0.0822115748859486,0.0822115748859486,0.747202309824428,-0.33984504940723037,0.1919853772000003,0.016711820096353858
4,0.2,0.3975,0.06396733603750016,0.12650259603750028,0.07113440687529507,0.014334141675589773,0.015042398545021873,0.013990878112301486,8.881784197001252e-16,0.08154779897808559,0.08154779897808559,0.7469358139665301,-0.3283209025106173,0.19046993207500043,0.014334141675589773
4,0.2,0.4,0.06457600000000013,0.1244159999999999,0.07054530459215558,0.011938609184310778,0.014308408665937078,0.01355493741524949,2.220446049250313e-16,0.08090321305600005,0.08090321305600005,0.7465427593988694,-0.31662715882153614,0.18899200000000005,0.011938609184310778
4,0.2,0.4025,0.06519618403750006,0.12235532403749998,0.069958651798759,0.009524935522517985,0.013577724509022837,0.01310085554768281,1.1102230246251565e-16,0.080277571799748,0.08027757179974798,0.7460206800446862,-0.3047650247479883,0.18755150807500004,0.009524935522517985
4,0.2,0.405,0.06582803260000018,0.12032035260000022,0.06937444849510534,0.007092831790210363,0.012850433988365495,0.012628343609601744,8.881784197001252e-16,0.07967063738830582,0.07967063738830582,0.7453671802800595,-0.29273592645701835,0.1861483852000004,0.007092831790210363
4,0.2,0.40750000000000003,0.06647169103750006,0.11831087103750011,0.06879269468119424,0.004642007287388283,0.012126628654778648,0.01213711090100622,4.440892098500626e-16,0.07908217938786027,0.07908217938786027,0.744579942053974,-0.28054151548650674,0.18478256207500016,0.004642007287388283
4,0.2,0.41000000000000003,0.06712730560000016,0.11632666560000006,0.06821339035702605,0.002172169514051747,0.011406403740888749,0.011626864921896463,5.551115123125783e-16,0.07851197464338269,0.07851197464338269,0.7436567321037743,-0.2681836739656243,0.18345397120000023,0.002172169514051747
4,0.2,0.41250000000000003,0.06779502343750016,0.11436752343750019,0.06763653552260065,0.0,0.010689858206119451,0.0110973113722721,8.881784197001252e-16,0.07795980717344658,0.0779598071734466,0.7425954092419749,-0.2556645194028716,0.18216254687500033,-0.0003169758297990599
4,0.2,0.41500000000000004,0.06847499260000013,0.11243323260000024,0.06706213017791803,0.0,0.009977094781370655,0.010548154152133282,7.771561172376096e-16,0.07742546806826074,0.07742546806826073,0.7413939316886061,-0.24298640900049034,0.18090822520000038,-0.0028257248441641014
4,0.2,0.4175,0.06916736203750011,0.11052358203750019,0.06649017432297812,0.0,0.009268220013126882,0.009979095361480228,4.440892098500626e-16,0.07690875539088249,0.07690875539088249,0.7400503644215495,-0.23015194345430462,0.1796909440750003,-0.005354375429044045
4,0.2,0.42,0.06987228160000016,0.10863836160000029,0.06592066795778109,0.0,0.008563344306716014,0.009389835300312566,8.881784197001252e-16,0.07640947408157835,0.07640947408157833,0.7385628865156757,-0.21716397019850098,0.17851064320000043,-0.007903227284438152
4,0.2,0.4225,0.0705899020375001,0.10677736203749988,0.06535361108232658,0.0,0.00786258196839662,0.00878007246863044,0.0,0.07592743586529993,0.07592743586529993,0.7369297984400518,-0.20402558605571014,0.17736726407499998,-0.010472581910346945
4,0.2,0.425,0.07132037500000019,0.1049403750000002,0.06478900369661524,0.0,0.007166051245943383,0.008149503566433847,8.881784197001252e-16,0.07546245916225028,0.07546245916225028,0.7351495292810803,-0.19074013925391747,0.17626075000000038,-0.013062742606769984
4,0.2,0.4275,0.07206385303750015,0.10312719303750005,0.06422684580064644,0.0,0.006473874367310728,0.007497823493723077,4.440892098500626e-16,0.07501436900150002,0.07501436900150002,0.733220643858141,-0.17731123077318423,0.1751910460750002,-0.01567401447370753
4,0.2,0.43,0.07282048960000019,0.10133760960000016,0.06366713739442054,0.0,0.005786177576994067,0.006824725350497607,6.661338147750939e-16,0.07458299693763959,0.07458299693763959,0.7311418496972251,-0.16374271498709547,0.17415809920000036,-0.018306704411159336
4,0.2,0.4325,0.07359043903750004,0.09957141903750012,0.06310987847793727,0.0,0.005103091169575968,0.0061299004367578735,3.3306690738754696e-16,0.0741681809704251,0.0741681809704251,0.7289120038271131,-0.15003869956597,0.17316185807500017,-0.020961121119125625
4,0.2,0.435,0.07437385660000018,0.09782841660000023,0.062555069051197,0.0,0.004424749519978066,0.005413038252503721,8.881784197001252e-16,0.07376976546740283,0.07376976546740283,0.7265301193619417,-0.13620354461151207,0.17220227320000042,-0.023637575097606334
4,0.2,0.4375,0.07517089843750015,0.09610839843750003,0.06200270911419929,0.0,0.003751291109833188,0.004673826497734845,4.440892098500626e-16,0.07338760108947767,0.07338760108947767,0.7239953718335139,-0.12224186099549494,0.17127929687500018,-0.026336378646601766
4,0.2,0.44,0.07598172160000016,0.09441116160000011,0.061452798666944496,0.0,0.0030828585493882787,0.003911951072451902,4.440892098500626e-16,0.07302154471940835,0.07302154471940835,0.7213071052364749,-0.10815850787833792,0.1703928832000003,-0.029057845866111265
4,0.2,0.4425,0.07680648403750018,0.09273650403750003,0.060905337709432426,0.0,0.002419598594247896,0.00312709607665429,4.440892098500626e-16,0.07267145939319772,0.0726714593931977,0.718464837749467,-0.09395858938709356,0.1695429880750002,-0.031802292656135545
4,0.2,0.445,0.07764534460000012,0.09108422460000028,0.06036032624166325,0.0,0.0017616621562605017,0.0023189438103423665,6.661338147750939e-16,0.0723372142343618,0.0723372142343618,0.7154682670956894,-0.07964745043632887,0.1687295692000004,-0.0345700367166738
4,0.2,0.4475,0.07849846303750012,0.08945412303750008,0.05981776426363672,0.0,0.0011092043077481906,0.001487174773515898,3.3306690738754696e-16,0.07201868439105008,0.07201868439105008,0.7123172755068475,-0.06523067167961111,0.1679525860750002,-0.03736139754772683
4,0.2,0.45,0.0793660000000001,0.08784599999999994,0.05927765177535293,0.0,0.00046238427825473494,0.0006314676661749452,2.220446049250313e-16,0.07171575097600003,0.07171575097600003,0.7090119342553515,-0.05071406358395236,0.16721200000000003,-0.040176696449294336
4,0.2,0.4525,0.08024811703750014,0.0862596570374999,0.058739988776812045,0.0,1.1102230246251565e-16,0.0,1.1102230246251565e-16,0.07142830100930181,0.07142830100930181,0.7055525077207965,-0.036103659624276696,0.16650777407500003,-0.043016256521376084
4,0.2,0.455,0.08114497660000017,0.08469489660000015,0.05820477526801402,0.0,6.661338147750939e-16,0.0,6.661338147750939e-16,0.07115622736395574,0.07115622736395574,0.7019394569582185,-0.02140570860011959,0.16583987320000032,-0.04588040266397231
4,0.2,0.4575,0.08205674203750017,0.08315152203749993,0.057672011248958585,0.0,2.220446049250313e-16,0.0,2.220446049250313e-16,0.07089942871420302,0.07089942871420302,0.6981734427374292,-0.006626666081926413,0.1652082640750001,-0.04876946157708317
4,0.2,0.46,0.0829835776000002,0.08162933760000002,0.057141696719646064,0.0,4.440892098500626e-16,0.0,4.440892098500626e-16,0.07065780948661449,0.07065780948661449,0.6942553280247842,0.00822681500023753,0.1646129152000002,-0.04897528176070787
4,0.2,0.4625,0.08392564843750014,0.08012814843750024,0.056613831680076394,0.0,9.992007221626409e-16,0.0,8.881784197001252e-16,0.07043127981391534,0.07043127981391534,0.6901861798811386,0.023147894607360886,0.16405379687500038,-0.04702863351484776
4,0.2,0.465,0.08488312060000018,0.07864776060000012,0.056088416130249334,0.0,5.551115123125783e-16,0.0,6.661338147750939e-16,0.07021975549153503,0.07021975549153504,0.6859672707523969,0.03812955665770634,0.1635308812000003,-0.04511868893950166
4,0.2,0.4675,0.08585616103750023,0.07718798103750012,0.05556545007016513,0.0,8.881784197001252e-16,0.0,8.881784197001252e-16,0.07002315793686661,0.07002315793686661,0.681600079132006,0.05316462087925089,0.16304414207500034,-0.04324506193467004
4,0.2,0.47000000000000003,0.08684493760000019,0.07574861760000007,0.05504493349982368,0.0,5.551115123125783e-16,0.0,5.551115123125783e-16,0.06984141415121717,0.06984141415121715,0.6770862895778983,0.06824575541355837,0.16259355520000024,-0.041407368200352845
4,0.2,0.47250000000000003,0.08784961903750019,0.07432947903750016,0.05452686641922507,0.0,8.881784197001252e-16,0.0,8.881784197001252e-16,0.06967445668444293,0.06967445668444293,0.6724277920698376,0.08336549013084033,0.16217909807500036,-0.03960522523655008
4,0.2,0.47500000000000003,0.08887037500000022,0.07293037499999999,0.05401124882836912,0.0,6.661338147750939e-16,0.0,6.661338147750939e-16,0.06952222360225019,0.06952222360225017,0.6676266806967094,0.0985162306107989,0.16180075000000022,-0.03783825234326166
4,0.2,0.47750000000000004,0.08990737603750021,0.0715511160375001,0.05349808072725612,0.0,5.551115123125783e-16,0.0,5.551115123125783e-16,0.06938465845615632,0.06938465845615632,0.6626852516671012,0.11369027273878729,0.1614584920750003,-0.03610607062048787
4,0.2,0.48,0.0909607936000002,0.07019151360000007,0.05298736211588582,0.0,7.771561172376096e-16,0.0,6.661338147750939e-16,0.0692617102560961,0.0692617102560961,0.6576060006404392,0.12887981786214275,0.1611523072000003,-0.0344083029682285
4,0.2,0.4825,0.09203080003750025,0.06885138003749995,0.05247909299425826,0.0,4.440892098500626e-16,0.0,4.440892098500626e-16,0.06915333344566624,0.06915333344566624,0.6523916193800147,0.14407698844703926,0.16088218007500021,-0.03274457408648346
4,0.2,0.485,0.09311756860000017,0.06753052860000011,0.0519732733623736,0.0,7.771561172376096e-16,0.0,6.661338147750939e-16,0.0690594878799996,0.0690594878799996,0.6470449917333164,0.15927384417224216,0.16064809720000028,-0.031114510475253043
4,0.2,0.4875,0.09422127343750022,0.06622877343750011,0.05146990322023168,0.0,8.881784197001252e-16,0.0,8.881784197001252e-16,0.06898013880625903,0.06898013880625903,0.6415691889492515,0.17446239839249067,0.16045004687500034,-0.02951774043453681
4,0.2,0.49,0.09534208960000012,0.06494592960000005,0.050968982567832465,0.0,3.3306690738754696e-16,0.0,2.220446049250313e-16,0.06891525684674718,0.06891525684674718,0.6359674643459866,0.18963463490102217,0.1602880192000002,-0.02795389406433524
4,0.2,0.4925,0.09648019303750019,0.06368181303750005,0.05047051140517609,0.0,5.551115123125783e-16,0.0,6.661338147750939e-16,0.06886481798462474,0.06886481798462472,0.6302432473472128,0.20478252491818438,0.16016200607500025,-0.026422603264647848
4,0.2,0.495,0.09763576060000027,0.06243624060000006,0.049974489732262505,0.0,8.881784197001252e-16,0.0,8.881784197001252e-16,0.06882880355223067,0.06882880355223066,0.62440013690867,0.21989804423086162,0.16007200120000034,-0.024923501735475195
4,0.2,0.4975,0.09880897003750028,0.061209030037500015,0.049480917549091674,0.0,8.881784197001252e-16,0.0,8.881784197001252e-16,0.06880720022200384,0.06880720022200384,0.6184418943606347,0.23497319040593684,0.16001800007500028,-0.023456224976816653
4,0.2,0.5,0.10000000000000026,0.06000000000000001,0.04898979485566363,0.0,5.551115123125783e-16,0.0,5.551115123125783e-16,0.06880000000000017,0.06880000000000017,0.6123724356957945,0.25000000000000105,0.16000000000000025,-0.02202041028867263
4,0.2,0.5025000000000001,0.10120903003750024,0.05880897003749995,0.04850112165197837,0.0,3.3306690738754696e-16,0.0,2.220446049250313e-16,0.06880720022200369,0.06880720022200369,0.6061958233354493,0.26497056568715677,0.1600180000750002,-0.020615696771043135
4,0.2,0.505,0.10243624060000013,0.05763576060000009,0.04801489793803596,0.0,6.661338147750939e-16,0.0,6.661338147750939e-16,0.06882880355223059,0.06882880355223059,0.5999162574102421,0.27987705322696976,0.16007200120000023,-0.019241725323928316
4,0.2,0.5075000000000001,0.10368181303750033,0.056480193037499904,0.04753112371383621,0.0,4.440892098500626e-16,0.0,4.440892098500626e-16,0.06886481798462471,0.06886481798462471,0.5935380665946262,0.29471171819549374,0.16016200607500025,-0.017898138647327477
4,0.2,0.51,0.10494592960000017,0.05534208960000015,0.047049798979379415,0.0,8.881784197001252e-16,0.0,8.881784197001252e-16,0.06891525684674732,0.0689152568467473,0.5870656985369911,0.3094669224036422,0.16028801920000033,-0.016584581241241403
4,0.2,0.5125,0.10622877343750009,0.054221273437500106,0.046570923734665294,0.0,6.661338147750939e-16,0.0,6.661338147750939e-16,0.06898013880625896,0.06898013880625897,0.5805037099296919,0.32413514992935344,0.1604500468750002,-0.015300699405669582
4,0.2,0.515,0.10753052860000027,0.05311756860000005,0.04609449797969394,0.0,8.881784197001252e-16,0.0,8.881784197001252e-16,0.06905948787999966,0.06905948787999965,0.5738567562653192,0.3387090226923654,0.1606480972000003,-0.01404614124061232
4,0.2,0.5175,0.10885138003750022,0.05203080003750013,0.04562052171446543,0.0,9.992007221626409e-16,0.0,9.992007221626409e-16,0.06915333344566639,0.0691533334456664,0.5671295813271299,0.3531813155037517,0.16088218007500035,-0.012820556646069514
4,0.2,0.52,0.11019151360000022,0.050960793599999984,0.045148994938979586,0.0,2.220446049250313e-16,0.0,2.220446049250313e-16,0.06926171025609597,0.06926171025609597,0.5603270064628592,0.3675449705258713,0.1611523072000002,-0.011623597322040768
4,0.2,0.5225,0.11155111603750018,0.04990737603750004,0.04467991765323664,0.0,5.551115123125783e-16,0.0,5.551115123125783e-16,0.06938465845615631,0.06938465845615631,0.5534539196920291,0.3817931110824792,0.1614584920750002,-0.010454916768526834
4,0.2,0.525,0.11293037500000028,0.048870375000000014,0.04421328985723643,0.0,6.661338147750939e-16,0.0,6.661338147750939e-16,0.0695222236022502,0.06952222360225019,0.5465152646973064,0.39591905476334405,0.1618007500000003,-0.009314170285527279
4,0.2,0.5275,0.11432947903750028,0.04784961903750004,0.043749111550979033,0.0,6.661338147750939e-16,0.0,6.661338147750939e-16,0.06967445668444287,0.06967445668444287,0.5395160297506045,0.4099163257724888,0.1621790980750003,-0.008201014973042042
4,0.2,0.53,0.11574861760000013,0.046844937600000025,0.04328738273446438,0.0,4.440892098500626e-16,0.0,4.440892098500626e-16,0.06984141415121711,0.06984141415121711,0.532461236624271,0.4237786664744756,0.16259355520000016,-0.007115109731071212
4,0.2,0.5325,0.11718798103750012,0.0458561610375001,0.042828103407692594,0.0,6.661338147750939e-16,0.0,7.771561172376096e-16,0.07002315793686656,0.07002315793686656,0.5253559295370659,0.43750004809855364,0.16304414207500023,-0.006056115259615025
4,0.2,0.535,0.11864776060000023,0.044883120600000014,0.04237127357066348,0.0,4.440892098500626e-16,0.0,4.440892098500626e-16,0.07021975549153502,0.070219755491535,0.5182051641835513,0.4510746805662056,0.16353088120000026,-0.005023694058672978
4,0.2,0.5375,0.12012814843750019,0.04392564843750002,0.0419168932233772,0.0,4.440892098500626e-16,0.0,4.440892098500626e-16,0.0704312798139152,0.07043127981391518,0.5110139968941472,0.4644970214134221,0.1640537968750002,-0.0040175104282456076
4,0.2,0.54,0.12162933760000023,0.042983577600000086,0.041464962365833746,0.0,9.992007221626409e-16,0.0,9.992007221626409e-16,0.07065780948661465,0.07065780948661465,0.5037874739713457,0.4777617837849943,0.16461291520000032,-0.003037230468332708
4,0.2,0.5425,0.12315152203750024,0.04205674203750006,0.04101548099803302,0.0,6.661338147750939e-16,0.0,6.661338147750939e-16,0.07089942871420316,0.07089942871420316,0.4965306212455939,0.4908639434839968,0.1652082640750003,-0.0020825220789341126
4,0.2,0.545,0.12469489660000017,0.041144976600000036,0.04056844911997506,0.0,4.440892098500626e-16,0.0,4.440892098500626e-16,0.07115622736395567,0.07115622736395566,0.48924843389201295,0.503798745065611,0.1658398732000002,-0.0011530549600500262
4,0.2,0.5475,0.12625965703750022,0.04024811703750006,0.04012386673165994,0.0,7.771561172376096e-16,0.0,7.771561172376096e-16,0.071428301009302,0.071428301009302,0.4819458665465902,0.5165617069702577,0.16650777407500028,-0.00024850061168035786
4,0.2,0.55,0.12784600000000038,0.039366000000000054,0.03968173383308759,0.0006314676661751673,1.1102230246251565e-15,0.0,0.00046238427825584516,0.07171575097600033,0.07171575097600034,0.4746278237577146,0.5291486256967209,0.16721200000000042,0.0006314676661751673
4,0.2,0.5525,0.12945412303750015,0.03849846303750001,0.03924205042425794,0.001487174773515898,2.220446049250313e-16,0.0,0.0011092043077479685,0.07201868439105,0.07201868439105,0.4672991508059803,0.5415555790214709,0.16795258607500016,0.001487174773515898
4,0.2,0.555,0.13108422460000024,0.03764534460000007,0.0388048165051712,0.0023189438103423665,6.661338147750939e-16,0.0,0.0017616621562603907,0.07233721423436179,0.07233721423436178,0.4599646249220807,0.5537789282757204,0.16872956920000032,0.0023189438103423665
4,0.2,0.5575,0.1327365040375003,0.03680648403750002,0.03837003207582716,0.00312709607665429,7.771561172376096e-16,0.0,0.002419598594248229,0.0726714593931978,0.0726714593931978,0.45262894692941824,0.56581531969676,0.16954298807500034,0.00312709607665429
4,0.2,0.56,0.13441116160000027,0.03598172160000002,0.037937697136225926,0.003911951072451902,7.771561172376096e-16,0.0,0.0030828585493883898,0.07302154471940842,0.07302154471940839,0.44529673333476244,0.5776616848748768,0.1703928832000003,0.003911951072451902
4,0.2,0.5625,0.13610839843750022,0.03517089843750003,0.037507811686367486,0.004673826497734845,6.661338147750939e-16,0.0,0.00375129110983341,0.07338760108947773,0.07338760108947773,0.4379725088869405,0.5893152403215692,0.17127929687500026,0.004673826497735067
4,0.2,0.5650000000000001,0.13782841660000036,0.034373856599999975,0.03708037572625179,0.005413038252503721,4.440892098500626e-16,0.0,0.004424749519977622,0.07376976546740274,0.07376976546740274,0.43066069962021514,0.6007734861888001,0.17220227320000034,0.005413038252503721
4,0.2,0.5675,0.13957141903750023,0.03359043903750002,0.03665538925587894,0.0061299004367578735,6.661338147750939e-16,0.0,0.0051030911695761905,0.07416818097042516,0.07416818097042517,0.4233656263956544,0.6120342041727082,0.17316185807500023,0.0061299004367578735
4,0.2,0.5700000000000001,0.14133760960000025,0.03282048960000005,0.036232852275248854,0.006824725350497607,6.661338147750939e-16,0.0,0.005786177576994067,0.07458299693763956,0.07458299693763956,0.4160914989504983,0.6230954546384944,0.1741580992000003,0.006824725350497607
4,0.2,0.5725,0.1431271930375002,0.03206385303750006,0.03581276478436154,0.007497823493722855,8.881784197001252e-16,0.0,0.00647387436731095,0.07501436900150012,0.07501436900150013,0.40884241046234626,0.633955573006016,0.17519104607500027,0.007497823493723077
4,0.2,0.5750000000000001,0.14494037500000032,0.03132037500000004,0.035395126783217,0.008149503566433847,7.771561172376096e-16,0.0,0.007166051245943272,0.07546245916225025,0.07546245916225024,0.4016223326318188,0.6446131654381366,0.17626075000000035,0.008149503566433847
4,0.2,0.5775,0.14677736203750025,0.03058990203750001,0.03497993827181523,0.00878007246863044,3.3306690738754696e-16,0.0,0.007862581968397175,0.07592743586530008,0.0759274358653001,0.39443511128438974,0.655067103875888,0.17736726407500025,0.00878007246863044
4,0.2,0.58,0.14863836160000007,0.029872281600000012,0.034567199250156264,0.009389835300312566,0.0,0.0,0.008563344306715126,0.07640947408157805,0.07640947408157805,0.3872844624891951,0.665316520466159,0.1785106432000001,0.009389835300312566
4,0.2,0.5825,0.15052358203750016,0.029167362037500016,0.034156909718240085,0.009979095361480228,2.220446049250313e-16,0.0,0.00926822001312666,0.0769087553908824,0.0769087553908824,0.380173969189939,0.6753608014288577,0.17969094407500016,0.009979095361480006
4,0.2,0.585,0.15243323260000008,0.028474992600000058,0.03374906967606671,0.010548154152133282,4.440892098500626e-16,0.0,0.00997709478137021,0.07742546806826059,0.07742546806826059,0.37310707834047874,0.6851995804113384,0.18090822520000013,0.010548154152133282
4,0.2,0.5875,0.15436752343750035,0.027795023437500007,0.03334367912363607,0.0110973113722721,6.661338147750939e-16,0.0,0.010689858206119451,0.07795980717344655,0.07795980717344655,0.3660870985353147,0.6948327313783891,0.18216254687500036,0.011097311372272323
4,0.2,0.59,0.15632666560000016,0.027127305599999988,0.0329407380609482,0.011626864921896463,2.220446049250313e-16,0.0021721695140519692,0.011406403740888416,0.07851197464338262,0.07851197464338262,0.35911719812308074,0.7042603610861495,0.18345397120000015,0.011626864921896463
4,0.2,0.5925,0.1583108710375004,0.026471691037500023,0.0325402464880032,0.012137110901006443,8.881784197001252e-16,0.004642007287388505,0.012126628654779092,0.07908217938786044,0.07908217938786043,0.35220040378913686,0.7134828011881817,0.18478256207500043,0.012137110901006443
4,0.2,0.595,0.1603203526000002,0.02582803260000006,0.03214220440480095,0.012628343609601744,6.661338147750939e-16,0.007092831790210141,0.012850433988365273,0.07967063738830571,0.07967063738830571,0.34533959959165855,0.7225006000213208,0.18614838520000024,0.012628343609601744
4,0.2,0.5975,0.16235532403750025,0.025196184037500027,0.03174661181134144,0.01310085554768281,4.440892098500626e-16,0.009524935522517985,0.013577724509023392,0.08027757179974815,0.08027757179974815,0.3385375264340315,0.7313145141181773,0.18755150807500026,0.01310085554768281
4,0.2,0.6,0.16441600000000015,0.02457599999999997,0.0313534687076247,0.01355493741524949,1.1102230246251565e-16,0.011938609184311222,0.014308408665936856,0.08090321305600007,0.08090321305600007,0.3317967819550529,0.7399254994920426,0.1889920000000001,0.01355493741524949
4,0.2,0.6025,0.16650259603750034,0.023967336037500044,0.03096277509365084,0.013990878112301486,7.771561172376096e-16,0.014334141675589773,0.015042398545021651,0.08154779897808553,0.08154779897808553,0.3251198208172698,0.7483347027386712,0.19046993207500038,0.013990878112301708
4,0.2,0.605,0.16861532860000025,0.02337004859999997,0.030574530969419637,0.014408964738839236,2.220446049250313e-16,0.01671182009635408,0.01577960982395521,0.08221157488594846,0.08221157488594845,0.3185089553728741,0.7565434519978644,0.19198537720000022,0.014408964738839458
4,0.2,0.6075,0.17075441503750025,0.022783995037500046,0.030188736334931358,0.014809482594862589,6.661338147750939e-16,0.019071929746603766,0.01651996172751291,0.08289479371348285,0.08289479371348286,0.3119663566858132,0.7645532478160717,0.19353841007500028,0.014809482594862589
4,0.2,0.61,0.1729200736000003,0.02220903360000004,0.029805391190185784,0.015192715180371463,7.771561172376096e-16,0.021414754126339197,0.01726337698333924,0.08359771612691344,0.08359771612691344,0.3054940558882005,0.7723657539493933,0.19512910720000035,0.015192715180371463
4,0.2,0.6125,0.1751125234375003,0.021645023437500025,0.029424495535182987,0.015558944195365854,6.661338147750939e-16,0.023740574935560366,0.018009781778319356,0.08432061064657155,0.08432061064657154,0.2990939458487588,0.779982788144324,0.19675754687500033,0.015558944195365854
4,0.2,0.615,0.17733198460000021,0.02109182459999998,0.02904604936992294,0.015908449539845826,2.220446049250313e-16,0.026049672074266894,0.018759105715656976,0.08506375377210093,0.08506375377210093,0.2927677831307647,0.7874063129315234,0.1984238092000002,0.015908449539845826
4,0.2,0.6175,0.17957867803750044,0.02054929803750004,0.02867005269440578,0.01624150931381152,1.1102230246251565e-15,0.028342323642458922,0.019511281772769618,0.08582743011113467,0.08582743011113467,0.28651719021693717,0.7946384264656837,0.2001279760750005,0.01624150931381152
4,0.2,0.62,0.18185282560000024,0.02001730559999998,0.028296505508631276,0.016558399817262703,3.3306690738754696e-16,0.030618805940136662,0.020266246260083554,0.08661193251148022,0.08661193251148022,0.2803436579787713,0.8016813534423466,0.20187013120000022,0.016558399817262703
4,0.2,0.6225,0.18415465003750034,0.019495710037500048,0.027925407812599702,0.01685939555019922,9.992007221626409e-16,0.03287939346729973,0.021023938780831086,0.08741756219686175,0.08741756219686175,0.2742485483680493,0.8085374361202193,0.2036503600750004,0.01685939555019922
4,0.2,0.625,0.18648437500000042,0.018984375000000026,0.02755675960631081,0.017144769212621647,8.881784197001252e-16,0.03512435892394872,0.021784302191875327,0.08824462890625036,0.08824462890625034,0.26823309730857614,0.8152091254752853,0.20546875000000045,0.017144769212621425
4,0.2,0.6275000000000001,0.1888422250375004,0.018483165037500016,0.02719056088976472,0.01741479170452931,7.771561172376096e-16,0.03735397321008316,0.02254728256566274,0.08909345103683675,0.08909345103683675,0.26229841776666596,0.8216989725106636,0.20732539007500042,0.01741479170452931
4,0.2,0.63,0.19122842560000033,0.017991945600000035,0.02682681166296143,0.01766973212592271,8.881784197001252e-16,0.03956850542570289,0.02331282915331534,0.08996435579068268,0.08996435579068268,0.25644550297940955,0.8280096197439497,0.20922037120000037,0.01766973212592271
4,0.2,0.6325000000000001,0.1936432030375005,0.01751058303750003,0.026465511925900912,0.017909857776801763,8.881784197001252e-16,0.0417682228708085,0.02408089434891736,0.09085767932509903,0.09085767932509903,0.25067522982041657,0.8341437928914959,0.21115378607500052,0.017909857776801763
4,0.2,0.635,0.1960867846000003,0.017038944600000033,0.02610666167858318,0.01813543415716623,6.661338147750939e-16,0.043953391045399526,0.024851433655020072,0.09177376690679598,0.09177376690679598,0.24498836228341347,0.8401042927669194,0.21312572920000034,0.018135434157166452
4,0.2,0.6375000000000001,0.1985593984375004,0.0165768984375,0.025750260921008197,0.018346724967016392,4.440892098500626e-16,0.046124273649476244,0.025624405649390947,0.09271297306985275,0.09271297306985275,0.23938555506484102,0.8458939874089996,0.2151362968750004,0.018346724967016392
4,0.2,0.64,0.2010612736000004,0.01612431360000001,0.025396309653176033,0.018543992106351936,6.661338147750939e-16,0.048281132583038566,0.02639977195301968,0.09367566177755234,0.09367566177755232,0.23386735722743193,0.8515158044520554,0.21718558720000042,0.01854399210635216
4,0.2,0.6425,0.20359264003750022,0.015681060037500028,0.025044807875086665,0.01872749567517329,4.440892098500626e-16,0.05042422794608603,0.027177497199391887,0.09466220658813157,0.09466220658813157,0.22843421592758598,0.8569727237499392,0.21927370007500024,0.01872749567517329
4,0.2,0.645,0.20615372860000045,0.01524700860000004,0.02469575558674008,0.018897493973480062,9.992007221626409e-16,0.05255381803861958,0.027957549005047544,0.09567299082449744,0.09567299082449744,0.22308648019027488,0.8622677702628716,0.22140073720000047,0.018897493973480062
4,0.2,0.6475,0.2087447710375003,0.014822031037499989,0.02434915278813621,0.019054243501272383,5.551115123125783e-16,0.05467015936063846,0.028739897941404524,0.09670840774795395,0.09670840774795393,0.21782440471611492,0.867404007214563,0.2235668020750003,0.019054243501272383
4,0.2,0.65,0.2113660000000003,0.014405999999999974,0.024004999479275146,0.019197998958550233,3.3306690738754696e-16,0.05677350661214309,0.029524517507874437,0.09776886073600019,0.0977688607360002,0.21264815370617363,0.8723845295253623,0.22577200000000028,0.019197998958550233
4,0.2,0.6525,0.21401764903750023,0.01399878903750001,0.023663295660156933,0.019329013245313886,4.440892098500626e-16,0.05886411269313285,0.030311384106237016,0.09885476346424223,0.09885476346424223,0.207557804691024,0.8772124575255802,0.22801643807500024,0.019329013245313886
4,0.2,0.655,0.21669995260000016,0.013600272600000001,0.023324041330781458,0.019447537461562803,2.220446049250313e-16,0.06094222870360855,0.031100477016283712,0.09996654009247818,0.09996654009247817,0.20255335235148908,0.8818909309516386,0.23030022520000015,0.019447537461563025
4,0.2,0.6575,0.21941314603750015,0.013210326037500006,0.02298723649114876,0.019553820907297403,1.1102230246251565e-16,0.0630081039435697,0.03189177837271684,0.10110462545500849,0.1011046254550085,0.197634712319464,0.8864231032263085,0.23262347207500014,0.019553820907297403
4,0.2,0.66,0.22215746560000033,0.012828825600000014,0.022652881141258876,0.01964811108251774,4.440892098500626e-16,0.06506198591301637,0.03268527314328584,0.10226946525522582,0.1022694652552258,0.1928017249481049,0.8908121360230227,0.23498629120000034,0.01964811108251774
4,0.2,0.6625,0.22493314843750006,0.0124556484375,0.02232097528111173,0.019730653687223487,1.1102230246251565e-16,0.06710412031194868,0.03348094910815003,0.10346151626454006,0.10346151626454007,0.1880541590415921,0.8950611941130595,0.23738879687500006,0.019730653687223487
4,0.2,0.665,0.22774043260000035,0.012090672599999975,0.02199151891070738,0.019801692621414846,2.220446049250313e-16,0.06913475104036682,0.03427879684045876,0.10468124652569888,0.10468124652569888,0.1833917155355489,0.899173440493323,0.2398311052000003,0.019801692621414846
4,0.2,0.6675,0.23057955703750005,0.011733777037500023,0.02166451203004586,0.01986146998509164,4.440892098500626e-16,0.07115412019826994,0.035078809688114165,0.10592913556055356,0.10592913556055354,0.17881403112005653,0.9031520317914636,0.24231333407500008,0.01986146998509164
4,0.2,0.67,0.23345076160000056,0.011384841599999996,0.021339954639127072,0.019910226078254212,6.661338147750939e-16,0.0731624680856593,0.03588098375671911,0.10720567458233898,0.107205674582339,0.1743206817980223,0.9070001139442128,0.24483560320000056,0.019910226078254212
4,0.2,0.6725,0.23635428703750025,0.011043747037500027,0.021017846737951117,0.01994819940090209,6.661338147750939e-16,0.0751600332025335,0.03668531789367391,0.10851136671251649,0.1085113667125165,0.16991118637247882,0.9107208181439951,0.24739803407500027,0.01994819940090231
4,0.2,0.675,0.2392903750000005,0.010710375000000012,0.020698188326517895,0.01997562665303576,8.881784197001252e-16,0.07714705224889395,0.037491813673415475,0.10984672720225043,0.10984672720225042,0.16558500985711327,0.914317257048229,0.2500007500000005,0.01997562665303576
4,0.2,0.6775,0.24225926803750034,0.010384608037500024,0.020380979404827488,0.0199927427346549,6.661338147750939e-16,0.07912376012473943,0.038300475383764576,0.11121228365856894,0.11121228365856893,0.16134156680510356,0.9177925212450647,0.2526438760750004,0.0199927427346549
4,0.2,0.68,0.24526120960000045,0.010066329600000017,0.020066219972879842,0.0199997807457597,8.881784197001252e-16,0.08109038993007078,0.03911131001337442,0.11260857627528174,0.11260857627528176,0.1571802245519766,0.921149675968835,0.25532753920000045,0.0199997807457597
4,0.2,0.6825,0.24829644403750023,0.009755424037500009,0.01975391003067497,0.019996971986349976,4.440892098500626e-16,0.08304717296488762,0.03992432724024586,0.1140361580687082,0.11403615806870822,0.15310030636890168,0.9243917580579987,0.25805186807500025,0.019996971986349976
4,0.2,0.685,0.2513652166000003,0.009451776600000013,0.01944404957821291,0.019984545956425848,5.551115123125783e-16,0.08499433872919004,0.040739539421301485,0.11549559511828845,0.11549559511828847,0.1491010945234138,0.9275217731480234,0.2608169932000003,0.019984545956425848
4,0.2,0.6875,0.2544677734375004,0.009155273437500012,0.019136638615493622,0.01996273035598728,6.661338147750939e-16,0.08693211492297803,0.04155696158298072,0.11698746681213412,0.11698746681213412,0.1451818332451598,0.9305426930913132,0.2636230468750004,0.01996273035598728
4,0.2,0.6900000000000001,0.25760436160000055,0.008865801599999988,0.01883167714251709,0.01993175108503431,4.440892098500626e-16,0.08886072744625162,0.04237661141285054,0.1185123660975917,0.1185123660975917,0.1413417315947893,0.9334574535960657,0.26647016320000055,0.01993175108503431
4,0.2,0.6925,0.2607752290375006,0.008583249037499996,0.018529165159283375,0.01989183224356683,8.881784197001252e-16,0.0907804003990107,0.0431985092521997,0.1200708997368807,0.1200708997368807,0.13757996623461827,0.9362689520757533,0.26935847807500063,0.01989183224356683
4,0.2,0.6950000000000001,0.2639806246000004,0.008307504599999994,0.01822910266579243,0.019843196131584806,4.440892098500626e-16,0.09269135608125523,0.04402267808959481,0.12166368856787503,0.12166368856787504,0.13389568410015285,0.9389800457007952,0.2722881292000004,0.019843196131585028
4,0.2,0.6975,0.2672207980375004,0.00803845803750001,0.017931489662044293,0.019786063249088492,6.661338147750939e-16,0.09459381499298547,0.04484914355538705,0.12329136777009882,0.1232913677700988,0.1302880049719997,0.9415935496439054,0.2752592560750004,0.019786063249088492
4,0.2,0.7000000000000001,0.2704960000000004,0.00777600000000001,0.01763632614803892,0.01972065229607778,5.551115123125783e-16,0.09648799583420131,0.045677933917131375,0.12495458713600034,0.12495458713600034,0.12675602394807162,0.9441122355105795,0.2782720000000004,0.01972065229607778
4,0.2,0.7025,0.2738064820375003,0.007520022037500014,0.017343612123776334,0.019647180172552625,6.661338147750939e-16,0.09837411550490271,0.0465090800759137,0.12665401134758106,0.12665401134758106,0.12329881381636626,0.9465388299461809,0.2813265040750003,0.019647180172552625
4,0.2,0.705,0.2771524966000002,0.0072704165999999985,0.017053347589256508,0.019565861978513066,2.220446049250313e-16,0.10025238910508949,0.047342615563554236,0.1283903202584463,0.12839032025844632,0.11991542732891533,0.9488760134111447,0.2844229132000002,0.019565861978512844
4,0.2,0.7075,0.28053429703750055,0.007027077037500008,0.016765532544479503,0.019476911013958986,8.881784197001252e-16,0.10212302993476219,0.04817857654067226,0.13016420918135202,0.13016420918135202,0.11660489937780578,0.9511264191158912,0.28756137407500054,0.019476911013958986
4,0.2,0.71,0.2839521376000001,0.006789897600000021,0.01648016698944527,0.019380538778890566,4.440892098500626e-16,0.1039862494939201,0.049017001795583104,0.1319763891813171,0.1319763891813171,0.11336624907443217,0.9532926321071579,0.29074203520000014,0.019380538778890566
4,0.2,0.7125,0.28740627343750047,0.006558773437499994,0.01619725092415378,0.019276954973307614,4.440892098500626e-16,0.10584225748256393,0.0498579327440255,0.13382758737438413,0.1338275873743841,0.11019848173338213,0.955377188497591,0.29396504687500047,0.019276954973307614
4,0.2,0.715,0.2908969606000006,0.006333600600000005,0.01591678434860512,0.019166367497210235,6.661338147750939e-16,0.1076912618006931,0.050701413429673936,0.13571854723208904,0.13571854723208904,0.10710059076256988,0.9573825748305993,0.2972305612000006,0.019166367497210235
4,0.2,0.7175,0.29442445603750034,0.006114276037500023,0.015638767262799252,0.019048982450598384,8.881784197001252e-16,0.10953346854830759,0.0515474905254375,0.13765002889173011,0.13765002889173011,0.10407155946140446,0.9593112275726632,0.30053873207500037,0.019048982450598384
4,0.2,0.72,0.29798901760000013,0.005900697600000013,0.015363199666736133,0.018925004133472312,2.220446049250313e-16,0.11136908202540807,0.052396213335516806,0.13962280947250377,0.13962280947250377,0.10111036272895968,0.961165532725472,0.30388971520000013,0.018925004133472312
4,0.2,0.7225,0.30159090403750033,0.005692764037500021,0.015090081560415821,0.018794635045831676,8.881784197001252e-16,0.11319830473199399,0.053247633798203076,0.14163768339758828,0.14163768339758828,0.09821596868423678,0.9629478255504906,0.30728366807500035,0.018794635045831454
4,0.2,0.725,0.305230375,0.005490375000000009,0.014819412943838258,0.01865807588767643,1.1102230246251565e-16,0.1150213373680653,0.05410180648938945,0.14369546272225,0.14369546272225003,0.09538734020073174,0.9646603903987745,0.31072075,0.01865807588767643
4,0.2,0.7275,0.3089076910375006,0.005293431037499996,0.014551193817003483,0.01851552555900704,4.440892098500626e-16,0.11683837883362247,0.05495878862680115,0.14579697746806144,0.14579697746806142,0.09262343635762113,0.9663054606390842,0.3142011220750006,0.01851552555900704
4,0.2,0.73,0.3126231136000004,0.0051018336000000185,0.014285424179911542,0.018367181159822943,9.992007221626409e-16,0.11864962622866493,0.0558186400748919,0.1479430759632948,0.1479430759632948,0.08992321380995748,0.9678852186775971,0.3177249472000004,0.018367181159822943
4,0.2,0.7325,0.3163769050375004,0.004915485037499995,0.014022104032562314,0.01821323799012453,2.220446049250313e-16,0.1204552748531933,0.05668142335041937,0.15013462518959128,0.1501346251895913,0.08728562808032327,0.9694017960627541,0.3212923900750004,0.018213237990124753
4,0.2,0.735,0.3201693286000007,0.0047342886000000094,0.01376123337495593,0.018053889549911828,1.2212453270876722e-15,0.12225551820720715,0.057547203628668275,0.15237251113497402,0.15237251113497405,0.08470963477445644,0.9708572736690356,0.3249036172000007,0.018053889549911828
4,0.2,0.7375,0.32400064843750037,0.004558148437500014,0.013502812207092312,0.017889327539184485,8.881784197001252e-16,0.12405054799070614,0.05841604875029183,0.15465763915329048,0.15465763915329045,0.08219419072336957,0.9722536819537104,0.3285587968750004,0.017889327539184485
4,0.2,0.74,0.32787112960000064,0.004386969600000007,0.013246840528971456,0.017719741857942894,8.881784197001252e-16,0.1258405541036911,0.05928802922878407,0.15699093433017758,0.15699093433017758,0.07973825505452979,0.9735930012808549,0.33225809920000066,0.017719741857942894
4,0.2,0.7425,0.3317810380375006,0.004220658037500013,0.012993318340593408,0.017545320606186854,8.881784197001252e-16,0.12762572464616162,0.06016321825853255,0.15937334185561847,0.15937334185561847,0.07734079019466084,0.9748771623071933,0.3360016960750006,0.017545320606186632
4,0.2,0.745,0.3357306406000003,0.004059120600000022,0.012742245641958146,0.017366250083916235,8.881784197001252e-16,0.12940624591811734,0.0610416917234573,0.1618058274031917,0.1618058274031917,0.07500076280672893,0.9761080464245606,0.3397897612000003,0.017366250083916235
4,0.2,0.7475,0.3397202050375004,0.003902265037500004,0.012493622433065624,0.017182714791131204,4.440892098500626e-16,0.13118230241955908,0.061923528206208056,0.1642893775160902,0.16428937751609024,0.0727171446636695,0.9772874862540375,0.3436224700750004,0.017182714791131204
4,0.2,0.75,0.3437500000000003,0.003750000000000015,0.012247448713915933,0.01699489742783178,5.551115123125783e-16,0.1329540768504862,0.0628088089979073,0.1668250000000003,0.16682500000000028,0.0704889134613866,0.9784172661870503,0.3475000000000003,0.01699489742783178
4,0.2,0.7525000000000001,0.3478202950375003,0.0036022350374999997,0.012003724484508982,0.01680297889401805,3.3306690738754696e-16,0.13472175011089882,0.06369761810841568,0.1694137243229302,0.1694137243229302,0.06831505357352675,0.9794991229689729,0.3514225300750003,0.01680297889401805
4,0.2,0.755,0.3519313606000004,0.003458880600000002,0.011762449744844842,0.016607138289689738,4.440892098500626e-16,0.13648550130079729,0.06459004227711385,0.1720566020220763,0.17205660202207626,0.06619455675050667,0.9805347463209972,0.3553902412000004,0.016607138289689738
4,0.2,0.7575000000000001,0.3560834680375003,0.003319848037500003,0.011523624494923484,0.016407552914846857,3.3306690738754696e-16,0.13824550772018096,0.06548617098417064,0.17475470711781693,0.1747547071178169,0.06412642276521863,0.9815257795962727,0.3594033160750003,0.01640755291484708
4,0.2,0.76,0.3602768896000003,0.00318504960000002,0.011287248734744936,0.01620439826948994,9.992007221626409e-16,0.14000194486905038,0.06638609646229299,0.17750913653492725,0.17750913653492723,0.06210966000780598,0.9824738204665363,0.36346193920000036,0.01620439826948994
4,0.2,0.7625000000000001,0.3645118984375009,0.00305439843750001,0.011053322464309135,0.015997848053618258,1.3322676295501878e-15,0.14175498644740547,0.06728991370892845,0.1803210105311035,0.18032101053110344,0.06014328603184237,0.9833804216356719,0.3675662968750009,0.015997848053618258
4,0.2,0.765,0.368788768600001,0.0029278086000000016,0.0108218456836161,0.01578807416723227,8.881784197001252e-16,0.14350480435524604,0.06819772049891448,0.18319147313289194,0.18319147313289189,0.05822632805420156,0.9842470915768455,0.371716577200001,0.01578807416723227
4,0.2,0.7675000000000001,0.3731077750375009,0.002805195037499994,0.010592818392665859,0.015575246710331836,6.661338147750939e-16,0.14525156869257216,0.06910961739755261,0.1861216925791194,0.18612169257911934,0.056357823410841154,0.9850752952900758,0.3759129700750009,0.015575246710331836
4,0.2,0.77,0.3774691936000008,0.002686473599999998,0.01036624059145842,0.015359533982916895,6.661338147750939e-16,0.14699544775938378,0.0700257077740849,0.18911286177191255,0.1891128617719125,0.054536819970671196,0.9858664550772742,0.3801556672000008,0.015359533982916895
4,0.2,0.7725,0.3818733010374998,0.0025715610375000096,0.010142112279993773,0.015141102484987456,2.220446049250313e-16,0.14873660805568045,0.07094609781556427,0.19216619873540783,0.19216619873540777,0.052762376509613435,0.9866219513320049,0.3844448620749998,0.015141102484987456
4,0.2,0.775,0.3863203750000005,0.0024603750000000025,0.00992043345827189,0.014920116916543824,5.551115123125783e-16,0.1504752142814636,0.07187089654109902,0.1952829470822505,0.19528294708225052,0.051033563046894055,0.9873431233413691,0.3887807500000005,0.014920116916543824
4,0.2,0.7775,0.3908106940375003,0.002352834037500007,0.009701204126292804,0.014696740177585488,6.661338147750939e-16,0.15221142933673182,0.07280021581644336,0.19846437648796642,0.19846437648796644,0.0493494611455526,0.9880312700976109,0.3931635280750003,0.01469674017758571
4,0.2,0.78,0.3953445376000006,0.0022488576000000006,0.00948442428405648,0.014471133368112898,4.440892098500626e-16,0.153945414321486,0.07373417036893715,0.20171178317332925,0.20171178317332927,0.04770916417907571,0.9886876511171985,0.3975933952000006,0.014471133368112898
4,0.2,0.7825,0.3999221860375003,0.002148366037499999,0.009270093931562948,0.014243455788125914,3.3306690738754696e-16,0.15567732853572536,0.07467287780275389,0.20502649039479665,0.20502649039479665,0.0461117775660116,0.9893134872652933,0.4020705520750003,0.014243455788125914
4,0.2,0.785,0.4045439206000006,0.002051280600000006,0.00905821306881222,0.014013864937624465,8.881784197001252e-16,0.15740732947945046,0.07561645861445565,0.20840984894313538,0.2084098489431354,0.044556418974342815,0.9899099615836785,0.4065952012000006,0.014013864937624465
4,0.2,0.7875,0.409210023437501,0.0019575234374999977,0.008848781695804239,0.013782516516608556,7.771561172376096e-16,0.15913557285266133,0.07656503620882149,0.2118632376503222,0.2118632376503222,0.04304221849733854,0.9904782201203486,0.411167546875001,0.013782516516608556
4,0.2,0.79,0.4139207776000009,0.0018670176000000008,0.008641799812539066,0.013549564425078042,8.881784197001252e-16,0.16086221255535738,0.07751873691494948,0.21538806390483425,0.21538806390483428,0.04156831880253827,0.9910193727591164,0.4157877952000009,0.013549564425078264
4,0.2,0.7925,0.4186764670375005,0.0017796870375000019,0.008437267419016674,0.013315160763033296,4.440892098500626e-16,0.16258740068753896,0.0784776900025912,0.21898576417542423,0.2189857641754242,0.04013387525545241,0.9915344940477074,0.4204561540750005,0.013315160763033296
4,0.2,0.795,0.42347737660000007,0.0016954565999999947,0.008235184515237037,0.013079455830474096,-2.220446049250313e-16,0.1643112875492061,0.07944202769871644,0.2226578045434873,0.22265780454348721,0.03873805601950692,0.9920246240229443,0.42517283320000004,0.013079455830474096
4,0.2,0.7975,0.428323792037501,0.0016142520375000038,0.00803555110120024,0.012842598127400517,1.1102230246251565e-15,0.16603402164035952,0.08041188520428155,0.2264056812441244,0.2264056812441244,0.03738004213369157,0.9924907690317426,0.42993804407500097,0.012842598127400517
4,0.2,0.8,0.4332160000000006,0.0015360000000000046,0.007838367176906193,0.012604734353812486,8.881784197001252e-16,0.16775574966099782,0.0813874007111679,0.23023092121600064,0.23023092121600067,0.03605902756930932,0.9929339025467393,0.4347520000000006,0.012604734353812486
4,0.2,0.8025,0.43815428803750045,0.001460628037500002,0.007643632742354923,0.012366009409709777,4.440892098500626e-16,0.16947661651112167,0.08236871541930668,0.23413508266012642,0.23413508266012645,0.034774219267168276,0.993354965975491,0.4396149160750005,0.012366009409709777
4,0.2,0.805,0.44313894460000075,0.0013880645999999968,0.0074513477975464235,0.012126566395092908,4.440892098500626e-16,0.17119676529073136,0.08335597355392244,0.2381197556076394,0.23811975560763946,0.033524837156492904,0.9937548694622715,0.44452700920000077,0.012126566395092908
4,0.2,0.8075,0.44817025903750085,0.0013182390375000002,0.007261512342480742,0.011886546609961579,6.661338147750939e-16,0.17291633729982658,0.08434932238290638,0.24218656249671716,0.24218656249671713,0.032310114156776926,0.99413449268159,0.44948849807500085,0.011886546609961579
4,0.2,0.81,0.45324852160000106,0.0012510816000000002,0.007074126377157829,0.011646089554315564,9.992007221626409e-16,0.17463547203840735,0.08534891223428298,0.24633715875872367,0.24633715875872375,0.03112929616374113,0.9944946856226431,0.45449960320000105,0.011646089554315786
4,0.2,0.8125,0.4583740234375001,0.0011865234375000072,0.006889189901577719,0.011405332928155376,6.661338147750939e-16,0.17635430720647327,0.08635489651375272,0.2505732334136966,0.25057323341369653,0.029981642020508646,0.9948362693639898,0.45956054687500014,0.011405332928155376
4,0.2,0.8150000000000001,0.4635470566000005,0.0011244966000000006,0.0067067029157403535,0.011164412631480714,5.551115123125783e-16,0.17807297870402516,0.08736743172228767,0.2548965096752951,0.25489650967529504,0.028866423475050574,0.9951600368378221,0.46467155320000053,0.011164412631480714
4,0.2,0.8175,0.46876791403750095,0.0010649340375000012,0.006526665419645791,0.01092346276429157,7.771561172376096e-16,0.1797916206310628,0.0883866774737484,0.2593087455653043,0.25930874556530437,0.02778292512491131,0.9954667535832658,0.469832848075001,0.01092346276429157
4,0.2,0.8200000000000001,0.47403688960000123,0.0010077695999999969,0.006349077413293998,0.01068261562658801,8.881784197001252e-16,0.1815103652875858,0.08941279651250822,0.2638117345378291,0.2638117345378291,0.026730444350163453,0.9957571584882267,0.4750446592000012,0.01068261562658801
4,0.2,0.8225,0.4793542780375,0.0009529380375000014,0.006173938896685009,0.010442001718369953,1.1102230246251565e-16,0.18322934317359407,0.09044595473105521,0.2684073061132758,0.2684073061132758,0.025708291235503517,0.9960319645193454,0.48030721607500004,0.010442001718370175
4,0.2,0.8250000000000001,0.48472037500000126,0.0009003749999999982,0.00600124986981879,0.010201749739637611,7.771561172376096e-16,0.18494868298908873,0.09148632118755129,0.2730973265222512,0.2730973265222513,0.024715788482344604,0.9962918594396966,0.48562075000000127,0.010201749739637611
4,0.2,0.8275,0.4901354770375006,0.0008500170375000031,0.005831010332695375,0.009961986590390826,6.661338147750939e-16,0.18666851163406806,0.09253406812330245,0.2778836993594649,0.2778836993594649,0.023752271311724978,0.9965375065139087,0.4909854940750006,0.009961986590390826
4,0.2,0.8300000000000001,0.4955998816000012,0.0008018015999999984,0.00566322028531471,0.009722837370629511,6.661338147750939e-16,0.18838895420853352,0.09358937098015263,0.28276836624780105,0.2827683662478011,0.022817087358799257,0.9967695452004464,0.49640168320000116,0.009722837370629511
4,0.2,0.8325,0.5011138870375008,0.0007556670375000007,0.0054978797276768535,0.009484425380353656,7.771561172376096e-16,0.19011013401248422,0.09465240841773082,0.28775330751262146,0.28775330751262157,0.021909596559647988,0.9969885918308284,0.5018695540750008,0.009484425380353878
4,0.2,0.835,0.5066777926000008,0.0007115525999999997,0.005334988659781769,0.009246872119563543,6.661338147750939e-16,0.19183217254592067,0.095723362330555,0.2928405428664646,0.29284054286646477,0.021029171031089915,0.997195240275613,0.5073893452000008,0.009246872119563543
4,0.2,0.8375,0.5122918984375011,0.0006693984374999994,0.0051745470816294695,0.009010297288258862,8.881784197001252e-16,0.19355518950884276,0.09680241786494848,0.2980321321042288,0.2980321321042288,0.02017519494415349,0.9973900625970106,0.5129612968750011,0.009010297288258862
4,0.2,0.84,0.5179565056000003,0.000629145600000002,0.005016554993219964,0.00877481878643982,5.551115123125783e-16,0.19527930280124983,0.09788976343574474,0.3033301758089735,0.3033301758089735,0.019347064391819258,0.9975736096880267,0.5185856512000003,0.00877481878643982
4,0.2,0.8425,0.5236719160375007,0.0005907360375000014,0.00486101239455323,0.008540552714106475,6.661338147750939e-16,0.19700462852314304,0.09898559074275537,0.308736816068466,0.30873681606846604,0.01854418725161378,0.9977464118980747,0.5242626520750008,0.008540552714106475
4,0.2,0.845,0.5294384326000001,0.0005541126000000016,0.004707919285629279,0.008307613371258515,3.3306690738754696e-16,0.19873128097452142,0.10009009478695785,0.31425423720257156,0.31425423720257156,0.01776598304360179,0.9979089796450215,0.5299925452000002,0.008307613371258515
4,0.2,0.8475,0.535256359037501,0.0005192190375000001,0.00455727566644811,0.008076113257896145,8.881784197001252e-16,0.20045937265538605,0.10120347388639162,0.31988466650164366,0.3198846665016437,0.017011882784288297,0.9980618040136674,0.535775578075001,0.008076113257896367
4,0.2,0.85,0.5411260000000011,0.0004859999999999996,0.004409081537009725,0.007846163074019419,6.661338147750939e-16,0.20218901426573588,0.1023259296917095,0.3256303749760013,0.3256303749760012,0.016281328836915417,0.9982053573406793,0.5416120000000011,0.007846163074019419
4,0.2,0.8525,0.5470476610375006,0.000454401037500002,0.0042633368973141374,0.007617871719628244,6.661338147750939e-16,0.20392031470557104,0.10345766720137384,0.3314936781166542,0.33149367811665414,0.015573774758605807,0.9983400937860293,0.5475020620750006,0.007617871719628244
4,0.2,0.855,0.5530216486000011,0.0004243686000000004,0.004120041747361313,0.0073913462947226005,7.771561172376096e-16,0.20565338107489195,0.10459889477644824,0.33747693666737527,0.33747693666737527,0.01488868514477876,0.9984664498910049,0.5534460172000011,0.0073913462947228226
4,0.2,0.8575,0.5590482700375005,0.0003958500375000013,0.003979196087151284,0.007166692099302541,5.551115123125783e-16,0.20738831867369845,0.10574982415495793,0.3435825574082519,0.34358255740825183,0.014225535471238213,0.9985848451228805,0.5594441200750004,0.007166692099302541
4,0.2,0.86,0.5651278336,0.00036879360000000163,0.0038407999166840375,0.006944012633367969,1.1102230246251565e-16,0.2091252310019902,0.10691067046579117,0.3498129939508599,0.34981299395085996,0.013583811934304099,0.9986956824063619,0.5654966271999999,0.006944012633368191
4,0.2,0.8625,0.5712606484375007,0.0003431484375000003,0.0037048532359595645,0.006723409596919083,6.661338147750939e-16,0.2108642197597681,0.10808165224209476,0.3561707475451658,0.3561707475451658,0.012963011289338052,0.9987993486419228,0.5716037968750007,0.006723409596919083
4,0.2,0.865,0.5774470246000004,0.0003188646000000003,0.003571356044977881,0.006504982889955713,5.551115123125783e-16,0.2126053848470313,0.10926299143413787,0.36265836789829603,0.36265836789829603,0.01236264068798847,0.9988962152111767,0.5777658892000004,0.006504982889955935
4,0.2,0.8675,0.5836872730375012,0.0002958930374999981,0.0034403083437389674,0.00628883061247798,3.3306690738754696e-16,0.2143488243637801,0.11045491342161151,0.36927845400531667,0.36927845400531667,0.01178221751445872,0.9989866384694315,0.5839831660750012,0.00628883061247798
4,0.2,0.87,0.5899817056000005,0.00027418560000000045,0.003311710132242864,0.006075049064485638,4.440892098500626e-16,0.21609463461001432,0.11165764702531678,0.3760336549921247,0.3760336549921247,0.011221269221083416,0.9990709602255978,0.5902558912000005,0.006075049064485638
4,0.2,0.8725,0.5963306350375008,0.00025369503749999954,0.003185561410489525,0.005863732745978956,4.440892098500626e-16,0.21784291008573442,0.11287142451821786,0.38292667097062,0.38292667097062,0.010679333163474294,0.999149508209617,0.5965843300750008,0.005863732745979178
4,0.2,0.875,0.6027343750000006,0.00023437500000000072,0.003061862178478982,0.0056549743569580535,5.551115123125783e-16,0.21959374349093963,0.11409648163581432,0.3899602539062508,0.3899602539062507,0.010155956435483527,0.9992225965275978,0.6029687500000006,0.0056549743569580535
4,0.2,0.8775000000000001,0.6091932400375012,0.00021618003750000048,0.0029406124362112134,0.005448864797422459,9.992007221626409e-16,0.22134722572563081,0.11533305758580314,0.3971372084981056,0.39713720849810563,0.009650695704209188,0.9992905261048528,0.6094094200750012,0.005448864797422459
4,0.2,0.88,0.6157075456000011,0.00019906560000000075,0.0028218121836862307,0.005245493167372439,9.992007221626409e-16,0.22310344588980735,0.11658139505698495,0.40446039307165244,0.4044603930716526,0.00916311704525579,0.9993535851170288,0.6159066112000011,0.005245493167372439
4,0.2,0.8825000000000001,0.622277608037501,0.0001829880374999992,0.0027054614209040184,0.005044946766808112,4.440892098500626e-16,0.22486249128346936,0.11784174022738791,0.41193272048428964,0.4119327204842896,0.008692795778443249,0.9994120494095405,0.622460596075001,0.0050449467668078896
4,0.2,0.885,0.6289037446000004,0.00016790460000000123,0.002591560147864616,0.004847311095729223,7.771561172376096e-16,0.22662444740661702,0.11911434277156285,0.41955715904382085,0.41955715904382085,0.008239316304145452,0.999466182905513,0.6290716492000005,0.004847311095729223
4,0.2,0.8875000000000001,0.6355862734375004,0.00015377343750000016,0.0024801083645679713,0.004652669854136038,3.3306690738754696e-16,0.2283893979592504,0.12039945586700973,0.42733673344000933,0.4273367334400094,0.007802271940422881,0.999516238002448,0.6357400468750004,0.004652669854136038
4,0.2,0.89,0.6423255136000005,0.00014055360000000033,0.0023711060710141225,0.004461104942028227,4.440892098500626e-16,0.23015742484136914,0.12169733619971357,0.4352745256893371,0.4352745256893372,0.0073812647611037,0.9995624559578297,0.6424660672000004,0.004461104942028227
4,0.2,0.8925000000000001,0.6491217850375007,0.0001282050375000005,0.0022645532672030556,0.0042726964594062,6.661338147750939e-16,0.23192860815297367,0.12300824396872856,0.44337367609311856,0.4433736760931185,0.0069759054349510475,0.9996050672638896,0.6492499900750007,0.0042726964594062
4,0.2,0.895,0.6559754086000007,0.00011668859999999998,0.002160449953134767,0.004087522706269553,4.440892098500626e-16,0.23370302619406358,0.1243324428897925,0.45163738420910116,0.4516373842091011,0.006585813066046376,0.9996442920117526,0.6560920972000007,0.004087522706269553
4,0.2,0.8975,0.6628867060375011,0.00010596603750000074,0.0020587961288092717,0.00390566018261862,1.1102230246251565e-15,0.2354807554646392,0.1256702001979244,0.4600689098367004,0.46006890983670046,0.006210615035504858,0.9996803402451844,0.6629926720750011,0.00390566018261862
4,0.2,0.9,0.6698560000000003,9.599999999999974e-05,0.001959591794226541,0.0037271835884531423,1.1102230246251565e-16,0.23726187066470006,0.12702178664896202,0.46867157401600046,0.4686715740160005,0.005849946844629287,0.9997134123041651,0.6699520000000003,0.0037271835884531423
4,0.2,0.9025,0.6768836140375002,8.675403750000064e-05,0.0018628369493866165,0.003552165823773157,4.440892098500626e-16,0.23904644469424685,0.12838747652002325,0.47744876004068504,0.47744876004068504,0.005503451959599615,0.999743699158512,0.6769703680750002,0.003552165823773157
4,0.2,0.905,0.683969872600001,7.819259999999999e-05,0.0017685315942894569,0.003380677988578995,5.551115123125783e-16,0.24083454865327925,0.1297675476088187,0.4864039144850104,0.48640391448501036,0.0051707816577841684,0.999771382731776,0.6840480652000009,0.003380677988578995
4,0.2,0.9075,0.6911151010375008,7.028103750000004e-05,0.0016766757289350875,0.0032127893828701737,5.551115123125783e-16,0.24262625184179698,0.1311622812318164,0.4955405482449913,0.4955405482449912,0.004851594875752597,0.9997966362156301,0.6911853820750008,0.0032127893828701737
4,0.2,0.91,0.6983196256000006,6.298559999999998e-05,0.0015872693533235,0.0030485675066469486,3.3306690738754696e-16,0.2444216217598001,0.13257196222119694,0.5048622375939431,0.5048622375939431,0.004545558059059243,0.9998196243749776,0.6983826112000006,0.0030485675066471707
4,0.2,0.9125,0.7055837734375014,5.627343749999993e-05,0.001500312467454698,0.002888078059909427,8.881784197001252e-16,0.24622072410728957,0.13399687892057233,0.5143726252525109,0.5143726252525108,0.004252345013860775,0.9998405038439946,0.7056400468750015,0.002888078059909427
4,0.2,0.915,0.712907872600001,5.0112599999999646e-05,0.0014158050713286732,0.0027313849426573444,3.3306690738754696e-16,0.24802362278426382,0.1354373231794268,0.5240754214733399,0.5240754214733399,0.003971636760422868,0.999859423413328,0.712957985200001,0.0027313849426573444
4,0.2,0.9175,0.7202922520375005,4.4472037500000064e-05,0.0013337471649454426,0.0025785502548909545,2.220446049250313e-16,0.24983037989072376,0.1368935903462627,0.5339744051405545,0.5339744051405545,0.0037031213885648697,0.9998765243086638,0.7203367240750005,0.0025785502548909545
4,0.2,0.92,0.7277372416000015,3.932159999999994e-05,0.001254138748304988,0.002429634296609917,8.881784197001252e-16,0.2516410557266697,0.13836597926038974,0.5440734248841639,0.5440734248841638,0.0034464939150845833,0.9998919404608824,0.7277765632000015,0.002429634296609917
4,0.2,0.9225,0.7352431720375009,3.463203749999983e-05,0.001176979821407316,0.002284695567814632,4.440892098500626e-16,0.2534557087921008,0.13985479224234576,0.5543764002095545,0.5543764002095545,0.0032014561432001554,0.9999057987680083,0.7352778040750009,0.002284695567814632
4,0.2,0.925,0.7428103750000017,3.0374999999999888e-05,0.0011022703842524298,0.002143790768504905,8.881784197001252e-16,0.2552743957870178,0.14136033508291845,0.5648873226422525,0.5648873226422526,0.002967716524039445,0.9999182193491674,0.7428407500000017,0.002143790768504905
4,0.2,0.9275,0.7504391830375006,2.6523037500000213e-05,0.001030010436840332,0.0020069747986806163,6.661338147750939e-16,0.25709717161141965,0.14288291703071332,0.5756102568880429,0.5756102568880428,0.002744990020203253,0.9999293157907543,0.7504657060750005,0.0020069747986808384
4,0.2,0.93,0.7581299296000015,2.3049599999999868e-05,0.0009601999791710046,0.0018743007583419402,6.661338147750939e-16,0.258924089365308,0.144422850778274,0.5865493420086761,0.5865493420086758,0.002532997971423134,0.999939195385015,0.7581529792000015,0.0018743007583419402
4,0.2,0.9325,0.7658829490375004,1.992903749999998e-05,0.0008928390112444688,0.0017458199474889025,2.220446049250313e-16,0.26075520034868105,0.14598045244668856,0.5977087926132331,0.5977087926132333,0.0023314679623309582,0.999947959361244,0.7659028780750005,0.0017458199474889025
4,0.2,0.935,0.7736985766000006,1.713660000000005e-05,0.0008279275330607166,0.0016215818661213799,4.440892098500626e-16,0.2625905540615401,0.14755604156869084,0.6090929000653924,0.6090929000653924,0.002140133692351941,0.9999557031097918,0.7737157132000007,0.0016215818661213799
4,0.2,0.9375,0.7815771484375009,1.4648437499999935e-05,0.0007654655446197421,0.0015016342142395445,4.440892098500626e-16,0.2644301982038848,0.1491499410702002,0.6207060337066665,0.6207060337066667,0.0019587348477306554,0.9999625163990754,0.7815917968750009,0.0015016342142395445
4,0.2,0.9400000000000001,0.7895190016000013,1.2441599999999947e-05,0.0007054530459215548,0.0013860228918431972,6.661338147750939e-16,0.26627417867571523,0.15076247725030023,0.6325526420958342,0.6325526420958342,0.001787016975694664,0.9999684835857845,0.7895314432000013,0.0013860228918429751
4,0.2,0.9425,0.7975244740375004,1.049403750000003e-05,0.0006478900369661521,0.001274791998932212,2.220446049250313e-16,0.2681225395770306,0.1523939797596191,0.6446372542646848,0.6446372542646848,0.0016247313607576498,0.9999736838184655,0.7975349680750004,0.0012747919989324341
4,0.2,0.9450000000000001,0.8055939045999997,8.784600000000012e-06,0.0005927765177535301,0.0011679838355069805,-1.1102230246251565e-16,0.2699753232078317,0.15404478157710144,0.656964480990258,0.6569644809902581,0.001471634903160972,0.9999781912346675,0.8056026891999997,0.0011679838355072025
4,0.2,0.9475,0.8137276330375014,7.293037500000069e-06,0.0005401124882836943,0.0010656389015673007,1.1102230246251565e-15,0.27183257006811923,0.15571521898514673,0.669539016083714,0.669539016083714,0.0013274899994495566,0.9999820751518307,0.8137349260750014,0.0010656389015673007
4,0.2,0.9500000000000001,0.8219260000000007,5.999999999999976e-06,0.000489897948556635,0.0009677958971132661,3.3306690738754696e-16,0.2736943188578913,0.15740563154309273,0.6823656376960011,0.6823656376960011,0.001192064425175403,0.999985400252089,0.8219320000000007,0.0009677958971132661
4,0.2,0.9525,0.8301893470375014,4.887037500000048e-06,0.00044213289857236655,0.0008744917221448212,9.992007221626409e-16,0.2755606064771494,0.15911636205906254,0.6954492096405225,0.6954492096405228,0.0010651312197198985,0.9999882267611616,0.8301942340750014,0.0008744917221445991
4,0.2,0.9550000000000001,0.8385180166000014,3.936599999999976e-06,0.00039681733833087427,0.0007857614766617615,5.551115123125783e-16,0.27743146802589314,0.1608477565601073,0.7087946827328814,0.7087946827328814,0.0009464685732234533,0.9999906106214991,0.8385219532000013,0.0007857614766617615
4,0.2,0.9575,0.8469123520375001,3.1320375000000164e-06,0.00035395126783217037,0.0007016384606643999,1.1102230246251565e-16,0.2793069368041219,0.1626001642606958,0.7224070961479497,0.7224070961479498,0.0008358597156096524,0.9999926036598482,0.8469154840750002,0.0007016384606643999
4,0.2,0.96,0.8553726976,2.457600000000017e-06,0.0003135346870762482,0.0006221541741524561,1.1102230246251565e-16,0.2811870443118365,0.16437393752950025,0.7362915787943813,0.7362915787943811,0.0007330928076884322,0.9999942537493987,0.8553751552,0.0006221541741526782
4,0.2,0.9625,0.8638993984375013,1.8984374999999782e-06,0.00027556759606310637,0.000547338317126167,5.551115123125783e-16,0.2830718202490372,0.16616943185449606,0.7504533507067296,0.7504533507067299,0.0006379608343219758,0.9999956049666626,0.8639012968750013,0.000547338317126167
4,0.2,0.965,0.8724928006000011,1.4406000000000193e-06,0.0002400499947927535,0.00047721878958539854,8.881784197001252e-16,0.284961292515723,0.16798700580636594,0.7648977244553579,0.7648977244553579,0.0005502614996348774,0.999996697743247,0.8724942412000011,0.0004772187895856206
4,0.2,0.9675,0.8811532510375004,1.0710374999999874e-06,0.0002069818832651775,0.0004118216915303119,1.1102230246251565e-16,0.286855487211894,0.1698270210002184,0.7796301065743073,0.7796301065743071,0.00046979712424893497,0.9999975690126617,0.8811543220750004,0.0004118216915303119
4,0.2,0.97,0.8898810976000008,7.77599999999998e-07,0.00017636326148038877,0.0003511713229606972,3.3306690738754696e-16,0.2887544286375512,0.1716898420556182,0.7946559990072699,0.7946559990072701,0.00039637454452199326,0.9999982523523141,0.8898818752000007,0.00035117132296091924
4,0.2,0.9725,0.8986766890375003,5.490375000000053e-07,0.00014819412943838312,0.0002952901838768618,2.220446049250313e-16,0.29065813929269346,0.17357583655492914,0.8099810005718423,0.8099810005718423,0.00032980501376850355,0.9999987781208275,0.8986772380750003,0.00029529018387663974
4,0.2,0.975,0.9075403750000004,3.7500000000000403e-07,0.00012247448713915973,0.00024419897427829795,3.3306690738754696e-16,0.2925666398773217,0.1754853750000005,0.8256108084422508,0.8256108084422507,0.0002699041054391435,0.9999991735908277,0.9075407500000005,0.00024419897427829795
4,0.2,0.9775,0.9164725060375019,2.4603749999999315e-07,9.920433458271747e-05,0.00019791659416545926,6.661338147750939e-16,0.2944799492914356,0.17741883076719023,0.8415512196506858,0.8415512196506858,0.00021649161823547337,0.9999994630773267,0.9164727520750019,0.00019791659416545926
4,0.2,0.98,0.9254734336000019,1.5359999999999838e-07,7.838367176906141e-05,0.00015646014353820625,8.881784197001252e-16,0.2963980846350349,0.17937658006074997,0.8578081326074307,0.8578081326074307,0.00016939148313504943,0.9999996680618396,0.925473587200002,0.0001564601435379842
4,0.2,0.9825,0.9345435100375005,9.003749999999971e-08,6.001249869818782e-05,0.0001198449223964726,2.220446049250313e-16,0.2983210612081193,0.18135900186459508,0.8743875486399741,0.8743875486399744,0.00012843167230158466,0.9999998073123608,0.9345436000750005,0.00011984492239625055
4,0.2,0.985,0.9436830886000004,4.8599999999999304e-08,4.4090815370096914e-05,8.808443074026506e-05,1.1102230246251565e-16,0.30024889251068965,0.1833664778924784,0.8912955735512536,0.8912955735512537,9.344410985432812e-05,0.9999998969993251,0.9436831372000004,8.808443074004302e-05
4,0.2,0.9875,0.9528925234375016,2.343749999999969e-08,3.0618621784789574e-05,6.119036856966353e-05,7.771561172376096e-16,0.30218159024274605,0.18539939253659077,0.9085384191971992,0.9085384191971997,6.426458447010198e-05,0.9999999508076748,0.9528925468750017,6.119036856944149e-05
4,0.2,0.99,0.9621721696000017,9.60000000000003e-09,1.9595917942265485e-05,3.917263588459896e-05,9.992007221626409e-16,0.30411916430428754,0.18745813281462098,0.92612240508378,0.9261224050837797,4.073266379112835e-05,0.9999999800451516,0.9621721792000018,3.917263588459896e-05
4,0.2,0.9925,0.9715223830375019,3.0374999999998303e-09,1.102270384252401e-05,2.2039332685075408e-05,7.771561172376096e-16,0.30606162279531457,0.18954308831532007,0.9440539599837203,0.9440539599837205,2.269161061137515e-05,0.9999999937469274,0.971522386075002,2.2039332685075408e-05
4,0.2,0.995,0.9809435206000003,6.000000000000384e-10,4.89897948556652e-06,9.79675897117005e-06,3.3306690738754696e-16,0.308008972015827,0.19165465114258262,0.9623396235730391,0.9623396235730391,9.988300813840002e-06,0.9999999987766879,0.9809435212000004,9.796758970948005e-06
4,0.2,0.9975,0.990435940037501,3.749999999999864e-11,1.2247448713915686e-06,2.449414742811129e-06,4.440892098500626e-16,0.3099612164658252,0.19379321585810616,0.9809860480876309,0.9809860480876307,2.4731430309340843e-06,0.9999999999242757,0.990435940075001,2.449414742811129e-06
4,0.2,1.0,1.000000000000001,0.0,0.0,0.0,5.551115123125783e-16,0.31191835884530894,0.19595917942265517,1.0000000000000022,1.0000000000000022,0.0,1.0,1.000000000000001,0.0
6,0.2,0.0,0.040000000000000126,0.9600000000000016,0.19595917942265473,0.31191835884530916,0.19595917942265562,0.0,8.881784197001252e-16,1.0000000000000036,1.0000000000000036,0.39191835884530873,-0.9199999999999999,1.0000000000000018,0.31191835884530916
6,0.2,0.0025,0.04000000000000036,0.9456897005619384,0.1944931567497367,0.3089863134994726,0.19331169231919332,6.123723972351058e-09,3.3306690738754696e-16,0.9716178919786651,0.9716178919786645,0.39463363904250337,-0.9188385554253098,0.9856897005619387,0.3089863134994726
6,0.2,0.005,0.04000000000001513,0.9315576089820174,0.19303446417487427,0.3060689283497182,0.1907080568418663,4.898976491141127e-08,1.2212453270876722e-15,0.9440556773359591,0.9440556773359592,0.3973711129227421,-0.9176579965403681,0.9715576089820326,0.3060689283497182
6,0.2,0.0075,0.04000000000017098,0.9176019454259854,0.1915830833268938,0.30316616665344576,0.18814744149081386,1.6534021596292803e-07,1.1102230246251565e-15,0.9172900108486715,0.917290010848671,0.4001309400883362,-0.9164579809152956,0.9576019454261564,0.30316616665344553
6,0.2,0.01,0.04000000000096023,0.9038209434249623,0.19013899583462276,0.30027799166732505,0.18562902968170258,3.919164388577201e-07,1.3322676295501878e-15,0.8912981879374413,0.8912981879374415,0.40291327959824225,-0.915238159781099,0.9438209434259226,0.30027799166732505
6,0.2,0.0125,0.04000000000366216,0.8902128498083505,0.18870218332688699,0.29740436664644965,0.18315201957430183,7.654582203642235e-07,4.440892098500626e-16,0.8660581280682237,0.8660581280682237,0.4057182898839162,-0.9139981779186436,0.9302128498120126,0.2974043666464494
6,0.2,0.015,0.04000000001093523,0.8767759246369362,0.18727262743251522,0.29454525484315996,0.18071562389748408,1.3227025910111934e-06,6.661338147750939e-16,0.8415483585519827,0.8415483585519825,0.40854612866158235,-0.9127376735459125,0.9167759246478715,0.29454525484315974
6,0.2,0.0175,0.04000000002757411,0.8635084411361375,0.18585030978033265,0.2917006195055172,0.17831906977089407,2.1003823065246507e-06,6.661338147750939e-16,0.8177479987338616,0.8177479987338621,0.41139695284077027,-0.9114562782035452,0.9035084411637115,0.2917006195055172
6,0.2,0.02,0.040000000061440125,0.8504086856294414,0.18443521199916724,0.28887042387545425,0.1759615985236197,3.1352239908688517e-06,8.881784197001252e-16,0.7946367445634435,0.7946367445634439,0.414270918429016,-0.9101536166386259,0.8904086856908815,0.28887042387545425
6,0.2,0.0225,0.04000000012455661,0.8374749574719959,0.18302731571784564,0.28605463118657815,0.17364246551010365,4.463945943333769e-06,1.1102230246251565e-15,0.7721948535376945,0.7721948535376945,0.4171681804325597,-0.9088293066867261,0.8774749575965525,0.28605463118657815
6,0.2,0.025,0.0400000002343752,0.8247055689843775,0.18162660256519492,0.2832532046616394,0.17136093992359713,6.123255607004552e-06,1.5543122344752192e-15,0.7504031300084801,0.7504031300084798,0.42008889275292066,-0.907482959152178,0.8647055692187527,0.2832532046616394
6,0.2,0.0275,0.040000000415209735,0.8120988453865225,0.1802330541700412,0.28046610750966305,0.16911630460740856,8.149846699945229e-06,3.3306690738754696e-16,0.729242910846619,0.7292429108466193,0.4230332080791907,-0.906114177686571,0.8520988458017322,0.28046610750966305
6,0.2,0.03,0.040000000699840124,0.7996531247318408,0.17884665216121248,0.27769330292274486,0.1669078558642293,1.0580396008874615e-05,5.551115123125783e-16,0.7086960514546622,0.7086960514546623,0.426001277775901,-0.9047225586654599,0.8396531254316809,0.27769330292274463
6,0.2,0.0325,0.040000001131283484,0.7873667578414715,0.17746737816753524,0.27493475407250356,0.16473490326375706,1.345155984555646e-05,4.440892098500626e-16,0.6887449121206268,0.6887449121206269,0.4289932517663046,-0.9033076910632793,0.8273667589727549,0.27493475407250356
6,0.2,0.035,0.04000000176473523,0.7752381082387375,0.17609521381783685,0.2721904241062032,0.16259676944891088,1.6799970165459754e-05,1.6653345369377348e-15,0.6693723447052365,0.6693723447052369,0.43200927841090925,-0.9018691563264509,0.8152381100034727,0.2721904241062032
6,0.2,0.0375,0.04000000266967786,0.7632655520837417,0.17473014074094306,0.26946027614253043,0.16049278994083427,2.0662230349355326e-05,9.992007221626409e-16,0.6505616796551708,0.6505616796551709,0.435049504381102,-0.9004065282446805,0.8032655547534195,0.26946027614253043
6,0.2,0.04,0.040000003932160126,0.7514474781081618,0.17337214056568193,0.26674427326704353,0.15842231294296738,2.5074910646072368e-05,1.1102230246251565e-15,0.632296713335166,0.6322967133351662,0.4381140745276871,-0.8989193728204389,0.7914474820403219,0.26674427326704375
6,0.2,0.0425,0.04000000565724286,0.7397822875501809,0.17202119492087983,0.26404237852727386,0.15638469914435849,3.007454328018966e-05,5.551115123125783e-16,0.6145616956717502,0.6145616956717506,0.44120313174416187,-0.8974072481366212,0.7797822932074238,0.2640423785272741
6,0.2,0.045,0.040000007971615126,0.728268394089617,0.17067728543536417,0.26135455492749804,0.15437932152248668,3.569761721977649e-05,1.3322676295501878e-15,0.5973413181017428,0.5973413181017432,0.44431681682454766,-0.895869704222387,0.768268402061232,0.26135455492749804
6,0.2,0.0475,0.04000001102637841,0.7169042237831916,0.16934039373796111,0.2586807654231653,0.15240556514575876,4.198057260773602e-05,4.440892098500626e-16,0.5806207018185955,0.5806207018185957,0.4474552683155896,-0.8943062829171724,0.75690423480957,0.25868076542316554
6,0.2,0.05,0.040000015000000125,0.7056882150000003,0.1680105014574985,0.2560209729149967,0.15046282697592572,4.895979485564084e-05,3.3306690738754696e-16,0.564385386309967,0.5643853863099665,0.45061862236312455,-0.8927165177328865,0.7456882300000005,0.2560209729149967
6,0.2,0.0525,0.04000002010143473,0.6946188183571237,0.16668759022280283,0.2533751402427362,0.14855051567056732,5.667160840050478e-05,1.1102230246251565e-15,0.5486213181798785,0.5486213181798781,0.45380701255241784,-0.8910999337142883,0.7346188384585585,0.2533751402427362
6,0.2,0.055,0.04000002657341513,0.6836944966554159,0.16537164166270082,0.25074323017857125,0.14666805138585925,6.515227012293678e-05,7.771561172376096e-16,0.5333148402490714,0.5333148402490717,0.4570205697422711,-0.8894560472975496,0.7236945232288311,0.25074323017857125
6,0.2,0.0575,0.04000003469591168,0.6729137248154763,0.16406263740601995,0.24812520542021654,0.14481486557979673,7.443796242823097e-05,1.6653345369377348e-15,0.5184526809272711,0.5184526809272717,0.46025942189266794,-0.8877843661670196,0.7129137595113879,0.24812520542021632
6,0.2,0.06,0.040000044789760124,0.6622749898137612,0.16276055908158626,0.2455210285836522,0.14299040081601633,8.456478599061512e-05,7.771561172376096e-16,0.5040219438511144,0.5040219438511142,0.4635236938857577,-0.8860843891101933,0.7022750346035214,0.2455210285836522
6,0.2,0.0625,0.04000005722045911,0.6517767906188974,0.16146538831822743,0.24293066219553672,0.14119411056841913,9.556875215954719e-05,6.661338147750939e-16,0.49001009778177973,0.49001009778177973,0.4668135073399355,-0.884355605870904,0.6917768478393564,0.24293066219553672
6,0.2,0.065,0.04000007240213513,0.6414176381281357,0.1601771067447702,0.2403540686852701,0.13942545902669645,0.00010748577502783796,7.771561172376096e-16,0.47640496675629823,0.4764049667562983,0.47012898041679124,-0.8825974970007529,0.6814177105302708,0.2403540686852701
6,0.2,0.0675,0.040000090801677234,0.6311960551039905,0.15889569599004152,0.23779121037672857,0.1376839209029408,0.00012035166316382018,7.771561172376096e-16,0.46319472048680155,0.4631947204868014,0.47347022762068514,-0.8808095337087976,0.6711961459056677,0.23779121037672857
6,0.2,0.07,0.040000112943040046,0.6211105761110399,0.15762113768286798,0.23524204947965588,0.13596898123945622,0.00013420211100401147,1.1102230246251565e-16,0.4503678650019792,0.45036786500197934,0.4768373595907002,-0.8789911777095227,0.66111068905408,0.23524204947965588
6,0.2,0.0725,0.04000013941171609,0.6111597474529048,0.15635341345207762,0.2327065480807231,0.13428013521790816,0.00014907268991004585,1.2212453270876722e-15,0.43791323352519196,0.4379132335251917,0.48023048288471804,-0.8771418810691196,0.6511598868646209,0.2327065480807231
6,0.2,0.075,0.04000017085937523,0.6013421271093764,0.155092504926496,0.23018466813424165,0.1326168879699049,0.00016499883888787537,1.1102230246251565e-15,0.42581997758373896,0.425819977583739,0.48364969975534855,-0.8752610860501073,0.6413422979687516,0.23018466813424143
6,0.2,0.0775,0.04000020800867536,0.5916562846737387,0.1538383937349504,0.22767637145255004,0.13097875438917006,0.00018201585496768757,8.881784197001252e-16,0.4140775583439928,0.41407755834399274,0.4870951079174538,-0.873348224954329,0.631656492682414,0.22767637145255004
6,0.2,0.08,0.04000025165824012,0.5821008012902421,0.1525910615062683,0.22518161969605632,0.12936525894536355,0.00020015888324875775,1.6653345369377348e-15,0.4026757381671007,0.4026757381671007,0.4905668003069744,-0.8714027199643636,0.6221010529484823,0.22518161969605632
6,0.2,0.0825,0.04000030268780536,0.5726742695917438,0.15135048986927604,0.22270037436294143,0.12777593549966637,0.00021946290660546097,8.881784197001252e-16,0.391604572380142,0.39160457238014196,0.49406486483078105,-0.8694239829834028,0.6126745722795492,0.2227003743629412
6,0.2,0.085,0.040000362063535126,0.5633752936375358,0.15011666045280084,0.22023259677853146,0.126210327122237,0.00023996273505577648,5.551115123125783e-16,0.38085440125774467,0.38085440125774433,0.4975893841072462,-0.8674114154736385,0.6033756557010709,0.22023259677853146
6,0.2,0.08750000000000001,0.04000043084350598,0.554202488851319,0.1488895548856696,0.21777824808432733,0.12466798591158978,0.0002616929947929503,6.661338147750939e-16,0.3704158422091847,0.3704158422091846,0.5011404351972467,-0.865364408293215,0.594202919694825,0.2177782480843271
6,0.2,0.09,0.04000051018336013,0.545154481959361,0.14766915479670936,0.21533728922669848,0.12314847281599717,0.00028468811687831774,9.992007221626409e-16,0.36027978216619777,0.36027978216619766,0.504718089325272,-0.863282341531818,0.5851549921427212,0.21533728922669848
6,0.2,0.0925,0.04000060134212723,0.5362299109288164,0.14645544181474693,0.21290968094523932,0.12165135745697742,0.00030898232559883887,1.3322676295501878e-15,0.3504373701667583,0.35043737016675813,0.508322411590324,-0.8611645843449576,0.5762305122709437,0.21290968094523932
6,0.2,0.095,0.04000070568821513,0.5274274249062162,0.14524839756860905,0.2104953837607879,0.12017621795493305,0.0003346096264849052,9.992007221626409e-16,0.3408800101302159,0.3408800101302159,0.511953460666282,-0.8590104947870285,0.5674281305944313,0.2104953837607879
6,0.2,0.0975,0.04000082470556911,0.5187456841561318,0.14404800368712276,0.20809435796310738,0.11872264075700323,0.0003616037939924155,3.3306690738754696e-16,0.3315993538192727,0.33159935381927275,0.5156112884913866,-0.8568194196432286,0.5587465088617009,0.20809435796310738
6,0.2,0.1,0.04000096000000013,0.5101833600000003,0.1428542417991152,0.20570656359823025,0.11729022046717397,0.00038999835884534484,5.551115123125783e-16,0.3225872939843589,0.3225872939843589,0.5192959399465078,-0.854590694260425,0.5501843200000004,0.20570656359823025
6,0.2,0.10250000000000001,0.04000111330568161,0.5017391347551203,0.1416670935334133,0.2033319604554633,0.1158785596787012,0.0004198265950430269,1.4432899320127035e-15,0.31383595768608513,0.31383595768608524,0.5230074525218343,-0.8523236423770675,0.5417402480608019,0.20333196045546353
6,0.2,0.105,0.04000128649181513,0.4934117016738158,0.14048654051884363,0.20097050805405692,0.11448726880888627,0.00045112150652837357,7.771561172376096e-16,0.30533769979152686,0.30533769979152703,0.5267458559716244,-0.850017575952259,0.533412988165631,0.20097050805405692
6,0.2,0.1075,0.04000148156946474,0.4851997648827771,0.13931256438423328,0.19862216562953705,0.11311596593625062,0.00048391581351947544,3.3306690738754696e-16,0.2970850966402012,0.2970850966402014,0.5305111719566393,-0.8476717949941035,0.5252012464522419,0.19862216562953705
6,0.2,0.11,0.040001700698560086,0.47710203932256046,0.13814514675840936,0.19628689211969852,0.11176427664012412,0.0005182419385030279,3.3306690738754696e-16,0.2890709398756503,0.28907093987565036,0.5343034136738867,-0.8452855873874504,0.5171037400211206,0.19628689211969852
6,0.2,0.1125,0.04000194619506841,0.46911725068725646,0.1369842692701986,0.19396464615026043,0.11043183384268906,0.000554131991891138,6.661338147750939e-16,0.281288230438671,0.28128823043867107,0.5381225854732813,-0.8428582287211839,0.5091191968823249,0.19396464615026043
6,0.2,0.115,0.040002220538335125,0.461244135364336,0.13582991354842827,0.1916553860201864,0.10911827765350379,0.000591617757338847,9.992007221626409e-16,0.27373017271830746,0.27373017271830746,0.5419686824608173,-0.8403889821152036,0.5012463559026711,0.19165538602018617
6,0.2,0.11750000000000001,0.04000252637859286,0.4534814403746553,0.1346820612219247,0.1893590696866636,0.10782325521651748,0.0006307306767270315,4.440892098500626e-16,0.26639016885678063,0.26639016885678074,0.54584169008785,-0.8378770980472607,0.4934839667532482,0.1893590696866636
6,0.2,0.12,0.04000286654464012,0.4458279233126411,0.1335406939195154,0.18707565474975052,0.10654642055960784,0.0006715018348046886,1.1102230246251565e-15,0.25926181320465486,0.2592618132046548,0.5497415837260731,-0.835321814179824,0.48583078985728123,0.18707565474975052
6,0.2,0.1225,0.04000324405168786,0.43828235228662565,0.13240579327002683,0.1848050984366778,0.10528743444662458,0.0007139619434963773,5.551115123125783e-16,0.2523388869225648,0.2523388869225647,0.5536683282277649,-0.8327223551871643,0.4782855963383135,0.18480509843667803
6,0.2,0.125,0.04000366210937512,0.43084350585937575,0.13127734090228627,0.1825473575858223,0.1040459642319902,0.0007581413258697101,7.771561172376096e-16,0.2456153527259835,0.24561535272598364,0.5576218774708607,-0.8300779325828713,0.47084716796875087,0.1825473575858223
6,0.2,0.1275,0.04000412412995349,0.4235101729887671,0.13015531844512054,0.1803023886303341,0.10282168371782008,0.0008040698997682227,1.5543122344752192e-15,0.23908534976949836,0.23908534976949844,0.5616021738884299,-0.8273877445480083,0.46351429711872055,0.1803023886303341
6,0.2,0.13,0.04000463373664015,0.4162811529686409,0.12903970752735647,0.17807014758143258,0.10161427301359427,0.0008517771611031844,1.2212453270876722e-15,0.23274318866721774,0.23274318866721783,0.5656091479820928,-0.8246509757601568,0.456285786705281,0.1780701475814328
6,0.2,0.1325,0.040005194772139735,0.4091552553698278,0.127930489777821,0.1758505900113625,0.10042341839837332,0.0009012921668116736,6.661338147750939e-16,0.2265833466459623,0.22658334664596239,0.5696427178189248,-0.8218667972235972,0.4491604501419675,0.17585059001136272
6,0.2,0.135,0.04000581130733518,0.4021312999813362,0.12682764682534137,0.1736436710360123,0.09924881218554682,0.0009526435174740389,1.3322676295501878e-15,0.2206004628279724,0.22060046282797238,0.5737027885113928,-0.8190343661009023,0.44213711128867134,0.1736436710360123
6,0.2,0.1375,0.040006487650146555,0.3952081167517094,0.1257311602987438,0.17144934529719436,0.09809015259011289,0.0010058593395958493,6.661338147750939e-16,0.21478933363994765,0.21478933363994773,0.5777892516798436,-0.8161528255462378,0.435214604401856,0.17144934529719436
6,0.2,0.14,0.040007228354560116,0.38838454573055997,0.12464101182685594,0.16926756694459177,0.09694714359849521,0.0010609672675514492,3.3306690738754696e-16,0.20914490834530738,0.20914490834530744,0.5819019848970778,-0.8132213045406853,0.4283917740851201,0.16926756694459155
6,0.2,0.14250000000000002,0.040008038229824176,0.38165943701026295,0.12355718303850485,0.1670982896173614,0.09581949484086238,0.0011179944251902274,1.6653345369377348e-15,0.2036622846966024,0.2036622846966025,0.5860408511145159,-0.8102389177299265,0.42166747524008713,0.1670982896173614
6,0.2,0.145,0.040008922349815124,0.37503165066781613,0.12247965556251655,0.16494146642540297,0.09470692146594784,0.001176967407104712,1.3322676295501878e-15,0.19833670470510578,0.19833670470510575,0.5902056980694922,-0.8072047652646455,0.41504057301763125,0.16494146642540275
6,0.2,0.1475,0.04000988606257234,0.3685000567068856,0.1214084110277188,0.16279704993029287,0.09360914401837783,0.0012379122595633785,1.3322676295501878e-15,0.19316355052468273,0.19316355052468287,0.5943963576731618,-0.8041179326440441,0.40850994276945796,0.16279704993029287
6,0.2,0.15,0.04001093500000012,0.362063535000001,0.12034343106293789,0.1606649921258756,0.09252588831844832,0.0013008544611028405,1.1102230246251565e-15,0.18813834044705544,0.18813834044705538,0.5986126453785418,-0.8009774905628799,0.4020744700000011,0.1606649921258756
6,0.2,0.1525,0.04001207508774098,0.35572097523092894,0.11928469729700118,0.15854524441852047,0.09145688534437169,0.0013658189027849765,7.771561172376096e-16,0.18325672500570486,0.18325672500570492,0.6028543595281992,-0.7977824947624634,0.3957330503186699,0.15854524441852047
6,0.2,0.155,0.040013312555215126,0.34947127683721574,0.1182321913587356,0.15643775760704104,0.09040187111695452,0.0014328298681149931,1.1102230246251565e-15,0.17851448318567553,0.17851448318567553,0.6071212806810645,-0.7945319858861007,0.38948458939243086,0.15643775760704104
6,0.2,0.1575,0.04001465394583036,0.3433133489528929,0.11718589487696786,0.15434248186227495,0.08936058658668844,0.0015019110126237578,6.661338147750939e-16,0.17390751873661686,0.17390751873661697,0.6114131709179036,-0.7912249893394697,0.38332800289872326,0.15434248186227495
6,0.2,0.16,0.04001610612736005,0.3372461103513607,0.11614578948052506,0.1522593667063301,0.0883327775232432,0.001573085343110403,1.1102230246251565e-15,0.1694318565864729,0.16943185658647286,0.6157297731249278,-0.7878605151564806,0.37726221647872077,0.1522593667063301
6,0.2,0.1625,0.04001767630249043,0.33126848938842823,0.11511185679823427,0.1501883609914878,0.08731819440731814,0.001646375196549199,8.881784197001252e-16,0.16508363935325873,0.16508363935325873,0.6200708102550766,-0.784437557871178,0.37128616569091866,0.1501883609914878
6,0.2,0.165,0.04001937201953513,0.3253794239455353,0.11408407845892192,0.14812941287877357,0.08631659232485411,0.0017218022186580306,6.661338147750939e-16,0.16085912395246088,0.16085912395246088,0.6244359845664491,-0.7809550963963181,0.36539879596507047,0.14812941287877357
6,0.2,0.1675,0.04002120118332098,0.31957786137313415,0.11306243609141546,0.1460824698161889,0.0853277308635606,0.0017993873421300322,1.3322676295501878e-15,0.15675467829761652,0.15675467829761652,0.628824976837448,-0.7774120939092388,0.35959906255645513,0.1460824698161889
6,0.2,0.17,0.04002317206624013,0.3138627584342403,0.11204691132454143,0.1440474785166026,0.08435137401173476,0.0018791507645270489,5.551115123125783e-16,0.15276677809170586,0.15276677809170594,0.6332374455581208,-0.7738074977457416,0.3538859305004804,0.1440474785166026
6,0.2,0.17250000000000001,0.04002529331947218,0.3082330812481598,0.11103748578712692,0.14202438493530956,0.08338729005936829,0.0019611119258355902,3.3306690738754696e-16,0.14889200370704833,0.14889200370704825,0.6376730260972568,-0.7701402393027064,0.348258374567632,0.14202438493530956
6,0.2,0.17500000000000002,0.04002757398437513,0.30268780523437544,0.1100341411079991,0.14001313424724793,0.08243525150147857,0.0020452894856866077,7.771561172376096e-16,0.14512703715142264,0.14512703715142253,0.6421313298447912,-0.7664092339502158,0.34271537921875056,0.14001313424724793
6,0.2,0.1775,0.040030023504044214,0.29722591505660717,0.1090368589159847,0.13801367082388105,0.08149503494366694,0.0021317013002353224,1.2212453270876722e-15,0.14146865911821338,0.14146865911821335,0.6466119433290617,-0.7626133809540299,0.3372559385606514,0.13801367082388105
6,0.2,0.18,0.0400326517350402,0.29184640456704086,0.10804562083991044,0.1360259382097404,0.08056642100986366,0.0022203643987057653,1.3322676295501878e-15,0.13791374611841906,0.13791374611841906,0.651114427308518,-0.7587515634092806,0.33187905630208103,0.1360259382097404
6,0.2,0.1825,0.04003546895928661,0.28654827675072425,0.10706040850860325,0.1340498790986333,0.07964919425223305,0.0023112949595978094,6.661338147750939e-16,0.1344592676924113,0.13445926769241126,0.6556383158374773,-0.7548226481863185,0.32658374571001086,0.13404987909863308
6,0.2,0.185,0.04003848589613512,0.28133054367013555,0.10608120355089047,0.13208543530951067,0.07874314306321295,0.00240450828655403,8.881784197001252e-16,0.13110228369938853,0.13110228369938853,0.6601831153055467,-0.7508254858897121,0.32136902956627067,0.13208543530951067
6,0.2,0.1875,0.04004171371459971,0.27619222640991253,0.1051079875955987,0.1301325477619979,0.07784805958964669,0.002500018783892388,7.771561172376096e-16,0.12783994168250398,0.127839941682504,0.6647483034503763,-0.7467589108314313,0.3162339401245122,0.1301325477619979
6,0.2,0.19,0.040045164045760126,0.271132355021761,0.10414074227155515,0.12819115645159007,0.07696373964900505,0.0025978399318000722,1.7763568394002505e-15,0.124669474307717,0.124669474307717,0.6693333283434147,-0.7426217410193382,0.3111775190675211,0.12819115645159007
6,0.2,0.1925,0.04004884899533349,0.26614996846952116,0.10317944920758629,0.12626120042450562,0.07608998264763456,0.00269798426118828,4.440892098500626e-16,0.12158819687443384,0.12158819687443385,0.6739376073483966,-0.7384127781621477,0.30619881746485467,0.12626120042450562
6,0.2,0.195,0.040052781156415126,0.2612441145744158,0.10222409003251956,0.1243426177522089,0.07522659150104505,0.002800463328213043,1.3322676295501878e-15,0.118593504896083,0.11859350489608302,0.6785605260523049,-0.734130807692111,0.30129689573083096,0.1243426177522089
6,0.2,0.1975,0.04005697362238786,0.25641384996045086,0.10127464637518152,0.12243534550558732,0.07437337255615528,0.002905287688454772,1.3322676295501878e-15,0.11568287174877376,0.1156828717487737,0.6832014371686309,-0.7297745988067166,0.2964708235828387,0.1224353455055871
6,0.2,0.2,0.04006144000000013,0.25165824000000053,0.10033109986439924,0.12053931972879828,0.07353013551552168,0.003012466870762509,1.1102230246251565e-15,0.1128538463862789,0.11285384638627895,0.6878596594127555,-0.7253429045308151,0.29171968000000065,0.12053931972879828
6,0.2,0.2025,0.04006619442261286,0.24697635875955043,0.09939343212899959,0.11865447541277341,0.07269669336348028,0.0031220093507606794,8.881784197001252e-16,0.11010405111957813,0.11010405111957812,0.6925344763493823,-0.7208344618006096,0.2870425531821633,0.11865447541277341
6,0.2,0.20500000000000002,0.04007125156361513,0.24236728894561504,0.0984616247978096,0.11678074646838899,0.07187286229419487,0.0032339225240172187,3.3306690738754696e-16,0.10743117945927427,0.10743117945927422,0.6972251352119689,-0.7162479915710682,0.2824385405092302,0.11678074646838899
6,0.2,0.20750000000000002,0.04007662665000849,0.23783012185082128,0.09753565949965623,0.11491806569929541,0.07105846164157548,0.0033482126788753064,6.661338147750939e-16,0.10483299401921728,0.10483299401921724,0.7019308456941988,-0.7115821989483726,0.27790674850082975,0.11491806569929564
6,0.2,0.21,0.0400823354761602,0.23336395730016066,0.09661551786336639,0.11306636477441234,0.07025331381103639,0.00346488496894648,1.3322676295501878e-15,0.10230732447971737,0.10230732447971741,0.7066507787135948,-0.7068357733491193,0.2734462927763209,0.11306636477441234
6,0.2,0.2125,0.040088394417724736,0.22896790359741256,0.0957011815177667,0.11122557420008383,0.06945724421307264,0.003583943385267574,1.1102230246251565e-15,0.09985206560876864,0.09985206560876858,0.7113840651474546,-0.702007388688078,0.2690562980151373,0.11122557420008405
6,0.2,0.215,0.040094820445735126,0.22464107747173548,0.09479263209168447,0.10939562329189867,0.06867008119862728,0.003705390728119262,1.1102230246251565e-15,0.0974651753397402,0.09746517533974021,0.7161297945413913,-0.6970957035963867,0.2647358979174706,0.10939562329189867
6,0.2,0.2175,0.040101631140861536,0.22038260402442406,0.0938898512139463,0.10757644014616963,0.06789165599620772,0.0038292285785068714,4.440892098500626e-16,0.09514467290402706,0.095144672904027,0.7208870137908361,-0.692099361672189,0.26048423516528557,0.10757644014616963
6,0.2,0.22,0.040108844707840124,0.21619161667584033,0.09299282051337963,0.10576795161107899,0.06712180265074852,0.003955457269304796,8.881784197001252e-16,0.09288863701719932,0.09288863701719935,0.7256547257959858,-0.6870169917657902,0.25630046138368046,0.10576795161107899
6,0.2,0.2225,0.04011647999006904,0.21206725711250662,0.09210152161881081,0.10397008325748347,0.06636035796416428,0.004084075856062297,6.661338147750939e-16,0.09069520411720934,0.0906952041172093,0.7304318880907735,-0.6818472083015276,0.2521837371025757,0.10397008325748347
6,0.2,0.225,0.040124556484375205,0.20800867523437544,0.0912159361590674,0.10218275934938448,0.06560716143760259,0.004215082087472455,1.1102230246251565e-15,0.08856256665327078,0.08856256665327077,0.735217411446582,-0.6765886116386473,0.24813323171875065,0.10218275934938448
6,0.2,0.2275,0.04013309435594724,0.20401502910225966,0.09033604576297555,0.1004059028140567,0.06486205521533073,0.004348472375502954,4.440892098500626e-16,0.08648897142403444,0.08648897142403443,0.7400101584515287,-0.6712397884735969,0.2441481234582069,0.1004059028140567
6,0.2,0.23,0.04014211445344005,0.20008548488543995,0.08946183205936266,0.09863943521184515,0.06412488403027217,0.0044842417651909106,1.1102230246251565e-16,0.08447271796374559,0.08447271796374554,0.7448089420663296,-0.6657993122862367,0.24022759933888,0.09863943521184515
6,0.2,0.2325,0.04015163832424599,0.19621921680943338,0.0885932766770558,0.09688327670561958,0.06339549515113285,0.004622383904097971,3.3306690738754696e-16,0.08251215697507439,0.08251215697507436,0.7496125241578699,-0.6602657438326036,0.23637085513367936,0.0968832767056198
6,0.2,0.23500000000000001,0.04016168822993518,0.1924154071039355,0.08773036124488179,0.09513734602989321,0.062673738331115,0.004762891011429682,1.4432899320127035e-15,0.08060568880736457,0.08060568880736455,0.7544196140117967,-0.6546376316869724,0.2325770953338707,0.09513734602989321
6,0.2,0.23750000000000002,0.04017228716186536,0.18867324595092796,0.08687306739166716,0.09340156045960368,0.06195946575818534,0.004905753846816463,4.440892098500626e-16,0.0787517619790637,0.07875176197906372,0.7592288668256346,-0.6489135128360557,0.22884553311279332,0.09340156045960346
6,0.2,0.24,0.04018345885696005,0.18499193143296044,0.08602137674623923,0.09167583577855831,0.06125253200689096,0.005050961678757515,9.992007221626409e-16,0.07694887174313876,0.07694887174313877,0.7640388821840962,-0.6430919133283387,0.2251753902899205,0.09167583577855831
6,0.2,0.2425,0.04019522781365536,0.18137066948159303,0.08517527093742493,0.08996008624753915,0.06055279399166624,0.005198502252727444,7.771561172376096e-16,0.0751955586942964,0.07519555869429641,0.768848202518498,-0.6371713489816253,0.2215658972952484,0.08996008624753915
6,0.2,0.245,0.04020761930801505,0.1778086738260152,0.08433473159405096,0.08825422457207188,0.05986011092165089,0.005348361758944042,4.440892098500626e-16,0.07349040741687728,0.07349040741687725,0.7736553115523742,-0.6311503261520317,0.21801629313403026,0.08825422457207166
6,0.2,0.2475,0.040220659410015985,0.17430516594182865,0.08349974034494459,0.08655816186985721,0.05917434425697021,0.005500524799800122,8.881784197001252e-16,0.07183204517230411,0.07183204517230413,0.778458632735675,-0.6250273425677311,0.21452582535184464,0.08655816186985721
6,0.2,0.25,0.04023437500000013,0.1708593750000005,0.08267027881893252,0.08487180763786473,0.058495357666464076,0.0056549743569580535,1.2212453270876722e-15,0.07021914062500041,0.07021914062500043,0.7832565276701207,-0.6188008882309399,0.21109375000000064,0.08487180763786473
6,0.2,0.2525,0.040248793785297235,0.16747053781598506,0.08184632864484163,0.08319506971908885,0.057823016986852105,0.005811691758103921,7.771561172376096e-16,0.06865040260572441,0.06865040260572441,0.7880472945286174,-0.6124694463916831,0.2077193316012823,0.08319506971908885
6,0.2,0.255,0.040263944317015125,0.16413789879901522,0.0810278714514989,0.08152785426896747,0.057157190183312556,0.005970656643368599,4.440892098500626e-16,0.06712457891128698,0.06712457891128697,0.7928291664718774,-0.6060314945970524,0.20440184311603035,0.08152785426896769
6,0.2,0.2575,0.04027985600699907,0.16086070990156165,0.08021488886773127,0.07987006572146438,0.05649774731144985,0.0061318469314075585,4.440892098500626e-16,0.06564045513964817,0.06564045513964817,0.7976003100657206,-0.5994855058197415,0.20114056590856072,0.07987006572146438
6,0.2,0.26,0.040296559144960185,0.15763823056896004,0.07940736252236584,0.07822160675481138,0.055844560480646455,0.006295238785145152,8.881784197001252e-16,0.06419685355941579,0.06419685355941578,0.8023588237028484,-0.59282994966977,0.19793478971392023,0.07822160675481116
6,0.2,0.2625,0.04031408491577161,0.15446972768920905,0.07860527404422926,0.07658237825691527,0.05519750381877042,0.006460806577180511,5.551115123125783e-16,0.06279263201279262,0.06279263201279262,0.8071027360332026,-0.5860632936934229,0.19478381260498068,0.07658237825691527
6,0.2,0.265,0.04033246541693507,0.1513544755429351,0.07780860506214858,0.07495227929042692,0.054556453438239116,0.0066285228548566,4.440892098500626e-16,0.06142668285104427,0.06142668285104429,0.8118300044074248,-0.5791840047634889,0.19168694095987016,0.07495227929042714
6,0.2,0.2675,0.04035173367621466,0.14829175575352724,0.07701733720495078,0.07333120705747231,0.053921287403404405,0.006798358304991536,6.661338147750939e-16,0.06009793190158143,0.06009793190158141,0.8165385133382512,-0.5721905505650307,0.1886434894297419,0.07333120705747209
6,0.2,0.27,0.040371923669440125,0.14528085723744036,0.0762314521014629,0.07171905686404556,0.0532918856992628,0.0069702817182721866,1.2212453270876722e-15,0.05880533746577773,0.05880533746577773,0.821226072985128,-0.5650814011809515,0.18565278090688048,0.07171905686404556
6,0.2,0.2725,0.040393070338478484,0.14232107615466613,0.07545093138051155,0.07011572208406625,0.05266813020146732,0.00714425995331025,1.3322676295501878e-15,0.05754788934666324,0.057547889346663265,0.8258904176677141,-0.5578550307817133,0.1827141464931446,0.07011572208406602
6,0.2,0.275,0.04041520960937513,0.13941171585937506,0.0746757566709238,0.06852109412309737,0.052049904647638146,0.00732025790036106,8.881784197001252e-16,0.056324607905660275,0.05632460790566026,0.8305292044143939,-0.5505099194236254,0.17982692546875018,0.06852109412309715
6,0.2,0.2775,0.04043837841066293,0.13655208685072556,0.07390590960152679,0.06693506238172775,0.0514370946099556,0.0074982384447053185,1.3322676295501878e-15,0.0551345431475454,0.0551345431475454,0.8351400115523601,-0.5430445549601614,0.1769904652613885,0.06693506238172775
6,0.2,0.28,0.04046261469184005,0.13374150672383997,0.0731413718011469,0.06535751421861358,0.05082958746901678,0.007678162429692215,2.220446049250313e-16,0.053976773832845076,0.053976773832845076,0.839720337346318,-0.5354574350707866,0.17420412141568004,0.06535751421861358
6,0.2,0.28250000000000003,0.04048795744201779,0.13097930012095516,0.07238212489861162,0.06378833491318758,0.050227272388976396,0.007859988619446145,4.440892098500626e-16,0.05285040661689851,0.052850406616898535,0.8442675986933379,-0.5277470694118006,0.17146725756297293,0.06378833491318758
6,0.2,0.28500000000000003,0.04051444670873505,0.12826479868273497,0.07162815052274772,0.062227407628025366,0.04963004029392215,0.008043673661234818,2.220446049250313e-16,0.05175457521482795,0.051754575214827944,0.8487791298818991,-0.5199119818936857,0.16877924539147002,0.062227407628025366
6,0.2,0.28750000000000003,0.04054212361694359,0.1255973409997561,0.07087943030238232,0.06067461337087754,0.04903778384551882,0.00822917204750162,1.3322676295501878e-15,0.0506884395916941,0.050688439591694105,0.8532521814237,-0.5119507130894119,0.1661394646166997,0.06067461337087732
6,0.2,0.29,0.04057103038816005,0.12297627256416009,0.07013594586634167,0.05912983095636326,0.0484503974218804,0.008416436077558265,2.220446049250313e-16,0.04965118517711799,0.04965118517711798,0.8576839189673313,-0.5038618227781115,0.16354730295232014,0.05912983095636326
6,0.2,0.2925,0.04060121035978974,0.12040094572147754,0.06939767884345352,0.05759293696732759,0.04786777709770529,0.008605415818941253,1.4432899320127035e-15,0.048642022103684034,0.04864202210368405,0.8620714223034929,-0.4956438926284203,0.16100215608126728,0.05759293696732759
6,0.2,0.295,0.040632708004615124,0.1178707196226154,0.06866461086254426,0.05606380571585823,0.04728982062561671,0.008796059068431283,1.1102230246251565e-15,0.04766018446843998,0.04766018446844001,0.866411684471962,-0.4872955290257141,0.15850342762723052,0.05606380571585823
6,0.2,0.2975,0.04066556895045661,0.11538496017601917,0.06793672355244092,0.05454230920396852,0.046716427418769246,0.008988311312734032,6.661338147750939e-16,0.04670492961684958,0.0467049296168496,0.8707016109811405,-0.4788153660472629,0.15605052912647577,0.05454230920396874
6,0.2,0.3,0.040699840000000126,0.11294304000000031,0.0672139985419706,0.05302831708394096,0.046147498534670595,0.009182115688823433,9.992007221626409e-16,0.045775537448550625,0.045775537448550625,0.87493801915156,-0.4702020685891854,0.15364288000000043,0.05302831708394096
6,0.2,0.3025,0.04073556915079411,0.1105443383752318,0.0664964174599601,0.05152169661833206,0.04558293666024005,0.009377412943948782,1.3322676295501878e-15,0.044871309744300834,0.04487130974430083,0.8791176375953321,-0.46145433564882316,0.1512799075260259,0.051521696618331836
6,0.2,0.305,0.040772805615415124,0.10818824119741535,0.06578396193523638,0.05002231263964241,0.04502264609810913,0.009574141395303437,1.3322676295501878e-15,0.04399156951350891,0.0439915695135089,0.8832371058441058,-0.4525709037659201,0.14896104681283048,0.05002231263964263
6,0.2,0.3075,0.040811599841802236,0.10587414093011484,0.0650766135966263,0.04853002750964808,0.044466532754156685,0.009772236889355135,9.992007221626409e-16,0.043135660361760184,0.043135660361760204,0.8872929741386996,-0.4435505506256325,0.14668574077191707,0.04853002750964808
6,0.2,0.31,0.040852003533760124,0.10360143655776005,0.06437435407295684,0.047044701078393425,0.04391450412629139,0.009971632760840565,6.661338147750939e-16,0.04230294587776777,0.04230294587776777,0.8912817033941416,-0.43439209882605967,0.14445344009152017,0.047044701078393425
6,0.2,0.3125,0.040894069671630985,0.10136953353881846,0.06367716499305501,0.04556619064284795,0.04336646929447996,0.010172259791421778,7.771561172376096e-16,0.04149280903919146,0.041492809039191454,0.8951996653544317,-0.4250944198125404,0.14226360321044945,0.04556619064284795
6,0.2,0.315,0.04093785253313513,0.0991778437591352,0.0629850279857477,0.04409435090522518,0.04282233891203613,0.010374046168004192,1.1102230246251565e-15,0.04070465163678513,0.04070465163678513,0.8990431429518915,-0.4156564379804817,0.14011569629227033,0.04409435090522518
6,0.2,0.3175,0.040983407714380284,0.09702578548544291,0.0622979246798617,0.042629033930962734,0.042282025198173034,0.010576917440718203,4.440892098500626e-16,0.0399378937163465,0.03993789371634649,0.9028083308864893,-0.40607713494795233,0.1380091931998232,0.042629033930962956
6,0.2,0.32,0.04103079215104013,0.09491278331904032,0.06161583670422422,0.04117008910636821,0.04174544193184171,0.01078079648056307,1.3322676295501878e-15,0.03919197303795917,0.03919197303795916,0.9064913364410534,-0.3963555539986439,0.13594357547008046,0.04117008910636821
6,0.2,0.3225,0.04108006413970036,0.09283826814963786,0.060938745687661854,0.039717363095922886,0.0412125044468421,0.010985603436713287,4.440892098500626e-16,0.038466344552027576,0.03846634455202756,0.9100881805487273,-0.38649080469514013,0.13391833228933822,0.03971736309592311
6,0.2,0.325,0.04113128335937518,0.09080167710937515,0.060266633259001806,0.03827069979925324,0.04068312962826082,0.011191255693486557,1.1102230246251565e-15,0.037760479891626425,0.037760479891626425,0.9135947991294651,-0.37648206766166603,0.13193296046875033,0.03827069979925324
6,0.2,0.3275,0.04118451089319099,0.0888024535270036,0.05959948104707083,0.03682994030775966,0.04015723591020559,0.011397667826976265,9.992007221626409e-16,0.037073866880689935,0.03707386688068994,0.9170070447127319,-0.3663285995346681,0.12998696442019458,0.03682994030775966
6,0.2,0.33,0.041239809250240206,0.0868400468822402,0.05893727068069598,0.035394922860911615,0.03963474327489658,0.011604751561343996,1.4432899320127035e-15,0.03640600905758973,0.03640600905758972,0.9203206883638868,-0.3560297380786643,0.1280798561324804,0.035394922860911615
6,0.2,0.3325,0.041297242387602275,0.08491391276028978,0.05827998378870403,0.03396548280220357,0.039115573253101,0.011812415724776315,1.1102230246251565e-15,0.03575642521365459,0.03575642521365459,0.9235314219319608,-0.3455849074638311,0.12621115514789205,0.03396548280220357
6,0.2,0.335,0.04135687573253513,0.08302351280653515,0.05762760199992202,0.03254145253477381,0.03859964892595813,0.012020566205104055,8.881784197001252e-16,0.035124648946204026,0.035124648946204026,0.9266348606367326,-0.3349936237006666,0.12438038853907028,0.03254145253477381
6,0.2,0.3375,0.0414187762048341,0.08116831468139653,0.056980106943176845,0.03112266147668552,0.03808689492819872,0.012229105905082527,6.661338147750939e-16,0.03451022822567523,0.03451022822567524,0.9296265460130441,-0.3242555002259804,0.12258709088623063,0.031122661476685298
6,0.2,0.34,0.04148301223936013,0.07934779201536005,0.05633748024729551,0.02970893601587088,0.03757723745279906,0.012437934697336006,8.881784197001252e-16,0.03391272497643884,0.033912724976438845,0.932501949230297,-0.31337025363315624,0.12083080425472018,0.02970893601587088
6,0.2,0.3425,0.04154965380873661,0.07756142436417418,0.05569970354110493,0.02830009946473666,0.03707060425708941,0.012646949378964045,8.881784197001252e-16,0.03333171467090754,0.03333171467090754,0.9352564748049205,-0.3023377095383195,0.11911107817291079,0.02830009946473644
6,0.2,0.34500000000000003,0.04161877244621507,0.07580869716421505,0.05506675845343185,0.0268959720144335,0.03656692467035261,0.012856043625809166,4.440892098500626e-16,0.032766785936555236,0.03276678593655524,0.9378854647233361,-0.2911578085726133,0.11742746961043013,0.026895972014433722
6,0.2,0.34750000000000003,0.04169044126870974,0.07408910168802225,0.05443862661310349,0.025496370688787406,0.0360661296029442,0.013065107946389931,8.881784197001252e-16,0.032217540175474645,0.03221754017547464,0.9403842029925402,-0.27983061248929125,0.11577954295673198,0.02549637068878763
6,0.2,0.35000000000000003,0.041764735000000046,0.07240213500000008,0.05381528964894648,0.024101109297892886,0.03556815155696391,0.013274029635492512,3.3306690738754696e-16,0.03168359119611046,0.03168359119611045,0.9427479206348817,-0.26835631037270263,0.11416687000000011,0.024101109297892886
6,0.2,0.3525,0.04184172999410347,0.07074729991229088,0.053196729189787996,0.022709998391369002,0.03507292463853151,0.013482692727429413,4.440892098500626e-16,0.031164564856820478,0.031164564856820485,0.9449718011428883,-0.2567352249346076,0.11258902990639436,0.022709998391369002
6,0.2,0.355,0.04192150425881513,0.06912410494081525,0.052582926864454954,0.021322845211279695,0.03458038457168833,0.013690977948955352,1.4432899320127035e-15,0.030660098720920993,0.030660098720920983,0.9470509864091047,-0.2449678188814931,0.11104560919963039,0.021322845211279695
6,0.2,0.3575,0.04200413747941781,0.06753206426148027,0.051973864301773975,0.01993945364471239,0.03409046871397914,0.013898762671851417,5.551115123125783e-16,0.03016984172288801,0.030169841722888006,0.9489805831448368,-0.2330547013347002,0.10953620174089808,0.01993945364471239
6,0.2,0.36,0.042089711042560055,0.06597069766656014,0.05136952313057236,0.018559624176024636,0.03360311607377142,0.014105920865166821,6.661338147750939e-16,0.02969345384539519,0.0296934538453952,0.9507556698004016,-0.2209966342833622,0.10806040870912019,0.018559624176024636
6,0.2,0.3625,0.04217830806030281,0.06443953052124028,0.05076988497967684,0.017183153838748133,0.033118267329328877,0.014312323047125375,5.551115123125783e-16,0.029230605806873235,0.029230605806873235,0.9523713039980114,-0.20879453904809486,0.10661783858154308,0.017183153838748133
6,0.2,0.365,0.04227001339433512,0.06293809372033499,0.050174931477914415,0.015809836167158586,0.03263586484972836,0.01451783623669578,5.551115123125783e-16,0.02878097875929452,0.028780978759294515,0.9538225304866849,-0.19644950273150513,0.1052081071146701,0.015809836167158586
6,0.2,0.3675,0.04236491368035849,0.06146592364517103,0.04958464425411207,0.01443946114750716,0.03215585271765131,0.014722323904820422,1.4432899320127035e-15,0.02834426399588667,0.02834426399588667,0.9551043896266526,-0.18396278462945675,0.10383083732552953,0.01443946114750716
6,0.2,0.37,0.04246309735264013,0.06002256212064028,0.04899900493709662,0.01307181516891287,0.03167817675411355,0.014925645925311537,1.6653345369377348e-15,0.027920162668493072,0.027920162668493072,0.9562119264085219,-0.17133582257504204,0.10248565947328041,0.013071815168913092
6,0.2,0.3725,0.04256465466873474,0.0586075563724222,0.04841799515569491,0.011706680973920358,0.031202784545203976,0.01512765852540543,8.881784197001252e-16,0.02750838551430604,0.027508385514306035,0.9571402000100289,-0.15857023918515717,0.10117221104115695,0.011706680973920358
6,0.2,0.375,0.04266967773437505,0.0572204589843751,0.047841596538734016,0.010343837608717932,0.030729625470886646,0.015328214235983184,2.220446049250313e-16,0.02710865259170537,0.02710865259170537,0.9578842938905254,-0.14566784797751464,0.09989013671875015,0.010343837608717932
6,0.2,0.3775,0.04277826052853161,0.055860827856094114,0.04726979071504095,0.00898306037301877,0.030258650735936254,0.015527161841449866,8.881784197001252e-16,0.026720693024943926,0.02672069302494393,0.958439326420389,-0.1326306593239116,0.09863908838462573,0.00898306037301877
6,0.2,0.38,0.042890498928640136,0.05452822616064016,0.046702559313442485,0.007624120769604614,0.029789813403077403,0.01572434632927977,1.4432899320127035e-15,0.02634424475743092,0.026344244757430923,0.9588004620393358,-0.11946088620369977,0.09741872508928029,0.007624120769604614
6,0.2,0.3825,0.04300649073599911,0.05322222230243657,0.04613988396276554,0.006266786453532847,0.029323068428413257,0.015919608839222388,8.881784197001252e-16,0.02597905431337102,0.02597905431337102,0.958962922934163,-0.10616094971941581,0.09622871303843568,0.006266786453532847
6,0.2,0.385,0.04312633570133513,0.051942389875335115,0.045581746291837165,0.004910821181004055,0.028858372699210877,0.016112786612170638,1.3322676295501878e-15,0.025624876567524095,0.025624876567524088,0.9589220012227212,-0.09273348433486772,0.09506872557667025,0.004910821181004055
6,0.2,0.3875,0.04325013555053718,0.05068830762084966,0.045028127929484144,0.003555984757893871,0.028395685074116495,0.016303712938692483,2.220446049250313e-16,0.025281474522857672,0.02528147452285767,0.9586730716269626,-0.0791813427942577,0.09393844317138683,0.003555984757894093
6,0.2,0.39,0.04337799401056013,0.04945955938656006,0.04447901050453358,0.002202032987946856,0.027934966425915975,0.016492217107224816,5.551115123125783e-16,0.02494861909587538,0.02494861909587538,0.9582116046137277,-0.0655076006794959,0.09283755339712019,0.002202032987947078
6,0.2,0.3925,0.043510016835496025,0.04825573408468354,0.04393437564581235,0.0008487176206326552,0.02747617968688476,0.01667812435192939,1.2212453270876722e-15,0.024626088909404684,0.02462608890940468,0.9575331799775215,-0.05171556056153753,0.09176575092017956,0.0008487176206326552
6,0.2,0.395,0.04364631183281514,0.04707642565081504,0.04339420498214718,0.0,0.027019289896856535,0.016861255800211472,1.4432899320127035e-15,0.0243136700926418,0.024313670092641803,0.9566335008349398,-0.03780875570050807,0.09072273748363019,-0.0005042137013359094
6,0.2,0.3975,0.04378698888977537,0.04592123300283787,0.0428584801423653,0.0,0.026564264254084202,0.01704142841990186,1.3322676295501878e-15,0.024011156088253445,0.024011156088253452,0.9555084079956411,-0.023790953248603364,0.08970822189261324,-0.0018570174948202567
6,0.2,0.4,0.043932160000000095,0.044789759999999956,0.04232718275529334,0.0,0.026111072168986782,0.01721845496609986,4.440892098500626e-16,0.023718347466342424,0.023718347466342424,0.9541538946698475,-0.009666156909136525,0.08872192000000005,-0.0032099544894135246
6,0.2,0.4025,0.04408193929022529,0.04368161540216274,0.0418002944497585,0.0,0.025659685320893244,0.017392143927679404,2.220446049250313e-16,0.02343505174509345,0.023435051745093458,0.9525661214673647,0.004561390994994252,0.08776355469238803,-0.0037626419048084614
6,0.2,0.405,0.04423644304721514,0.042596412829215106,0.04127779685458769,0.0,0.025210077717865098,0.017562299473458776,1.3322676295501878e-15,0.023161083217917197,0.023161083217917204,0.9507414316380226,0.018887208090148766,0.08683285587643025,-0.0026372319492549146
6,0.2,0.40750000000000003,0.04439578974484591,0.041533770720658406,0.04075967159860759,0.0,0.024762225759706546,0.017728721398030833,6.661338147750939e-16,0.022896262786921077,0.022896262786921074,0.9486763664983533,0.0333065712041718,0.08592956046550432,-0.001548198244101573
6,0.2,0.41000000000000003,0.04456010007136012,0.04049331229536002,0.04024590031064537,0.0,0.024316108304277773,0.0178912050672575,7.771561172376096e-16,0.022640417802540162,0.02264041780254016,0.9463676809842579,0.047814516347275404,0.08505341236672014,-0.0004948239694293477
6,0.2,0.41250000000000003,0.04472949695678725,0.0394746655114747,0.03973646461952791,0.00052359821610648,0.023871706737174314,0.018049541363425625,7.196604031789455e-05,0.022393381909164047,0.022393381909164053,0.9438123592644315,0.06240583946539685,0.08420416246826196,0.00052359821610648
6,0.2,0.41500000000000004,0.04490410560053516,0.03847746302653512,0.03923134615408208,0.0015077662550939674,0.02342900504490497,0.018203516630065364,0.00021689150210202346,0.022154994896606932,0.02215499489660692,0.9410076303444695,0.07707509800809381,0.08338156862707027,0.0015077662550939674
6,0.2,0.4175,0.04508405349914909,0.037501342157711566,0.03873052654313476,0.0024583687708463753,0.022987989891654736,0.01835291261643257,0.00036990733055053404,0.021925102557270013,0.021925102557270013,0.9379509835869456,0.09181661335066327,0.08258539565686066,0.0024583687708463753
6,0.2,0.42,0.0452694704742402,0.03654594484224015,0.03823398741551309,0.0033760851465458597,0.022548650699716233,0.018497506421651266,0.0005310720436811911,0.02170355654885142,0.021703556548851418,0.9346401840683805,0.1066244741074222,0.08181541531648034,0.0033760851465458597
6,0.2,0.4225,0.04546048870058155,0.035610917598018946,0.03774171040004361,0.004261585604049323,0.022110979733680702,0.01863707043852081,0.0007004240646175663,0.02149021426246433,0.02149021426246433,0.9310732876899689,0.12149254036971896,0.08107140629860049,0.004261585604049323
6,0.2,0.425,0.04565724273437519,0.03469591148437511,0.0372536771255538,0.005115531282357422,0.021674972188488795,0.018771372296984445,0.0008779816107868932,0.02128493869603191,0.02128493869603191,0.9272486559553303,0.1364144488984138,0.0803531542187503,0.005115531282357422
6,0.2,0.4275,0.04585986954168474,0.03380058206299714,0.03676986922087009,0.005938574315745848,0.021240626281366692,0.018900174807259917,0.0010637427877051575,0.021087598332825794,0.021087598332825794,0.9231649703253506,0.15138361929621352,0.07966045160468188,0.005938574315745848
6,0.2,0.43,0.04606850852704019,0.0329245893590401,0.03629026831481975,0.006731357911559321,0.02080794334776659,0.019023235902634106,0.001257685883727655,0.020898067025030533,0.020898067025030526,0.9188212460576156,0.16639326118030673,0.07899309788608029,0.006731357911559321
6,0.2,0.4325,0.046283301562208404,0.032067597822395905,0.0358148560362294,0.007494516427666964,0.020376927941297862,0.01914030858191862,0.001459769857626414,0.02071622388220935,0.020716223882209353,0.9142168454359032,0.18143638237043436,0.07835089938460431,0.007494516427666964
6,0.2,0.435,0.046504393015135204,0.03122927628913511,0.03534361401392634,0.00822867544958239,0.019947587937726663,0.019251140851569204,0.0016699350069064867,0.020541953164562525,0.020541953164562532,0.9093514902939166,0.19650579810158209,0.07773366930427031,0.008228675449582612
6,0.2,0.4375,0.04673192977905287,0.030409297943115254,0.03487652387673711,0.00893445186724362,0.019519934643008274,0.019355475667466093,0.0018881038011242524,0.02037514418086509,0.020375144180865088,0.9042252737368509,0.21159414126419157,0.07714122772216812,0.00893445186724362
6,0.2,0.44,0.046966061301760134,0.029607340277760054,0.03441356725348894,0.009612453951457711,0.019093982905375118,0.019453050876358846,0.0021141818616146058,0.020215691190983296,0.020215691190983293,0.8988386709646436,0.2266938736680431,0.0765734015795202,0.009612453951457933
6,0.2,0.4425,0.047206939615067875,0.028823085058005255,0.03395472577300859,0.010263281430006765,0.018669751231393028,0.01954359915697168,0.002348059066707986,0.020063493312866443,0.020063493312866436,0.8931925491018297,0.24179729831882407,0.07603002467307313,0.010263281430006765
6,0.2,0.445,0.04745471936441512,0.028056218282415113,0.03349998106412313,0.01088752556341599,0.018247261905933176,0.01962684796077241,0.0025896107600830165,0.01991845443392146,0.019918454433921463,0.8872881759409428,0.25689657268895416,0.07551093764683023,0.01088752556341599
6,0.2,0.4475,0.04770955783865348,0.027306430145465903,0.0330493147556593,0.01148576922038691,0.017826541115914862,0.019702519452404088,0.0028386990390797395,0.019780483126677365,0.01978048312667736,0.8811272275093072,0.2719837229565895,0.07501598798411938,0.01148576922038691
6,0.2,0.45,0.047971615000000065,0.026573414999999986,0.032602708476444114,0.012058586952888195,0.01740761907766497,0.019770330449778717,0.0030951740997929855,0.01964949256865442,0.01964949256865442,0.8747117943729875,0.287050659178755,0.07454503000000005,0.012058586952888195
6,0.2,0.4525,0.04824105351415973,0.025856871319847076,0.03216014385530459,0.012606545070914965,0.016990530167645956,0.019829992363832982,0.003358875616317314,0.019525400466354058,0.019525400466354058,0.8680443865965025,0.302089191356673,0.0740979248340068,0.012606545070915187
6,0.2,0.455,0.04851803878061514,0.025156501662615082,0.03172160252106766,0.013130201716905265,0.016575313056278906,0.019881211137947385,0.0036296341327208825,0.01940812898329232,0.01940812898329232,0.8611279372827763,0.3170910463432242,0.07367454044323023,0.013130201716905265
6,0.2,0.4575,0.04880273896308661,0.02447201263264896,0.03128706610256003,0.01363010693982214,0.016162010844482655,0.019923687187027195,0.003907272447918886,0.01929760467200195,0.01929760467200195,0.8539658046246006,0.3320478855346081,0.07327475159573557,0.01363010693982214
6,0.2,0.46,0.049095325020160153,0.023803114844160023,0.030856516228608893,0.014106802768897753,0.015750671202502176,0.019957115336247,0.004191606975638584,0.019193758409934224,0.019193758409934224,0.8465617724066404,0.34695132328036676,0.07289843986432018,0.014106802768897753
6,0.2,0.4625,0.04939597073608417,0.023149522884521566,0.030429934528041082,0.014560823287039115,0.015341346510449716,0.019981184759455983,0.004482449063847094,0.019096525339191952,0.019096525339191955,0.8389200489056373,0.3617929459385137,0.07254549362060574,0.014560823287039115
6,0.2,0.465,0.04970485275173515,0.022510955277735036,0.0300073026296834,0.014992694703896747,0.014934093999938725,0.019995578917247014,0.004779606260442271,0.01900584481003364,0.019005844810033635,0.8310452641459851,0.3765643314951581,0.07221580802947018,0.014992694703896747
6,0.2,0.4675,0.0500221505957523,0.02188713444806465,0.02958860216236295,0.015402935428596498,0.014528975896031415,0.019999975494688238,0.005082883514386349,0.018921660328089618,0.018921660328089614,0.822942465478096,0.39125706966136514,0.07190928504381695,0.015402935428596498
6,0.2,0.47000000000000003,0.050348046715840145,0.021277786683840023,0.02917381475490656,0.01579205614213297,0.01412605955857582,0.019994046338716487,0.005392084303831979,0.018843919505234445,0.01884391950523444,0.8146171114579124,0.40586278235374684,0.07162583339968016,0.01579205614213297
6,0.2,0.47250000000000003,0.050682726510241,0.02068264210142843,0.02876292203614125,0.01616055986942566,0.013725417621904379,0.01997745739519341,0.005707011685093688,0.01877257401406656,0.018772574014066564,0.8060750640174802,0.4203731444596933,0.07136536861166942,0.01616055986942566
6,0.2,0.47500000000000003,0.051026378359375124,0.02010143460937499,0.028355905634893784,0.01650894205103759,0.013327128131637278,0.019949868645624536,0.006027469258371276,0.018707579545946002,0.018707579545946,0.797322578928496,0.4347799047833364,0.07112781296875012,0.01650894205103759
6,0.2,0.47750000000000004,0.051379193657650424,0.01953390187271278,0.02795274717999135,0.016837690614557088,0.012931274677211002,0.019910934043540607,0.0063532620480869495,0.018648895772548628,0.01864889577254863,0.7883662945731282,0.4490749070642712,0.07091309553036321,0.016837690614557088
6,0.2,0.48,0.05174136684544015,0.018979785277440032,0.027553428300260634,0.017147286045641197,0.012537946518490495,0.01986030145054052,0.006684197297324723,0.018596486310894972,0.018596486310894965,0.7792132190489686,0.46325011095797564,0.07072115212288019,0.017147286045641197
6,0.2,0.4825,0.052113095441230405,0.018438829895167715,0.027157930624528648,0.01743820145872177,0.012147238704652619,0.019797612571998524,0.0070200851773458695,0.018550318691819032,0.01855031869181903,0.7698707156477196,0.47729761286457695,0.07055192533639812,0.01743820145872177
6,0.2,0.485,0.05249458007393515,0.017910784447935046,0.026766235781622415,0.01771090266737474,0.011759252183260238,0.019722502892433047,0.007360739414331019,0.01851036433184345,0.01851036433184345,0.7603464867597682,0.4912096664914965,0.0704053645218702,0.01771090266737474
6,0.2,0.4875,0.05288602451538107,0.01739540127319341,0.02637832540036876,0.01796584825435077,0.01137409389719024,0.019634601610536873,0.007705977836474087,0.018476598508431512,0.01847659850843151,0.7506485562692451,0.5049787030353232,0.07028142578857448,0.01796584825435077
6,0.2,0.49,0.05328763571296013,0.01689243628896001,0.025994181109594557,0.018203489641269055,0.010991876866830563,0.019533531573871832,0.008055622845328458,0.018449000338591176,0.018449000338591176,0.7407852505162249,0.5185973508691233,0.07018007200192014,0.018203489641269055
6,0.2,0.4925,0.05369962382245226,0.016401648959139637,0.025613784538126877,0.018424271157974514,0.010612720254648544,0.019418909213224422,0.008409501815849207,0.018427552760808465,0.018427552760808468,0.7307651779142269,0.5320584546234775,0.0701012727815919,0.018424271157974514
6,0.2,0.495,0.054122202241015174,0.01592280225901502,0.02523711731479257,0.018628630111555022,0.010236749408936596,0.019290344476625476,0.008767447429943842,0.018412242520290518,0.018412242520290518,0.7205972073220922,0.5453550935525129,0.07004500450003019,0.018628630111555244
6,0.2,0.4975,0.05455558764034417,0.015455662640906496,0.024864161068418572,0.01881699685502425,0.009864095883265533,0.019147440763030543,0.009129297948616166,0.018403060157504637,0.018403060157504633,0.7102904452794013,0.5584805990803569,0.07001125028125066,0.01881699685502425
6,0.2,0.5,0.05500000000000018,0.015000000000000003,0.02449489742783182,0.018989794855663655,0.009494897427832605,0.018989794855663655,0.009494897427832605,0.018400000000000073,0.018400000000000066,0.6998542122237644,0.5714285714285724,0.07000000000000019,0.018989794855663655
6,0.2,0.5025000000000001,0.05545566264090666,0.014555587640343965,0.024129308021859235,0.019147440763030543,0.009129297948615278,0.018816996855024026,0.009864095883264756,0.018403060157504578,0.018403060157504585,0.6892980178164649,0.584192895231239,0.07001125028125062,0.019147440763030543
6,0.2,0.505,0.055922802259015136,0.014122202241015033,0.023767374479327814,0.019290344476625476,0.008767447429943509,0.018628630111555022,0.010236749408936152,0.018412242520290494,0.018412242520290494,0.6786315355099328,0.5967677540513557,0.07004500450003016,0.019290344476625698
6,0.2,0.5075000000000001,0.056401648959139815,0.013699623822452078,0.02340907842906433,0.019418909213224422,0.008409501815848985,0.018424271157974514,0.010612720254648433,0.018427552760808458,0.018427552760808458,0.6678645764962884,0.6091476437201151,0.0701012727815919,0.019418909213224644
6,0.2,0.51,0.05689243628896014,0.013287635712960048,0.02305440149989593,0.019533531573871832,0.008055622845329125,0.018203489641269055,0.010991876866831118,0.018449000338591218,0.01844900033859121,0.657007063180703,0.6213273844291158,0.07018007200192018,0.01953353157387161
6,0.2,0.5125,0.05739540127319347,0.012886024515380907,0.02270332532064935,0.019634601610536873,0.007705977836473643,0.01796584825435077,0.011374093897189796,0.018476598508431478,0.018476598508431474,0.6460690023263649,0.6333021315149305,0.07028142578857438,0.019634601610536873
6,0.2,0.515,0.05791078444793524,0.012494580073935021,0.022355831520151585,0.019722502892433047,0.007360739414331352,0.01771090266737474,0.011759252183260682,0.018510364331843478,0.018510364331843478,0.6350604580197043,0.6450673848850315,0.07040536452187025,0.01972250289243327
6,0.2,0.5175,0.05843882989516791,0.01211309544123028,0.022011901727229582,0.019797612571998524,0.007020085177346758,0.01743820145872177,0.012147238704653729,0.018550318691819098,0.018550318691819098,0.6239915246047439,0.6566189970444065,0.07055192533639819,0.019797612571998524
6,0.2,0.52,0.058979785277440154,0.011741366845439994,0.0216715175707102,0.01986030145054052,0.006684197297323835,0.017147286045641197,0.012537946518489718,0.018596486310894916,0.018596486310894916,0.6128722997344636,0.667953179692576,0.07072115212288015,0.019860301450540296
6,0.2,0.5225,0.05953390187271286,0.011379193657650244,0.021334660679420494,0.019910934043540607,0.006353262048086616,0.016837690614557088,0.01293127467721078,0.0186488957725486,0.0186488957725486,0.6017128576846729,0.6790665088713275,0.07091309553036311,0.019910934043540385
6,0.2,0.525,0.06010143460937517,0.011026378359374997,0.021001312682187297,0.019949868645624536,0.006027469258371387,0.01650894205103759,0.013327128131637389,0.018707579545946016,0.01870757954594602,0.5905232230720823,0.6899559286542549,0.07112781296875016,0.019949868645624536
6,0.2,0.5275,0.06068264210142854,0.010682726510240874,0.020671455207837603,0.01997745739519341,0.005707011685093355,0.01616055986942566,0.013725417621904157,0.018772574014066543,0.018772574014066547,0.5793133451133742,0.7006187533796588,0.07136536861166942,0.019977457395193632
6,0.2,0.53,0.06127778668384009,0.010348046715840012,0.020345069885198262,0.019994046338716487,0.005392084303831757,0.01579205614213297,0.01412605955857571,0.018843919505234424,0.018843919505234424,0.5680930725558337,0.7110526684388645,0.0716258333996801,0.019994046338716487
6,0.2,0.5325,0.06188713444806474,0.01002215059575215,0.020022138343096307,0.019999975494688238,0.005082883514386349,0.015402935428596498,0.014528975896031415,0.01892166032808961,0.018921660328089604,0.5568721294029305,0.7212557296419985,0.07190928504381688,0.019999975494688238
6,0.2,0.535,0.06251095527773516,0.009704852751735007,0.019702642210358525,0.019995578917247014,0.00477960626044216,0.014992694703896747,0.014934093999938725,0.019005844810033624,0.019005844810033624,0.545660091549988,0.7312263611929786,0.07221580802947017,0.019995578917247014
6,0.2,0.5375,0.06314952288452164,0.009395970736083998,0.01938656311581197,0.019981184759455983,0.00448244906384665,0.014560823287039115,0.01534134651044905,0.019096525339191907,0.019096525339191907,0.5344663644360526,0.7409633523145484,0.07254549362060564,0.019981184759455983
6,0.2,0.54,0.06380311484416018,0.009095325020160024,0.01907388268828353,0.019957115336247,0.0041916069756393615,0.014106802768897753,0.015750671202502953,0.019193758409934276,0.019193758409934272,0.5233001618082406,0.7504658525727466,0.07289843986432021,0.019957115336247222
6,0.2,0.5425,0.06447201263264916,0.008802738963086497,0.018764582556600105,0.019923687187027195,0.003907272447919441,0.01363010693982214,0.01616201084448321,0.019297604672002,0.019297604672002,0.5121704856845162,0.7597333659579739,0.07327475159573565,0.019923687187027195
6,0.2,0.545,0.06515650166261511,0.008518038780615014,0.018458644349588656,0.019881211137947385,0.0036296341327203274,0.013130201716905265,0.01657531305627824,0.019408128983292274,0.019408128983292278,0.5010861075899606,0.7687657437869305,0.07367454044323012,0.019881211137947385
6,0.2,0.5475,0.0658568713198473,0.00824105351415963,0.01815604969607613,0.019829992363832982,0.003358875616318313,0.012606545070914965,0.016990530167646845,0.019525400466354134,0.019525400466354134,0.49005555113045457,0.7775631764959379,0.07409792483400693,0.019829992363832982
6,0.2,0.55,0.06657341500000029,0.007971615000000015,0.01785678022488943,0.01977033044977894,0.0030951740997942068,0.012058586952888195,0.017407619077666303,0.019649492568654534,0.01964949256865453,0.47908707595635436,0.7861261844015628,0.0745450300000003,0.01977033044977894
6,0.2,0.5525,0.06730643014546597,0.007709557838653365,0.017560817564855433,0.019702519452404088,0.0028386990390796285,0.011485769220386688,0.01782654111591464,0.019780483126677344,0.019780483126677344,0.46818866315732605,0.7944556075090166,0.07501598798411933,0.019702519452404088
6,0.2,0.555,0.06805621828241519,0.007454719364415019,0.01726814334480119,0.01962684796077241,0.0025896107600830165,0.01088752556341599,0.018247261905933065,0.019918454433921453,0.01991845443392145,0.45736800211819567,0.8025525944524421,0.07551093764683021,0.01962684796077241
6,0.2,0.5575,0.06882308505800548,0.007206939615067736,0.016978739193553524,0.01954359915697168,0.002348059066708541,0.010263281430006543,0.018669751231393583,0.020063493312866484,0.020063493312866484,0.44663247885454677,0.8104185906539592,0.07603002467307322,0.01954359915697168
6,0.2,0.56,0.0696073402777602,0.006966061301760005,0.01669258673993941,0.019453050876358846,0.002114181861614828,0.009612453951457711,0.01909398290537556,0.020215691190983324,0.020215691190983324,0.4359891658359839,0.8180553257902259,0.0765734015795202,0.019453050876358846
6,0.2,0.5625,0.0704092979431154,0.006731929779052746,0.016409667612785783,0.019355475667466093,0.0018881038011244744,0.00893445186724362,0.019519934643008496,0.020375144180865105,0.02037514418086511,0.4254448132945678,0.8254648006563113,0.07714122772216815,0.019355475667466093
6,0.2,0.5650000000000001,0.07122927628913522,0.006504393015134994,0.016129963440919527,0.019251140851568982,0.0016699350069058205,0.00822867544958239,0.019947587937725997,0.02054195316456248,0.020541953164562476,0.4150058420060571,0.8326492735168575,0.07773366930427021,0.019251140851569204
6,0.2,0.5675,0.07206759782239605,0.0062833015622083665,0.015853455853167643,0.01914030858191862,0.001459769857626747,0.007494516427666964,0.020376927941298195,0.020716223882209384,0.02071622388220938,0.40467833752225624,0.8396112460339413,0.07835089938460442,0.01914030858191862
6,0.2,0.5700000000000001,0.0729245893590402,0.006068508527040017,0.015580126478357017,0.019023235902634106,0.001257685883727544,0.006731357911559321,0.020807943347766478,0.02089806702503051,0.020898067025030515,0.39446804582410155,0.8463534488597545,0.07899309788608022,0.019023235902634106
6,0.2,0.5725,0.07380058206299729,0.005859869541684623,0.015309956945314564,0.018900174807259917,0.0010637427877058236,0.005938574315745848,0.021240626281367136,0.021087598332825842,0.021087598332825842,0.3843803703571961,0.852878826980182,0.07966045160468191,0.018900174807259917
6,0.2,0.5750000000000001,0.07469591148437521,0.005657242734375007,0.015042928882867226,0.018771372296984445,0.0008779816107867822,0.005115531282357422,0.021674972188488573,0.02128493869603188,0.021284938696031888,0.37442037040425213,0.8591905248928011,0.08035315421875022,0.018771372296984445
6,0.2,0.5775,0.07561091759801919,0.005460488700581488,0.01477902391984194,0.01863707043852081,0.0007004240646180104,0.004261585604049323,0.022110979733681146,0.021490214262464384,0.021490214262464384,0.36459276074250185,0.8652918716996342,0.08107140629860068,0.01863707043852103
6,0.2,0.58,0.0765459448422401,0.005269470474240001,0.014518223685065628,0.018497506421651266,0.0005310720436800809,0.0033760851465458597,0.02254865069971501,0.021703556548851297,0.021703556548851297,0.35490191252848696,0.871186366191346,0.08181541531648011,0.018497506421651266
6,0.2,0.5825,0.07750134215771165,0.005084053499148988,0.014260509807365238,0.01835291261643257,0.000369907330550312,0.0024583687708463753,0.022987989891654514,0.02192510255726999,0.02192510255726999,0.34535185534781826,0.8768776619955168,0.08258539565686064,0.01835291261643257
6,0.2,0.585,0.07847746302653508,0.004904105600535014,0.01400586391556769,0.018203516630065364,0.0002168915021016904,0.0015077662550939674,0.02342900504490464,0.022154994896606873,0.022154994896606876,0.3359462803634673,0.8823695528572035,0.0833815686270701,0.018203516630065364
6,0.2,0.5875,0.07947466551147486,0.004729496956787112,0.01375426763849988,0.018049541363425625,7.196604031767251e-05,0.000523598216106258,0.02387170673717398,0.022393381909164036,0.022393381909164033,0.326688544492895,0.887665958115319,0.08420416246826197,0.018049541363425403
6,0.2,0.59,0.08049331229536012,0.004560100071359998,0.013505702604988764,0.0178912050672575,3.3306690738754696e-16,0.0,0.02431610830427733,0.022640417802540145,0.02264041780254014,0.3175816755418811,0.8927709084334332,0.08505341236672012,0.0178912050672575
6,0.2,0.5925,0.08153377072065868,0.004395789744845864,0.013260150443861312,0.017728721398030833,1.2212453270876722e-15,0.0,0.024762225759707324,0.022896262786921147,0.02289626278692115,0.3086283782211234,0.8976885318385748,0.08592956046550454,0.017728721398030833
6,0.2,0.595,0.08259641282921518,0.004236443047215017,0.013017592783944397,0.017562299473458776,1.1102230246251565e-15,0.0,0.025210077717864765,0.023161083217917156,0.02316108321791716,0.29983104097069957,0.9024230401164324,0.08683285587643019,0.017562299473458776
6,0.2,0.5975,0.08368161540216294,0.004081939290225239,0.012778011254064935,0.017392143927679404,7.771561172376096e-16,0.0,0.02565968532089391,0.02343505174509352,0.023435051745093523,0.2911917435170429,0.9069787156062112,0.08776355469238818,0.017392143927679404
6,0.2,0.6,0.08478976000000017,0.003932159999999992,0.012541387483049875,0.01721845496609986,3.3306690738754696e-16,0.0,0.02611107216898667,0.023718347466342445,0.023718347466342445,0.2827122650873618,0.9113598984332174,0.08872192000000016,0.01721845496609986
6,0.2,0.6025,0.08592123300283795,0.003786988889775244,0.012307703099726213,0.01704142841990186,1.1102230246251565e-15,0.0,0.02656426425408387,0.024011156088253424,0.024011156088253417,0.2743940932071837,0.9155709742121847,0.0897082218926132,0.01704142841990186
6,0.2,0.605,0.08707642565081515,0.003646311832814995,0.012076939732920755,0.016861255800211472,4.440892098500626e-16,0.0,0.027019289896855536,0.024313670092641744,0.024313670092641744,0.2662384330080405,0.919616362249366,0.09072273748363015,0.016861255800211694
6,0.2,0.6075,0.08825573408468358,0.0035100168354958695,0.011849079011460562,0.01667812435192939,9.992007221626409e-16,0.0008487176206326552,0.027476179686884317,0.024626088909404643,0.02462608890940464,0.25824621697406996,0.9235005042665867,0.09176575092017945,0.01667812435192939
6,0.2,0.61,0.08945955938656022,0.0033779940105600086,0.011624102564172461,0.016492217107224816,1.2212453270876722e-15,0.002202032987946856,0.02793496642591653,0.024948619095875427,0.024948619095875427,0.25041811505844863,0.9272278536658466,0.09283755339712023,0.016492217107224816
6,0.2,0.6125,0.09068830762084983,0.0032501355505371162,0.011401992019883414,0.016303712938692705,1.1102230246251565e-15,0.003555984757893871,0.028395685074117383,0.025281474522857752,0.025281474522857745,0.242754545103136,0.9308028653485906,0.09393844317138694,0.016303712938692705
6,0.2,0.615,0.09194238987533516,0.003126335701334996,0.01118272900742033,0.016112786612170638,3.3306690738754696e-16,0.004910821181004055,0.028858372699209878,0.025624876567524005,0.025624876567524005,0.23525568349818227,0.9342299860996097,0.09506872557667016,0.016112786612170638
6,0.2,0.6175,0.09322222230243676,0.0030064907359989923,0.010966295155610215,0.015919608839222388,1.5543122344752192e-15,0.006266786453532847,0.029323068428414034,0.025979054313371087,0.025979054313371084,0.22792147601994941,0.9375136455415726,0.09622871303843576,0.015919608839222388
6,0.2,0.62,0.09452822616064016,0.0028904989286399965,0.010752672093279883,0.01572434632927977,4.440892098500626e-16,0.007624120769604836,0.029789813403076293,0.026344244757430822,0.026344244757430826,0.22075164879083592,0.9406582476625316,0.09741872508928015,0.01572434632927977
6,0.2,0.6225,0.09586082785609422,0.0027782605285314953,0.010541841449256396,0.015527161841449866,1.4432899320127035e-15,0.008983060373018548,0.0302586507359367,0.026720693024943946,0.026720693024943946,0.21374571930653585,0.9436681629153311,0.09863908838462572,0.015527161841449866
6,0.2,0.625,0.09722045898437533,0.0026696777343750058,0.010333784852366568,0.015328214235983184,1.2212453270876722e-15,0.010343837608717932,0.030729625470887756,0.02710865259170548,0.027108652591705473,0.20690300748035353,0.9465477208847612,0.09989013671875033,0.015328214235983184
6,0.2,0.6275000000000001,0.09860755637242241,0.002564654668734613,0.010128483931437362,0.01512765852540543,1.1102230246251565e-15,0.011706680973920358,0.03120278454520431,0.027508385514306087,0.02750838551430608,0.20022264665772854,0.9493012035154336,0.10117221104115702,0.015127658525405652
6,0.2,0.63,0.10002256212064026,0.0024630973526400075,0.009925920315295737,0.014925645925311537,1.3322676295501878e-15,0.01307181516891287,0.03167817675411322,0.02792016266849301,0.02792016266849301,0.1937035945577067,0.9519328388908463,0.10248565947328027,0.014925645925311315
6,0.2,0.6325000000000001,0.10146592364517118,0.0023649136803583657,0.00972607563276859,0.014722323904820422,1.3322676295501878e-15,0.01443946114750716,0.0321558527176512,0.028344263995886663,0.028344263995886666,0.1873446441017418,0.9544467955518088,0.10383083732552954,0.014722323904820422
6,0.2,0.635,0.10293809372033523,0.0022700133943350065,0.009528931512682864,0.01451783623669578,9.992007221626409e-16,0.015809836167158586,0.0326358648497288,0.02878097875929458,0.028780978759294577,0.1811444340937895,0.9568471773404147,0.10520810711467024,0.01451783623669578
6,0.2,0.6375000000000001,0.10443953052124053,0.002178308060302734,0.009334469583865471,0.014312323047125375,6.661338147750939e-16,0.017183153838748133,0.03311826732932899,0.02923060580687329,0.029230605806873287,0.17510145971916882,0.9591380187540244,0.10661783858154326,0.014312323047125597
6,0.2,0.64,0.10597069766656028,0.002089711042560003,0.009142671475143378,0.014105920865166821,1.1102230246251565e-15,0.018559624176024636,0.033603116073771866,0.029693453845395235,0.02969345384539524,0.16921408283312808,0.9613232807922254,0.10806040870912029,0.014105920865166821
6,0.2,0.6425,0.10753206426148045,0.0020041374794177377,0.00895351881534348,0.013898762671851417,6.661338147750939e-16,0.01993945364471239,0.03409046871397925,0.030169841722888044,0.030169841722888044,0.16348054201336165,0.9634068472785206,0.10953620174089818,0.013898762671851417
6,0.2,0.645,0.10912410494081533,0.0019215042588150075,0.008766993233292738,0.013690977948955352,1.4432899320127035e-15,0.021322845211279473,0.03458038457168833,0.030660098720920972,0.030660098720920976,0.15789896235396444,0.9653925216374715,0.11104560919963033,0.013690977948955574
6,0.2,0.6475,0.11074729991229113,0.0018417299941033574,0.008583076357818013,0.013482692727429413,6.661338147750939e-16,0.022709998391369224,0.035072924638531955,0.03116456485682055,0.031164564856820544,0.15246736498136465,0.9672840241072411,0.11258902990639448,0.01348269272742919
6,0.2,0.65,0.11240213500000024,0.0017647349999999967,0.008401749817746301,0.013274029635492512,5.551115123125783e-16,0.024101109297892886,0.035568151556964134,0.031683591196110514,0.0316835911961105,0.14718367627572312,0.9690849893668804,0.11416687000000024,0.013274029635492735
6,0.2,0.6525,0.1140891016880223,0.0016904412687096127,0.00822299524190454,0.013065107946389931,7.771561172376096e-16,0.025496370688787406,0.036066129602944086,0.03221754017547461,0.03221754017547461,0.14204573678404592,0.9707989645572992,0.11577954295673192,0.013065107946389709
6,0.2,0.655,0.11580869716421514,0.0016187724462150008,0.008046794259119604,0.012856043625809166,2.220446049250313e-16,0.0268959720144335,0.036566924670352385,0.032766785936555215,0.03276678593655522,0.13705130981388142,0.9724294076746209,0.11742746961043014,0.012856043625809166
6,0.2,0.6575,0.11756142436417412,0.0015496538087364853,0.007873128498218451,0.012646949378963823,2.220446049250313e-16,0.02830009946473666,0.037070604257088746,0.03333171467090746,0.03333171467090745,0.13219808969891492,0.9739796863145359,0.1191110781729106,0.012646949378963823
6,0.2,0.66,0.11934779201536024,0.0014830122393600018,0.00770197958802802,0.012437934697336006,7.771561172376096e-16,0.02970893601587088,0.03757723745279895,0.03391272497643885,0.03391272497643885,0.12748370973004003,0.9754530767463288,0.12083080425472023,0.012437934697336006
6,0.2,0.6625,0.12116831468139663,0.0014187762048339836,0.007533329157375207,0.012229105905082527,2.220446049250313e-16,0.03112266147668552,0.03808689492819817,0.03451022822567522,0.03451022822567519,0.12290574974760862,0.976852763295432,0.12258709088623061,0.012229105905082527
6,0.2,0.665,0.12302351280653526,0.001356875732534996,0.007367158835086969,0.012020566205104055,3.3306690738754696e-16,0.03254145253477381,0.038599648925957464,0.035124648946203985,0.03512464894620399,0.11846174339249316,0.9781818380136548,0.12438038853907026,0.012020566205104055
6,0.2,0.6675,0.12491391276028965,0.0012972423876021137,0.0072034502499902535,0.011812415724776315,4.440892098500626e-16,0.03396548280220335,0.03911557325310033,0.03575642521365447,0.035756425213654464,0.11414918501537191,0.9794433006166209,0.12621115514789177,0.011812415724776315
6,0.2,0.67,0.1268400468822404,0.0012398092502399999,0.0070421850309119365,0.011604751561343774,9.992007221626409e-16,0.035394922860911615,0.039634743274896134,0.0364060090575897,0.0364060090575897,0.10996553624525932,0.9806400586684358,0.1280798561324804,0.011604751561343774
6,0.2,0.6725,0.12880245352700356,0.0011845108931908637,0.006883344806678995,0.011397667826976265,8.881784197001252e-16,0.03682994030775966,0.04015723591020548,0.0370738668806899,0.03707386688068989,0.10590823221977815,0.981774927994136,0.12998696442019442,0.011397667826976265
6,0.2,0.675,0.1308016771093754,0.0011312833593750027,0.0067269112061183215,0.011191255693486557,1.3322676295501878e-15,0.03827069979925346,0.04068312962826104,0.037760479891626474,0.03776047989162648,0.10197468748094461,0.9828506333011005,0.13193296046875042,0.011191255693486779
6,0.2,0.6775,0.13283826814963798,0.0010800641397002376,0.0065728658580568675,0.010985603436713287,1.1102230246251565e-15,0.039717363095922886,0.041212504446842546,0.03846634455202759,0.038466344552027604,0.09816230154144713,0.9838698089912485,0.13391833228933822,0.010985603436713287
6,0.2,0.68,0.13491278331904036,0.0010307921510400025,0.006421190391321553,0.01078079648056307,1.1102230246251565e-15,0.04117008910636821,0.0417454419318416,0.03919197303795912,0.03919197303795912,0.09446846412738033,0.9848350001465592,0.13594357547008035,0.010780796480563293
6,0.2,0.6825,0.1370257854854429,0.0009834077143802363,0.006271866434739306,0.010576917440718203,5.551115123125783e-16,0.042629033930962734,0.042282025198173034,0.03993789371634645,0.039937893716346456,0.09089056010432998,0.985748663671175,0.13800919319982313,0.010576917440718203
6,0.2,0.685,0.13917784375913525,0.000937852533135002,0.00612487561713707,0.010374046168004192,8.881784197001252e-16,0.04409435090522518,0.04282233891203591,0.040704651636785105,0.0407046516367851,0.08742597409445212,0.9866131695741109,0.14011569629227025,0.01037404616800397
6,0.2,0.6875,0.14136953353881868,0.0008940696716308615,0.00598019956734176,0.010172259791421778,1.2212453270876722e-15,0.04556619064284817,0.043366469294480514,0.04149280903919153,0.04149280903919153,0.08407209479286551,0.9874308023773548,0.14226360321044954,0.010172259791421778
6,0.2,0.6900000000000001,0.14360143655776042,0.0008520035337599976,0.005837819914180294,0.009971632760840565,6.661338147750939e-16,0.04704470107839365,0.04391450412629139,0.042302945877767846,0.04230294587776784,0.08082631899221873,0.9882037626349334,0.14445344009152042,0.009971632760840565
6,0.2,0.6925,0.1458741409301151,0.000811599841802109,0.005697718286479638,0.009772236889355135,1.1102230246251565e-15,0.0485300275096483,0.04446653275415691,0.04313566036176025,0.04313566036176026,0.07768605532475122,0.9889341685492925,0.1466857407719172,0.009772236889355135
6,0.2,0.6950000000000001,0.1481882411974153,0.000772805615414999,0.005559876313066689,0.009574141395303437,5.551115123125783e-16,0.05002231263964241,0.04502264609810824,0.043991569513508785,0.04399156951350877,0.07464872773152136,0.9896240576721237,0.14896104681283032,0.009574141395303215
6,0.2,0.6975,0.15054433837523182,0.0007355691507939855,0.0054242756227684,0.009377412943948782,8.881784197001252e-16,0.051521696618331836,0.045582936660239715,0.04487130974430076,0.04487130974430076,0.07171177866875973,0.9902753886775422,0.1512799075260258,0.009377412943948782
6,0.2,0.7000000000000001,0.15294304000000036,0.0006998400000000019,0.0052908978444116805,0.009182115688823433,8.881784197001252e-16,0.05302831708394096,0.046147498534670484,0.04577553744855058,0.04577553744855058,0.06887267206149308,0.9908900431962744,0.15364288000000037,0.009182115688823433
6,0.2,0.7025,0.15538496017601916,0.0006655689504564866,0.005159724606823464,0.008988311312734032,7.771561172376096e-16,0.05454230920396852,0.04671642741876936,0.046704929616849564,0.04670492961684955,0.06612889601472119,0.9914698277002693,0.15605052912647566,0.008988311312734032
6,0.2,0.705,0.15787071962261523,0.0006327080046149997,0.005030737538830671,0.008796059068431283,4.440892098500626e-16,0.056063805715858006,0.04728982062561593,0.04766018446843985,0.04766018446843982,0.0634779652924857,0.9920164754278625,0.15850342762723024,0.008796059068431283
6,0.2,0.7075,0.16040094572147753,0.0006012103597896107,0.00490391826926026,0.008605415818941253,1.3322676295501878e-15,0.05759293696732737,0.04786777709770518,0.04864202210368399,0.048642022103683985,0.060917423575184516,0.9925316483403348,0.16100215608126714,0.008605415818941253
6,0.2,0.71,0.16297627256416009,0.000571030388160003,0.004779248426939133,0.008416436077558265,5.551115123125783e-16,0.05912983095636326,0.04845039742188062,0.04965118517711801,0.04965118517711799,0.058444845505431,0.9930169391013868,0.1635473029523201,0.008416436077558265
6,0.2,0.7125,0.1655973409997563,0.0005421236169433586,0.004656709640694211,0.00822917204750162,6.661338147750939e-16,0.06067461337087754,0.04903778384551816,0.05068843959169401,0.05068843959169403,0.05605783853267742,0.9934738730717101,0.16613946461669965,0.00822917204750162
6,0.2,0.715,0.1682647986827355,0.0005144467087350006,0.004536283539352461,0.008043673661234818,1.1102230246251565e-15,0.06222740762802559,0.04963004029392315,0.051754575214828194,0.0517545752148282,0.05375404456668709,0.9939039103114631,0.1687792453914705,0.008043673661234818
6,0.2,0.7175,0.17097930012095552,0.000487957442017737,0.004417951751740793,0.007859988619446145,1.3322676295501878e-15,0.0637883349131878,0.050227272388977506,0.052850406616898715,0.05285040661689871,0.05153114144976922,0.9943084475840698,0.17146725756297326,0.007859988619446145
6,0.2,0.72,0.17374150672384017,0.00046261469184000133,0.004301695906686118,0.007678162429692215,4.440892098500626e-16,0.0653575142186138,0.050829587469017,0.05397677383284514,0.05397677383284513,0.049386844257508146,0.9946888203553332,0.17420412141568017,0.007678162429692437
6,0.2,0.7225,0.17655208685072554,0.0004383784106627369,0.0041874976330153945,0.0074982384447053185,1.1102230246251565e-15,0.06693506238172775,0.05143709460995538,0.0551345431475453,0.055134543147545303,0.04731890643748623,0.9950463047824037,0.17699046526138829,0.0074982384447053185
6,0.2,0.725,0.17941171585937504,0.0004152096093750011,0.004075338559555523,0.00732025790036106,2.220446049250313e-16,0.06852109412309737,0.05204990464763748,0.056324607905660136,0.05632460790566013,0.045325120795258515,0.9953821196876643,0.17982692546875004,0.00732025790036106
6,0.2,0.7275,0.18232107615466622,0.00039307033847835887,0.003965200315133448,0.00714425995331025,4.440892098500626e-16,0.07011572208406602,0.052668130201466434,0.05754788934666318,0.05754788934666317,0.04340332033658075,0.9956974285130888,0.18271414649314457,0.00714425995331025
6,0.2,0.73,0.18528085723744037,0.000371923669440002,0.00385706452857612,0.0069702817182721866,1.4432899320127035e-15,0.07171905686404556,0.05329188569926291,0.05880533746577769,0.0588053374657777,0.041551378974611156,0.9959933412510902,0.18565278090688037,0.0069702817182721866
6,0.2,0.7325,0.18829175575352747,0.00035173367621460874,0.0037509128287104175,0.006798358304991536,4.440892098500626e-16,0.07333120705747231,0.053921287403404405,0.06009793190158145,0.06009793190158148,0.03976721211051811,0.9962709163483152,0.18864348942974207,0.006798358304991536
6,0.2,0.735,0.19135447554293553,0.0003324654169350011,0.003646726844363324,0.0066285228548566,1.6653345369377348e-15,0.07495227929042714,0.05455645343824056,0.06142668285104454,0.06142668285104454,0.038048777095637025,0.9965311625792537,0.19168694095987052,0.0066285228548566
6,0.2,0.7375,0.19446972768920923,0.00031408491577148605,0.0035444882043617356,0.006460806577180511,1.2212453270876722e-15,0.07658237825691527,0.05519750381877109,0.06279263201279271,0.06279263201279273,0.03639407358300267,0.9967750408869094,0.1947838126049807,0.006460806577180511
6,0.2,0.74,0.19763823056896057,0.0002965591449600007,0.0034441785375325805,0.006295238785145152,1.3322676295501878e-15,0.0782216067548116,0.05584456048064679,0.06419685355941597,0.06419685355941597,0.03480114377579127,0.997003466188146,0.19793478971392056,0.006295238785145152
6,0.2,0.7425,0.20086070990156205,0.00027985600699898563,0.0033457794727028054,0.0061318469314075585,1.5543122344752192e-15,0.0798700657214646,0.056497747311451074,0.0656404551396484,0.06564045513964839,0.03326807257988729,0.9972173091416456,0.20114056590856103,0.0061318469314075585
6,0.2,0.745,0.2041378987990153,0.0002639443170150021,0.0032492726386993314,0.005970656643368599,1.3322676295501878e-15,0.08152785426896747,0.057157190183313444,0.06712457891128704,0.06712457891128705,0.031792987667482585,0.9974173978767386,0.20440184311603032,0.005970656643368599
6,0.2,0.7475,0.20747053781598493,0.0002487937852971097,0.0031546396643490713,0.005811691758103921,6.661338147750939e-16,0.08319506971908863,0.057823016986851994,0.0686504026057243,0.06865040260572428,0.03037405945831188,0.9976045196816379,0.20771933160128203,0.005811691758103921
6,0.2,0.75,0.21085937500000024,0.0002343750000000015,0.0030618621784789875,0.0056549743569580535,9.992007221626409e-16,0.0848718076378645,0.05849535766646374,0.07021914062500019,0.07021914062500019,0.02900950102481939,0.997779422649889,0.21109375000000025,0.0056549743569580535
6,0.2,0.7525000000000001,0.2143051659418287,0.00022065941001585937,0.0029709218099159733,0.005500524799800122,5.551115123125783e-16,0.08655816186985721,0.05917434425696999,0.07183204517230408,0.07183204517230406,0.027697567927249356,0.9979428172840826,0.21452582535184456,0.005500524799800344
6,0.2,0.755,0.21780867382601532,0.0002076193080150002,0.002881800187486987,0.005348361758944042,6.661338147750939e-16,0.08825422457207188,0.05986011092165122,0.0734904074168773,0.07349040741687735,0.02643655798436438,0.9980953780561037,0.21801629313403031,0.00534836175894382
6,0.2,0.7575000000000001,0.22137066948159312,0.0001952278136552346,0.0027944789400189455,0.005198502252727444,6.661338147750939e-16,0.08996008624753915,0.06055279399166613,0.07519555869429638,0.07519555869429635,0.025224810985195554,0.9982377449233978,0.22156589729524837,0.005198502252727444
6,0.2,0.76,0.22499193143296023,0.00018345885696000172,0.002708939696338789,0.005050961678757515,1.3322676295501878e-15,0.09167583577855831,0.06125253200689129,0.07694887174313868,0.07694887174313868,0.0240607083469552,0.9983705248009226,0.22517539028992023,0.005050961678757515
6,0.2,0.7625000000000001,0.22867324595092858,0.0001722871618652352,0.002625164085273423,0.004905753846816463,1.9984014443252818e-15,0.09340156045960368,0.061959465758186894,0.07875176197906407,0.07875176197906407,0.022942672723959414,0.998494292988622,0.22884553311279382,0.004905753846816463
6,0.2,0.765,0.23241540710393574,0.00016168822993500016,0.002543133735649784,0.00476289101142946,1.2212453270876722e-15,0.09513734602989321,0.06267373833111489,0.08060568880736455,0.08060568880736457,0.021869167572146745,0.9986095945544173,0.23257709533387075,0.00476289101142946
6,0.2,0.7675000000000001,0.23621921680943414,0.00015163832424585903,0.002462830276294812,0.004622383904097971,1.1102230246251565e-15,0.09688327670562003,0.06339549515113385,0.08251215697507476,0.08251215697507477,0.02083869667351293,0.9987169456728486,0.23637085513368,0.004622383904097971
6,0.2,0.77,0.2400854848854406,0.00014211445344000005,0.002384235336035438,0.0044842417651909106,8.881784197001252e-16,0.09863943521184537,0.06412488403027317,0.08447271796374595,0.08447271796374597,0.019849803624537588,0.9988168349196254,0.2402275993388806,0.0044842417651909106
6,0.2,0.7725,0.24401502910225945,0.00013309435594711003,0.002307330543698585,0.004348472375502954,2.220446049250313e-16,0.10040590281405648,0.06486205521533028,0.08648897142403425,0.08648897142403425,0.018901071292432486,0.9989097245224587,0.24414812345820655,0.004348472375502954
6,0.2,0.775,0.2480086752343755,0.00012455648437500018,0.0022320975281111765,0.004215082087472455,7.771561172376096e-16,0.10218275934938426,0.06560716143760215,0.08856256665327064,0.0885625666532707,0.01799112124281018,0.9989960515686493,0.2481332317187505,0.004215082087472233
6,0.2,0.7775,0.25206725711250677,0.0001164799900689849,0.002158517918100151,0.004084075856062297,8.881784197001252e-16,0.10397008325748347,0.06636035796416462,0.09069520411720935,0.0906952041172094,0.017118613142148607,0.9990762291699913,0.25218373710257574,0.004084075856062297
6,0.2,0.78,0.2561916166758406,0.00010884470784000012,0.0020865733424924268,0.003955457269304796,8.881784197001252e-16,0.10576795161107899,0.06712180265074841,0.09288863701719938,0.09288863701719938,0.016282244138209615,0.9991506475856314,0.2563004613836806,0.003955457269304796
6,0.2,0.7825,0.2603826040244243,0.00010163114086148432,0.0020162454301149413,0.0038292285785068714,5.551115123125783e-16,0.10757644014616963,0.06789165599620794,0.09514467290402714,0.09514467290402719,0.015480748221369845,0.9992196753035976,0.2604842351652858,0.0038292285785068714
6,0.2,0.785,0.2646410774717357,9.48204457350004e-05,0.0019475158097946286,0.003705390728119262,1.4432899320127035e-15,0.10939562329189867,0.06867008119862761,0.09746517533974033,0.0974651753397403,0.014712895569619735,0.9992836600817576,0.2647358979174707,0.00370539072811904
6,0.2,0.7875,0.268967903597413,8.839441772460925e-05,0.0018803661103584007,0.003583943385267574,1.1102230246251565e-15,0.11122557420008405,0.06945724421307276,0.09985206560876879,0.0998520656087688,0.013977491879804333,0.9993429299490351,0.26905629801513764,0.003583943385267574
6,0.2,0.79,0.2733639573001609,8.233547616000008e-05,0.0018147779606332048,0.00346488496894648,1.3322676295501878e-15,0.11306636477441234,0.07025331381103628,0.10230732447971745,0.1023073244797174,0.013273377687498535,0.9993977941677392,0.2734462927763209,0.00346488496894648
6,0.2,0.7925,0.27783012185082134,7.662665000835951e-05,0.0017507329894459606,0.0033482126788753064,6.661338147750939e-16,0.11491806569929541,0.07105846164157548,0.10483299401921725,0.10483299401921727,0.012599427677739418,0.9994485441579111,0.2779067485008297,0.0033482126788750843
6,0.2,0.795,0.2823672889456151,7.125156361499968e-05,0.0016882128256235913,0.0032339225240172187,-2.220446049250313e-16,0.11678074646838899,0.0718728622941942,0.10743117945927416,0.10743117945927418,0.011954549988679189,0.9994954543846138,0.28243854050923006,0.0032339225240172187
6,0.2,0.7975,0.2869763587595512,6.619442261273461e-05,0.0016271990979930507,0.0031220093507606794,1.5543122344752192e-15,0.11865447541277363,0.07269669336348095,0.1101040511195785,0.11010405111957854,0.011337685510067157,0.9995387832091172,0.28704255318216393,0.0031220093507606794
6,0.2,0.8,0.2916582400000006,6.144000000000024e-05,0.0015676734353812394,0.003012466870762509,1.3322676295501878e-15,0.12053931972879828,0.07353013551552179,0.11285384638627896,0.11285384638627893,0.010747807178324313,0.9995787737049485,0.29171968000000065,0.003012466870762509
6,0.2,0.8025,0.2964138499604507,5.697362238773451e-05,0.0015096174666150983,0.002905287688454772,5.551115123125783e-16,0.1224353455055871,0.07437337255615462,0.11568287174877347,0.11568287174877352,0.010183919269838628,0.9996156544397914,0.29647082358283844,0.0029052876884545498
6,0.2,0.805,0.30124411457441574,5.278115641499977e-05,0.0014530128205215511,0.002800463328213043,5.551115123125783e-16,0.12434261775220867,0.07522659150104416,0.11859350489608282,0.11859350489608278,0.009645056693976877,0.9996496402242249,0.30129689573083074,0.002800463328213043
6,0.2,0.8075,0.3061499684695217,4.884899533335941e-05,0.0013978411259275435,0.00269798426118828,1.1102230246251565e-15,0.12626120042450584,0.07608998264763511,0.12158819687443417,0.1215881968744342,0.009130284287188569,0.999680932828299,0.30619881746485506,0.002697984261188502
6,0.2,0.81,0.3111323550217609,4.5164045760000013e-05,0.0013440840116599878,0.0025978399318000722,1.3322676295501878e-15,0.12819115645159007,0.0769637396490046,0.12466947430771683,0.1246694743077168,0.008638696109459897,0.9997097216669422,0.3111775190675209,0.00259783993179985
6,0.2,0.8125,0.3161922264099122,4.171371459960975e-05,0.0012917231065458243,0.002500018783892388,8.881784197001252e-16,0.1301325477619979,0.0778480595896468,0.12783994168250373,0.12783994168250373,0.008169414744269575,0.9997361844551969,0.3162339401245118,0.002500018783892388
6,0.2,0.8150000000000001,0.3213305436701354,3.8485896134999995e-05,0.0012407400394119652,0.00240450828655403,6.661338147750939e-16,0.13208543530951067,0.0787431430632125,0.1311022836993884,0.13110228369938837,0.00772159060309269,0.99976048783427,0.3213690295662704,0.00240450828655403
6,0.2,0.8175,0.32654827675072484,3.54689592864844e-05,0.0011911164390853567,0.0023112949595978094,1.1102230246251565e-15,0.13404987909863353,0.0796491942522336,0.13445926769241162,0.13445926769241165,0.007294401235406269,0.9997827879693806,0.3265837457100113,0.0023112949595975874
6,0.2,0.8200000000000001,0.33184640456704123,3.265173503999988e-05,0.0011428339343929192,0.0022203643987057653,1.2212453270876722e-15,0.13602593820974063,0.08056642100986333,0.13791374611841917,0.13791374611841914,0.006887050645056039,0.9998032311203736,0.33187905630208125,0.0022203643987059873
6,0.2,0.8225,0.3372259150566065,3.0023504043984418e-05,0.001095874154161589,0.0021317013002351004,0.0,0.1380136708238806,0.08149503494366539,0.14146865911821258,0.14146865911821266,0.00649876861376312,0.9998219541860576,0.33725593856065045,0.0021317013002351004
6,0.2,0.8250000000000001,0.3426878052343763,2.757398437499992e-05,0.0010502187272182877,0.0020452894856866077,1.1102230246251565e-15,0.14001313424724815,0.08243525150147901,0.14512703715142308,0.14512703715142317,0.0061288100324668835,0.9998390852232085,0.3427153792187513,0.0020452894856866077
6,0.2,0.8275,0.34823308124816027,2.5293319472109527e-05,0.0010058492823899535,0.0019611119258355902,1.1102230246251565e-15,0.14202438493530956,0.08338729005936907,0.14889200370704866,0.1488920037070487,0.005776454241129043,0.99985474394117,0.34825837456763237,0.0019611119258358123
6,0.2,0.8300000000000001,0.35386275843424114,2.3172066239999903e-05,0.0009627474485034999,0.0018791507645270489,8.881784197001252e-16,0.14404747851660282,0.08435137401173531,0.15276677809170647,0.15276677809170647,0.005441004377551489,0.9998690421729555,0.3538859305004811,0.0018791507645270489
6,0.2,0.8325,0.35957786137313413,2.120118332085941e-05,0.0009208948543858735,0.0017993873421300322,1.1102230246251565e-15,0.1460824698161889,0.08532773086356038,0.15675467829761644,0.15675467829761638,0.005121786735699836,0.9998820843237457,0.359599062556455,0.0017993873421300322
6,0.2,0.835,0.3653794239455358,1.937201953499999e-05,0.0008802731288639918,0.0017218022186580306,8.881784197001252e-16,0.1481294128787738,0.08631659232485456,0.16085912395246116,0.16085912395246119,0.0048181501339601505,0.9998939677976562,0.3653987959650708,0.0017218022186580306
6,0.2,0.8375,0.37126848938842905,1.7676302490234366e-05,0.0008408639007647893,0.001646375196549199,1.4432899320127035e-15,0.1501883609914878,0.0873181944073188,0.1650836393532593,0.16508363935325926,0.004529465293704342,0.999904783403619,0.37128616569091927,0.001646375196548977
6,0.2,0.84,0.37724611035136046,1.610612736000008e-05,0.0008026487989151951,0.001573085343110403,8.881784197001252e-16,0.1522593667063299,0.08833277752324287,0.16943185658647264,0.16943185658647264,0.004255124228484558,0.9999146157412192,0.3772622164787205,0.001573085343110403
6,0.2,0.8425,0.38331334895289343,1.4653945830234427e-05,0.0007656094521421343,0.0015019110126237578,8.881784197001252e-16,0.15434248186227517,0.08936058658668877,0.1739075187366173,0.17390751873661722,0.0039945396441303585,0.9999235435672875,0.38332800289872365,0.0015019110126237578
6,0.2,0.845,0.38947127683721516,1.3312555215000051e-05,0.0007297274892725386,0.0014328298681149931,5.551115123125783e-16,0.1564377576070406,0.09040187111695386,0.17851448318567492,0.17851448318567495,0.00374714434997731,0.9999316401440388,0.38948458939243014,0.0014328298681152152
6,0.2,0.8475,0.3957209752309293,1.2075087740859378e-05,0.0006949845391333369,0.0013658189027849765,1.1102230246251565e-15,0.15854524441852047,0.09145688534437191,0.18325672500570514,0.18325672500570506,0.0035123906814135933,0.9999389735695254,0.3957330503186702,0.0013658189027849765
6,0.2,0.85,0.40206353500000097,1.0934999999999981e-05,0.0006613622305514585,0.0013008544611028405,8.881784197001252e-16,0.16066499212587537,0.09252588831844788,0.18813834044705527,0.18813834044705524,0.0032897499338938726,0.9999456070911441,0.40207447000000096,0.0013008544611028405
6,0.2,0.8525,0.4085000567068854,9.886062572109445e-06,0.0006288421923538361,0.0012379122595633785,1.1102230246251565e-15,0.16279704993029265,0.09360914401837739,0.19316355052468245,0.19316355052468237,0.0030787118085334976,0.9999515994029173,0.4085099427694575,0.0012379122595633785
6,0.2,0.855,0.41503165066781617,8.922349815000018e-06,0.0005974060533673909,0.001176967407104712,1.1102230246251565e-15,0.16494146642540275,0.09470692146594772,0.19833670470510567,0.19833670470510567,0.0028787838693640814,0.9999570049272527,0.41504057301763114,0.001176967407104934
6,0.2,0.8575,0.4216594370102618,8.038229823984416e-06,0.0005670354424190585,0.0011179944251902274,6.661338147750939e-16,0.16709828961736095,0.09581949484086127,0.20366228469660136,0.20366228469660125,0.0026894910123015973,0.999961874081849,0.4216674752400858,0.0011179944251902274
6,0.2,0.86,0.42838454573056006,7.228354560000044e-06,0.0005377119883357657,0.0010609672675514492,2.220446049250313e-16,0.16926756694459177,0.09694714359849532,0.20914490834530744,0.20914490834530736,0.0025103749458500295,0.9999662535324099,0.4283917740851201,0.0010609672675514492
6,0.2,0.8625,0.43520811675170984,6.487650146484385e-06,0.0005094173199444403,0.0010058593395958493,1.1102230246251565e-15,0.17144934529719458,0.09809015259011333,0.21478933363994804,0.214789333639948,0.002340993683539483,0.9999701864317931,0.43521460440185633,0.0010058593395960713
6,0.2,0.865,0.44213129998133555,5.811307335000016e-06,0.0004821330660720144,0.0009526435174740389,7.771561172376096e-16,0.17364367103601208,0.09924881218554615,0.22060046282797172,0.2206004628279717,0.002180921048073843,0.9999737126462058,0.44213711128867056,0.0009526435174740389
6,0.2,0.8675,0.44915525536982837,5.194772139609324e-06,0.00045584085554541245,0.0009012921668116736,4.440892098500626e-16,0.17585059001136272,0.1004234183983731,0.22658334664596264,0.2265833466459626,0.002029746187142403,0.9999768689690378,0.449160450141968,0.0009012921668116736
6,0.2,0.87,0.4562811529686406,4.6337366400000145e-06,0.0004305223171915728,0.0008517771611031844,5.551115123125783e-16,0.17807014758143236,0.1016142730135936,0.2327431886672174,0.23274318866721727,0.001887073100831218,0.999979689322898,0.4562857867052806,0.0008517771611031844
6,0.2,0.8725,0.46351017298876673,4.124129953359364e-06,0.00040615907983741425,0.0008040698997680007,6.661338147750939e-16,0.18030238863033388,0.1028216837178193,0.2390853497694979,0.23908534976949783,0.0017525201805517752,0.9999822049504017,0.4635142971187201,0.0008040698997682227
6,0.2,0.875,0.47084350585937573,3.6621093750000172e-06,0.00038273277230987306,0.0007581413258697101,8.881784197001252e-16,0.1825473575858223,0.1040459642319902,0.2456153527259835,0.24561535272598342,0.0016257197593902671,0.9999844445942372,0.47084716796875076,0.0007581413258697101
6,0.2,0.8775000000000001,0.4782823522866265,3.2440516877343832e-06,0.00036022502343587367,0.0007139619434963773,1.3322676295501878e-15,0.18480509843667825,0.10528743444662558,0.2523388869225655,0.2523388869225655,0.0015063176737652342,0.9999864346670166,0.47828559633831425,0.0007139619434963773
6,0.2,0.88,0.48582792331264124,2.8665446400000137e-06,0.000338617462042348,0.0006715018348046886,1.3322676295501878e-15,0.18707565474975052,0.10654642055960806,0.2592618132046549,0.2592618132046549,0.0013939728362700975,0.9999881994114006,0.48583078985728123,0.0006715018348046886
6,0.2,0.8825000000000001,0.49348144037465663,2.5263785927343593e-06,0.00031789171695622187,0.0006307306767270315,7.771561172376096e-16,0.18935906968666405,0.10782325521651792,0.26639016885678185,0.2663901688567818,0.001288356819564812,0.9999897610509645,0.49348396675324935,0.0006307306767268095
6,0.2,0.885,0.5012441353643354,2.220538335000023e-06,0.00029802941700443126,0.000591617757338847,9.992007221626409e-16,0.19165538602018595,0.10911827765350346,0.2737301727183069,0.27373017271830674,0.0011891534511716277,0.9999911399322554,0.5012463559026704,0.000591617757338847
6,0.2,0.8875000000000001,0.5091172506872562,1.94619506835938e-06,0.00027901219101389695,0.000554131991891138,3.3306690738754696e-16,0.19396464615026043,0.11043183384268884,0.2812882304386708,0.28128823043867074,0.0010960584190204345,0.9999923546584758,0.5091191968823245,0.000554131991891138
6,0.2,0.89,0.5171020393225607,1.7006985600000052e-06,0.0002608216678115536,0.0005182419385030279,6.661338147750939e-16,0.19628689211969874,0.11176427664012456,0.2890709398756507,0.28907093987565047,0.0010087788875822114,0.9999934222152023,0.5171037400211207,0.00051824193850325
6,0.2,0.8925000000000001,0.5251997648827778,1.4815694646093838e-06,0.00024343947622432871,0.00048391581351947544,7.771561172376096e-16,0.19862216562953727,0.11311596593625117,0.29708509664020183,0.29708509664020166,0.000927033124421441,0.9999943580885439,0.5252012464522423,0.00048391581351947544
6,0.2,0.895,0.5334117016738161,1.2864918149999989e-06,0.00022684724507915057,0.00045112150652837357,8.881784197001252e-16,0.20097050805405714,0.11448726880888649,0.30533769979152725,0.30533769979152714,0.0008505501369933339,0.9999951763761156,0.5334129881656311,0.00045112150652837357
6,0.2,0.8975,0.5417391347551201,1.113305681484386e-06,0.00021102660320295065,0.0004198265950430269,1.4432899320127035e-15,0.2033319604554633,0.11587855967870109,0.3138359576860849,0.3138359576860848,0.000779069319506297,0.999995889891196,0.5417402480608017,0.00041982659504280484
6,0.2,0.9,0.5501833600000003,9.599999999999972e-07,0.0001959591794226541,0.00038999835884534484,2.220446049250313e-16,0.20570656359823003,0.11729022046717352,0.3225872939843588,0.3225872939843588,0.0007123401096659896,0.9999965102604159,0.5501843200000004,0.0003899983588451228
6,0.2,0.9025,0.5587456841561314,8.247055689843844e-07,0.0001816266025651955,0.0003616037939924155,4.440892098500626e-16,0.20809435796310716,0.11872264075700312,0.33159935381927225,0.3315993538192721,0.0006501216551140951,0.9999970480153132,0.5587465088617003,0.0003616037939924155
6,0.2,0.905,0.567427424906216,7.056882149999996e-07,0.0001680105014574984,0.0003346096264849052,7.771561172376096e-16,0.2104953837607877,0.12017621795493283,0.3408800101302157,0.3408800101302155,0.0005921824893717997,0.9999975126780752,0.567428130594431,0.00033460962648512727
6,0.2,0.9075,0.5762299109288154,6.013421271093751e-07,0.00015509250492649556,0.00030898232559883887,5.551115123125783e-16,0.2129096809452391,0.1216513574569763,0.3504373701667568,0.3504373701667568,0.0005383002170963532,0.9999979128417733,0.5762305122709425,0.00030898232559883887
6,0.2,0.91,0.5851544819593606,5.101833600000004e-07,0.00014285424179911508,0.00028468811687831774,4.440892098500626e-16,0.21533728922669826,0.1231484728159965,0.36027978216619694,0.36027978216619716,0.00048826120845696423,0.9999982562453817,0.5851549921427206,0.00028468811687831774
6,0.2,0.9125,0.5942024888513202,4.308435058593739e-07,0.00013127734090228598,0.0002616929947929503,1.3322676295501878e-15,0.21777824808432755,0.12466798591159067,0.37041584220918594,0.37041584220918616,0.0004418603024357676,0.999998549843861,0.5942029196948261,0.00026169299479272823
6,0.2,0.915,0.6033752936375363,3.620635349999964e-07,0.00012034343106293705,0.00023996273505577648,6.661338147750939e-16,0.22023259677853146,0.126210327122237,0.3808544012577448,0.38085440125774506,0.00039890051885871396,0.9999987998735727,0.6033756557010713,0.00023996273505577648
6,0.2,0.9175,0.6126742695917431,3.026878052343758e-07,0.00011003414110799908,0.00021946290660546097,2.220446049250313e-16,0.222700374362941,0.12777593549966548,0.3916045723801408,0.3916045723801409,0.0003591927789612695,0.9999990119132768,0.6126745722795484,0.00021946290660546097
6,0.2,0.92,0.622100801290242,2.516582399999994e-07,0.00010033109986439902,0.00020015888324875775,1.3322676295501878e-15,0.22518161969605632,0.12936525894536322,0.40267573816710045,0.40267573816710045,0.00032255563429405644,0.9999991909409611,0.6221010529484821,0.00020015888324875775
6,0.2,0.9225,0.6316562846737388,2.080086752343735e-07,9.121593615906688e-05,0.00018201585496768757,4.440892098500626e-16,0.22767637145255004,0.13097875438916984,0.41407755834399274,0.41407755834399274,0.00028881500377430193,0.9999993413867262,0.6316564926824141,0.00018201585496746553
6,0.2,0.925,0.6413421271093772,1.70859374999999e-07,8.267027881893215e-05,0.00016499883888787537,1.3322676295501878e-15,0.23018466813424165,0.132616887969905,0.42581997758373974,0.42581997758373974,0.00025780391868979787,0.9999994671819541,0.6413422979687522,0.00016499883888787537
6,0.2,0.9275,0.6511597474529042,1.3941171585937666e-07,7.467575667092423e-05,0.00014907268991004585,8.881784197001252e-16,0.23270654808072266,0.1342801352179076,0.4379132335251907,0.4379132335251908,0.00022936227546353685,0.9999995718049632,0.65115988686462,0.0001490726899102679
6,0.2,0.93,0.6611105761110418,1.1294303999999897e-07,6.72139985419702e-05,0.00013420211100401147,1.1102230246251565e-15,0.23524204947965655,0.13596898123945778,0.45036786500198184,0.4503678650019816,0.00020333659598860846,0.9999996583233584,0.6611106890540819,0.00013420211100378943
6,0.2,0.9325,0.6711960551039898,9.080167710937486e-08,6.026663325900162e-05,0.00012035166316382018,1.1102230246251565e-16,0.23779121037672835,0.1376839209029399,0.46319472048680016,0.4631947204868005,0.00017957979534486714,0.9999997294332584,0.6711961459056669,0.00012035166316382018
6,0.2,0.935,0.6814176381281358,7.240213500000027e-08,5.3815289648946604e-05,0.00010748577502783796,7.771561172376096e-16,0.2403540686852701,0.13942545902669645,0.4764049667562983,0.47640496675629823,0.00015795095671073244,0.9999997874955879,0.6814177105302708,0.00010748577502806
6,0.2,0.9375,0.6917767906188975,5.722045898437465e-08,4.784159653873384e-05,9.556875215954719e-05,6.661338147750939e-16,0.2429306621955365,0.1411941105684189,0.49001009778177973,0.4900100977817796,0.00013831511328590617,0.9999998345696038,0.6917768478393566,9.556875215932514e-05
6,0.2,0.9400000000000001,0.702274989813762,4.478975999999976e-08,4.232718275529327e-05,8.456478599061512e-05,1.2212453270876722e-15,0.24552102858365243,0.14299040081601677,0.5040219438511153,0.5040219438511154,0.00012054303704300011,0.999999872443821,0.702275034603522,8.456478599061512e-05
6,0.2,0.9425,0.7129137248154744,3.4695911484375126e-08,3.725367712555376e-05,7.443796242823097e-05,3.3306690738754696e-16,0.24812520542021588,0.14481486557979495,0.5184526809272688,0.5184526809272684,0.00010451103412869052,0.9999999026644919,0.7129137595113859,7.443796242823097e-05
6,0.2,0.9450000000000001,0.7236944966554149,2.6573415000000082e-08,3.260270847644418e-05,6.515227012293678e-05,-5.551115123125783e-17,0.25074323017857103,0.14666805138585826,0.5333148402490699,0.5333148402490696,9.010074673768206e-05,0.9999999265617905,0.7236945232288299,6.515227012293678e-05
6,0.2,0.9475,0.7346188183571241,2.010143460937531e-08,2.8355905634894055e-05,5.667160840050478e-05,1.6653345369377348e-15,0.25337514024273644,0.14855051567056798,0.5486213181798785,0.548621318179879,7.719896128553657e-05,0.9999999452738384,0.7346188384585587,5.667160840050478e-05
6,0.2,0.9500000000000001,0.745688215000001,1.4999999999999916e-08,2.4494897427831734e-05,4.895979485564084e-05,5.551115123125783e-16,0.2560209729149967,0.15046282697592583,0.5643853863099674,0.5643853863099677,6.569742270930493e-05,0.9999999597687093,0.7456882300000011,4.895979485564084e-05
6,0.2,0.9525,0.7569042237831926,1.102637835937518e-08,2.100131268218748e-05,4.198057260773602e-05,1.4432899320127035e-15,0.25868076542316576,0.15240556514575976,0.580620701818597,0.5806207018185968,5.549265472790276e-05,0.9999999708645351,0.7569042348095709,4.198057260773602e-05
6,0.2,0.9550000000000001,0.7682683940896169,7.971614999999932e-09,1.785678022488932e-05,3.569761721977649e-05,9.992007221626409e-16,0.26135455492749804,0.15437932152248623,0.5973413181017428,0.5973413181017425,4.6485785897169085e-05,0.9999999792478385,0.7682684020612319,3.569761721977649e-05
6,0.2,0.9575,0.7797822875501804,5.65724273437504e-09,1.5042928882867255e-05,3.007454328018966e-05,2.220446049250313e-16,0.26404237852727364,0.15638469914435793,0.6145616956717495,0.6145616956717492,3.858238129771386e-05,0.9999999854901995,0.7797822932074232,3.007454328018966e-05
6,0.2,0.96,0.7914474781081602,3.932160000000042e-09,1.254138748304995e-05,2.5074910646072368e-05,3.3306690738754696e-16,0.2667442732670431,0.15842231294296627,0.6322967133351634,0.6322967133351634,3.1692279696736794e-05,0.9999999900633709,0.7914474820403202,2.5074910646072368e-05
6,0.2,0.9625,0.8032655520837423,2.669677734374954e-09,1.033378485236646e-05,2.0662230349355326e-05,8.881784197001252e-16,0.26946027614253043,0.16049278994083416,0.6505616796551715,0.6505616796551714,2.5729436028260024e-05,0.9999999933529387,0.80326555475342,2.0662230349355326e-05
6,0.2,0.965,0.8152381082387368,1.7647350000000357e-09,8.401749817746406e-06,1.6799970165459754e-05,1.3322676295501878e-15,0.272190424106203,0.16259676944891033,0.6693723447052352,0.6693723447052351,2.0611769039380717e-05,0.9999999956706268,0.8152381100034718,1.6799970165459754e-05
6,0.2,0.9675,0.827366757841472,1.13128335937498e-09,6.726911206118249e-06,1.345155984555646e-05,4.440892098500626e-16,0.27493475407250356,0.16473490326375706,0.6887449121206275,0.6887449121206275,1.626101395340144e-05,0.9999999972653401,0.8273667589727554,1.3451559845334415e-05
6,0.2,0.97,0.8396531247318414,6.998399999999967e-10,5.290897844411657e-06,1.0580396008874615e-05,6.661338147750939e-16,0.27769330292274486,0.1669078558642294,0.7086960514546632,0.7086960514546631,1.2602580003954628e-05,0.999999998333026,0.8396531254316814,1.0580396008874615e-05
6,0.2,0.9725,0.8520988453865227,4.1520960937500557e-10,4.075338559555543e-06,8.149846699945229e-06,5.551115123125783e-16,0.28046610750966283,0.16911630460740856,0.7292429108466193,0.7292429108466187,9.565412697446134e-06,0.9999999990254426,0.8520988458017323,8.149846699723184e-06
6,0.2,0.975,0.8647055689843756,2.343750000000039e-10,3.0618621784790027e-06,6.123255607004552e-06,5.551115123125783e-16,0.28325320466163895,0.1713609399235957,0.7504031300084761,0.7504031300084764,7.081860664423274e-06,0.9999999994579081,0.8647055692187505,6.123255607004552e-06
6,0.2,0.9775,0.8774749574719967,1.245564843749948e-10,2.232097528111129e-06,4.463945943333769e-06,1.1102230246251565e-15,0.28605463118657815,0.17364246551010365,0.7721948535376957,0.7721948535376957,5.087546963676214e-06,0.9999999997161024,0.8774749575965531,4.463945943333769e-06
6,0.2,0.98,0.8904086856294428,6.143999999999898e-11,1.5676734353812234e-06,3.1352239908688517e-06,1.4432899320127035e-15,0.2888704238754545,0.17596159852362048,0.7946367445634461,0.7946367445634457,3.521244706108948e-06,0.999999999861996,0.8904086856908827,3.1352239908688517e-06
6,0.2,0.9825,0.9035084411361373,2.7573984374999953e-11,1.0502187272182876e-06,2.1003823065246507e-06,4.440892098500626e-16,0.29170061950551673,0.17831906977089385,0.8177479987338615,0.8177479987338612,2.3247568686034957e-06,0.9999999999389625,0.9035084411637112,2.1003823065246507e-06
6,0.2,0.985,0.9167759246369354,1.0934999999999758e-11,6.613622305514512e-07,1.3227025910111934e-06,0.0,0.2945452548431593,0.18071562389748297,0.8415483585519806,0.8415483585519807,1.442800171275173e-06,0.9999999999761446,0.9167759246478704,1.3227025910111934e-06
6,0.2,0.9875,0.9302128498083521,3.6621093749999245e-12,3.8273277230986825e-07,7.654582203642235e-07,1.2212453270876722e-15,0.2974043666464501,0.18315201957430283,0.8660581280682266,0.8660581280682265,8.228928946471001e-07,0.9999999999921263,0.9302128498120141,7.654582205862681e-07
6,0.2,0.99,0.9438209434249623,9.600000000000052e-13,1.959591794226551e-07,3.919164388577201e-07,1.2212453270876722e-15,0.30027799166732483,0.18562902968170214,0.8912981879374409,0.8912981879374408,4.1524651638128296e-07,0.9999999999979656,0.9438209434259223,3.919164388577201e-07
6,0.2,0.9925,0.9576019454259865,1.7085937499998585e-13,8.267027881892896e-08,1.6534021596292803e-07,1.3322676295501878e-15,0.30316616665344576,0.1881474414908142,0.9172900108486731,0.9172900108486733,1.726610502699816e-07,0.9999999999996432,0.9576019454261574,1.6534021596292803e-07
6,0.2,0.995,0.971557608982016,1.5000000000001444e-14,2.4494897427833e-08,4.898976491141127e-08,7.771561172376096e-16,0.306068928349718,0.19070805684186565,0.9440556773359563,0.9440556773359562,5.042397321862986e-08,0.9999999999999691,0.971557608982031,4.898976491141127e-08
6,0.2,0.9975,0.985689700561939,2.343749999999876e-16,3.0618621784788965e-09,6.123723972351058e-09,6.661338147750939e-16,0.3089863134994728,0.19331169231919354,0.9716178919786659,0.9716178919786662,6.212628937348816e-09,0.9999999999999996,0.9856897005619393,6.123723972351058e-09
6,0.2,1.0,1.0000000000000018,0.0,0.0,0.0,8.881784197001252e-16,0.31191835884530916,0.19595917942265562,1.0000000000000036,1.0000000000000036,0.0,1.0,1.0000000000000018,0.0
