theta,p,cls,prob,phi,q,leak,covariance,unitarity,nontrivial_spread,prob_paper,phi_paper,q_paper,phi_ideal,prob_ideal
0.0,0.0,t,1.0000000000000002,0.0,-1.1102230246251565e-16,0.0,1.5700924586837754e-16,2.220446049250313e-16,0.0,1.0,-0.0,0.0,-0.0,1.0
0.0,0.0,n,0.0,0.0,0.0,0.0,0.0,0.0,0.0,0.0,-0.0,0.0,0.0,0.0
0.02454369260617026,0.0,t,0.9989466589595428,-2.5877546432336756e-05,-2.220446049250313e-16,3.3306690738754696e-16,4.005558274730758e-16,3.3306690738754696e-16,2.42861286636753e-17,0.9989466589595432,-2.5877546432339152e-05,0.0,-2.5877546432335682e-05,0.998946658959543
0.02454369260617026,0.0,n,0.00015047729149385636,0.07363107781850257,3.7470027081099033e-14,5.421010862427522e-20,9.461835606118304e-18,1.1275702593849246e-17,2.42861286636753e-17,0.00015047729149383508,0.0736310778185076,-6.894484982922222e-14,0.07363107781851078,0.00015047729149384598
0.04908738521234052,0.0,t,0.9957967800882076,-0.00020711345544000863,-3.3306690738754696e-16,3.3306690738754696e-16,7.216783253021517e-16,5.551115123125783e-16,4.1676821766409265e-17,0.9957967800882066,-0.00020711345543999993,0.0,-0.00020711345544000687,0.9957967800882066
0.04908738521234052,0.0,n,0.0006004599873990316,0.1472621556370186,-8.43769498715119e-15,1.0842021724855044e-19,2.155435795354851e-17,1.0191500421363742e-17,4.1676821766409265e-17,0.000600459987399057,0.14726215563702152,1.0269562977782698e-14,0.14726215563702155,0.000600459987399049
0.07363107781851078,0.0,t,0.9905806984414214,-0.0006995275858833274,-5.551115123125783e-16,1.1102230246251565e-16,1.0082934738333463e-15,9.992007221626409e-16,3.734206975601298e-17,0.9905806984414206,-0.0006995275858833474,-1.1102230246251565e-16,-0.0006995275858833474,0.9905806984414207
0.07363107781851078,0.0,n,0.0013456145083684688,0.22089323345553258,-4.440892098500626e-16,2.168404344971009e-19,1.3485051063530848e-17,1.0842021724855044e-18,3.734206975601298e-17,0.001345614508368485,0.2208932334555327,5.551115123125783e-15,0.22089323345553233,0.0013456145083684742
0.09817477042468103,0.0,t,0.9833486477368448,-0.0016598442511540528,-3.3306690738754696e-16,4.440892098500626e-16,5.276505433990003e-16,5.551115123125783e-16,4.691978069236876e-17,0.983348647736844,-0.001659844251154037,5.551115123125783e-17,-0.001659844251154037,0.9833486477368439
0.09817477042468103,0.0,n,0.002378764609022294,0.29452431127404444,1.8318679906315083e-15,4.336808689942018e-19,3.2959746043559335e-17,8.673617379884035e-18,4.691978069236876e-17,0.0023787646090222786,0.29452431127404355,-2.3314683517128287e-15,0.2945243112740431,0.0023787646090222894
0.1227184630308513,0.0,t,0.9741702765762026,-0.003246097073846091,-4.440892098500626e-16,3.3306690738754696e-16,1.2195417989469624e-15,8.881784197001252e-16,2.2751718447803074e-17,0.9741702765762026,-0.0032460970738460923,0.0,-0.003246097073846106,0.9741702765762027
0.1227184630308513,0.0,n,0.003689960489113901,0.3681553890925532,-3.3306690738754696e-16,8.673617379884035e-19,1.1925729197136854e-17,2.6020852139652106e-18,2.2751718447803074e-17,0.003689960489113916,0.36815538909255413,1.7763568394002505e-15,0.36815538909255385,0.0036899604891139047
0.14726215563702155,0.0,t,0.9631339776911816,-0.005617974107080494,-4.440892098500626e-16,3.3306690738754696e-16,5.986359803499961e-16,8.881784197001252e-16,3.400456267939448e-17,0.9631339776911818,-0.005617974107080483,-1.1102230246251565e-16,-0.005617974107080484,0.9631339776911818
0.14726215563702155,0.0,n,0.005266574615545442,0.44178646691106443,-3.1086244689504383e-15,1.734723475976807e-18,3.122502256758253e-17,3.2959746043559335e-17,3.400456267939448e-17,0.005266574615545456,0.4417864669110639,-8.881784197001252e-16,0.44178646691106466,0.005266574615545461
0.1718058482431918,0.0,t,0.9503460366730991,-0.008937078478779009,0.0,2.220446049250313e-16,2.7885511259616377e-16,0.0,4.882715046532749e-17,0.9503460366730987,-0.00893707847877903,5.551115123125783e-17,-0.00893707847877903,0.9503460366730987
0.1718058482431918,0.0,n,0.007093423332414512,0.5154175447295747,2.6645352591003757e-15,2.6020852139652106e-18,3.3072894708450744e-17,3.8163916471489756e-17,4.882715046532749e-17,0.007093423332414472,0.5154175447295752,5.551115123125783e-17,0.5154175447295755,0.007093423332414469
0.19634954084936207,0.0,t,0.9359296083845579,-0.013367075646589552,-4.440892098500626e-16,4.440892098500626e-16,5.645815694405449e-16,7.771561172376096e-16,2.9541276310451896e-17,0.9359296083845573,-0.013367075646589592,-1.1102230246251565e-16,-0.013367075646589593,0.9359296083845573
0.19634954084936207,0.0,n,0.009152913087920394,0.5890486225480864,-9.992007221626409e-16,3.469446951953614e-18,2.1534037998351533e-17,1.734723475976807e-17,2.9541276310451896e-17,0.009152913087920387,0.5890486225480863,0.0,0.5890486225480862,0.009152913087920388
0.22089323345553233,0.0,t,0.9200235309107974,-0.01907369315031914,-5.551115123125783e-16,2.220446049250313e-16,8.376194990831243e-16,1.1102230246251565e-15,4.3558488515732945e-17,0.9200235309107975,-0.01907369315031915,0.0,-0.01907369315031915,0.9200235309107975
0.22089323345553233,0.0,n,0.011425209869886103,0.6626797003665957,5.551115123125783e-17,3.469446951953614e-18,3.678740049251982e-17,1.734723475976807e-18,4.3558488515732945e-17,0.011425209869886075,0.662679700366597,-2.220446049250313e-16,0.662679700366597,0.011425209869886079
0.2454369260617026,0.0,t,0.9027809884730378,-0.02622453259441873,-3.3306690738754696e-16,3.3306690738754696e-16,8.348510538389466e-16,6.661338147750939e-16,3.4737810535209724e-17,0.902780988473038,-0.026224532594418704,0.0,-0.026224532594418704,0.902780988473038
0.2454369260617026,0.0,n,0.013888430218137456,0.7363107781851076,5.551115123125783e-16,5.204170427930421e-18,2.0816681711721685e-17,1.5612511283791264e-17,3.4737810535209724e-17,0.013888430218137428,0.736310778185108,0.0,0.7363107781851076,0.013888430218137428
0.2699806186678728,0.0,t,0.8843680361806878,-0.03498864666149699,-1.1102230246251565e-16,2.220446049250313e-16,3.6584330695069627e-16,2.220446049250313e-16,4.291468873614597e-17,0.884368036180687,-0.03498864666149702,0.0,-0.03498864666149702,0.884368036180687
0.2699806186678728,0.0,n,0.016518851974187593,0.8099418560036192,4.440892098500626e-16,3.469446951953614e-18,1.4821483875836085e-17,1.3877787807814457e-17,4.291468873614597e-17,0.016518851974187565,0.809941856003618,-3.3306690738754696e-16,0.8099418560036185,0.01651885197418757
0.2945243112740431,0.0,t,0.8649620008298633,-0.04553582657817217,-6.661338147750939e-16,2.220446049250313e-16,1.125088790541794e-15,1.2212453270876722e-15,3.1237066935462504e-17,0.8649620008298633,-0.04553582657817216,0.0,-0.04553582657817216,0.8649620008298634
0.2945243112740431,0.0,n,0.019291142738590956,0.8835729338221294,-3.3306690738754696e-16,6.938893903907228e-18,2.2254025389715912e-17,1.3877787807814457e-17,3.1237066935462504e-17,0.019291142738590956,0.8835729338221293,3.3306690738754696e-16,0.8835729338221294,0.019291142738590943
0.3190680038802134,0.0,t,0.844749773149414,-0.058035538180270005,-4.440892098500626e-16,3.3306690738754696e-16,7.326106215148024e-16,7.771561172376096e-16,4.864190610302088e-17,0.8447497731494137,-0.05803553818027006,0.0,-0.05803553818027003,0.8447497731494136
0.3190680038802134,0.0,n,0.02217860383579808,0.9572040116406401,1.6653345369377348e-16,6.938893903907228e-18,4.85722573273506e-17,6.938893903907228e-18,4.864190610302088e-17,0.022178603835798043,0.9572040116406402,-1.1102230246251565e-16,0.9572040116406402,0.022178603835798054
0.3436116964863836,0.0,t,0.8239260079410285,-0.07265543841958132,5.551115123125783e-17,2.220446049250313e-16,5.016321204790865e-16,1.1102230246251565e-16,5.561946577567963e-17,0.8239260079410281,-0.07265543841958128,0.0,-0.07265543841958122,0.8239260079410281
0.3436116964863836,0.0,n,0.025153427436996004,1.030835089459151,2.220446049250313e-16,3.469446951953614e-18,2.7755575615628914e-17,1.0408340855860843e-17,5.561946577567963e-17,0.025153427436995984,1.0308350894591507,-2.220446049250313e-16,1.030835089459151,0.02515342743699599
0.36815538909255385,0.0,t,0.802691249447091,-0.0895594000895676,-3.3306690738754696e-16,2.220446049250313e-16,3.981753620920851e-16,5.551115123125783e-16,3.594060700978206e-17,0.8026912494470915,-0.0895594000895676,5.551115123125783e-17,-0.08955940008956756,0.8026912494470915
0.36815538909255385,0.0,n,0.028186964364701198,1.104466167277662,-8.881784197001252e-16,6.938893903907228e-18,2.7809732887839817e-17,5.204170427930421e-17,3.594060700978206e-17,0.02818696436470122,1.1044661672776614,-1.1102230246251565e-16,1.1044661672776614,0.028186964364701226
0.39269908169872414,0.0,t,0.7812499999999999,-0.10890497249039631,-3.3306690738754696e-16,1.1102230246251565e-16,2.0140729741907603e-16,5.551115123125783e-16,4.170558093378777e-17,0.78125,-0.10890497249039632,5.551115123125783e-17,-0.10890497249039632,0.78125
0.39269908169872414,0.0,n,0.031249999999999997,1.1780972450961733,-3.3306690738754696e-16,6.938893903907228e-18,2.949029909160572e-17,1.734723475976807e-17,4.170558093378777e-17,0.03125,1.1780972450961724,1.1102230246251565e-16,1.1780972450961724,0.031249999999999997
0.4172427743048944,0.0,t,0.7598087505529093,-0.1308402120300039,-3.3306690738754696e-16,2.220446049250313e-16,5.026748538604307e-16,4.440892098500626e-16,6.628369094757308e-17,0.7598087505529086,-0.13084021203000384,0.0,-0.13084021203000376,0.7598087505529086
0.4172427743048944,0.0,n,0.034313035635298784,1.2517283229146836,-7.771561172376096e-16,6.938893903907228e-18,2.919021628607266e-17,5.551115123125783e-17,6.628369094757308e-17,0.034313035635298764,1.2517283229146832,-1.1102230246251565e-16,1.2517283229146834,0.03431303563529877
0.44178646691106466,0.0,t,0.7385739920589726,-0.1554998322369214,0.0,2.220446049250313e-16,3.469446951953614e-16,0.0,4.177767360805209e-17,0.738573992058972,-0.15549983223692143,0.0,-0.15549983223692143,0.738573992058972
0.44178646691106466,0.0,n,0.03734657256300404,1.3253594007331941,-2.220446049250313e-16,6.938893903907228e-18,2.9034283299119086e-17,1.3877787807814457e-17,4.177767360805209e-17,0.037346572563004,1.3253594007331937,0.0,1.325359400733194,0.037346572563004006
0.4663301595172349,0.0,t,0.7177502268505871,-0.18300065060493292,-1.1102230246251565e-16,2.220446049250313e-16,5.203058462404218e-16,1.1102230246251565e-16,6.958382176060062e-17,0.7177502268505864,-0.18300065060493279,5.551115123125783e-17,-0.18300065060493284,0.7177502268505864
0.4663301595172349,0.0,n,0.04032139616420199,1.3989904785517049,1.1102230246251565e-16,1.3877787807814457e-17,4.163336342344337e-17,6.938893903907228e-18,6.958382176060062e-17,0.04032139616420194,1.3989904785517044,0.0,1.3989904785517047,0.04032139616420194
0.4908738521234052,0.0,t,0.6975379991701367,-0.21343635338768013,0.0,3.3306690738754696e-16,1.1102230246251565e-16,0.0,3.1031676915590914e-17,0.6975379991701367,-0.2134363533876802,0.0,-0.2134363533876801,0.6975379991701366
0.4908738521234052,0.0,n,0.04320885726140905,1.4726215563702152,-1.1102230246251565e-16,6.938893903907228e-18,1.5355583220135413e-17,1.3877787807814457e-17,3.1031676915590914e-17,0.043208857261409044,1.4726215563702154,-1.1102230246251565e-16,1.4726215563702154,0.04320885726140905
0.5154175447295755,0.0,t,0.6781319638193131,-0.2468716615595812,-1.1102230246251565e-16,2.220446049250313e-16,2.2247786310271853e-16,1.1102230246251565e-16,3.9491757176618237e-17,0.678131963819313,-0.24687166155958115,0.0,-0.24687166155958118,0.6781319638193131
0.5154175447295755,0.0,n,0.04598114802581245,1.546252634188726,-1.1102230246251565e-16,1.3877787807814457e-17,2.0816681711721685e-17,1.3877787807814457e-17,3.9491757176618237e-17,0.045981148025812435,1.5462526341887266,0.0,1.5462526341887264,0.04598114802581243
0.5399612373357456,0.0,t,0.6597190115269621,-0.28333606263850847,-1.1102230246251565e-16,2.220446049250313e-16,1.8979842088972797e-16,1.1102230246251565e-16,5.724587470723465e-17,0.659719011526962,-0.28333606263850836,0.0,-0.2833360626385084,0.6597190115269621
0.5399612373357456,0.0,n,0.04861156978186259,1.6198837120072371,1.6653345369377348e-16,6.938893903907228e-18,2.2812817735004224e-17,1.3877787807814457e-17,5.724587470723465e-17,0.048611569781862575,1.619883712007237,5.551115123125783e-17,1.619883712007237,0.04861156978186256
0.5645049299419159,0.0,t,0.6424764690892026,-0.3228173718843976,-2.220446049250313e-16,2.220446049250313e-16,3.5239594550011095e-16,2.220446049250313e-16,5.67724534471309e-17,0.6424764690892026,-0.3228173718843975,0.0,-0.3228173718843975,0.6424764690892026
0.5645049299419159,0.0,n,0.051074790130113915,1.6935147898257479,-4.440892098500626e-16,1.3877787807814457e-17,3.603728844944446e-17,4.163336342344337e-17,5.67724534471309e-17,0.05107479013011391,1.6935147898257477,0.0,1.6935147898257479,0.051074790130113915
0.5890486225480862,0.0,t,0.6265703916154427,-0.36525549597223755,-2.220446049250313e-16,1.1102230246251565e-16,2.3551386880256624e-16,3.3306690738754696e-16,4.906538933386797e-17,0.6265703916154427,-0.3652554959722375,0.0,-0.3652554959722375,0.6265703916154428
0.5890486225480862,0.0,n,0.05334708691207958,1.7671458676442582,-4.440892098500626e-16,2.0816681711721685e-17,3.542759213114759e-17,4.163336342344337e-17,4.906538933386797e-17,0.053347086912079615,1.7671458676442588,5.551115123125783e-17,1.7671458676442586,0.05334708691207961
0.6135923151542565,0.0,t,0.6121539633269016,-0.4105368802129569,-3.3306690738754696e-16,1.1102230246251565e-16,4.483369756460186e-16,4.440892098500626e-16,9.720644932127638e-17,0.6121539633269013,-0.41053688021295703,0.0,-0.41053688021295703,0.6121539633269013
0.6135923151542565,0.0,n,0.055406576667585625,1.8407769454627694,-1.1102230246251565e-16,1.3877787807814457e-17,3.895410309055356e-17,6.938893903907228e-18,9.720644932127638e-17,0.05540657666758553,1.8407769454627694,-1.1102230246251565e-16,1.8407769454627694,0.05540657666758553
0.6381360077604268,0.0,t,0.5993660223088185,-0.45849020820294045,-2.220446049250313e-16,1.1102230246251565e-16,3.510833468576701e-16,2.220446049250313e-16,9.027231622811331e-17,0.5993660223088182,-0.45849020820294045,0.0,-0.4584902082029405,0.5993660223088182
0.6381360077604268,0.0,n,0.05723342538445457,1.9144080232812808,-2.220446049250313e-16,2.0816681711721685e-17,4.527587269425388e-17,2.7755575615628914e-17,9.027231622811331e-17,0.05723342538445454,1.9144080232812803,0.0,1.9144080232812803,0.05723342538445454
0.662679700366597,0.0,t,0.5883297234237971,-0.5088839669712178,-4.440892098500626e-16,2.220446049250313e-16,3.145027541110305e-16,5.551115123125783e-16,5.2759554800502026e-17,0.5883297234237974,-0.5088839669712176,0.0,-0.5088839669712176,0.5883297234237974
0.662679700366597,0.0,n,0.05881003951088608,1.9880391010997913,-1.1102230246251565e-16,1.3877787807814457e-17,3.291406376790657e-17,1.3877787807814457e-17,5.2759554800502026e-17,0.058810039510886085,1.9880391010997909,-1.1102230246251565e-16,1.9880391010997909,0.05881003951088609
0.6872233929727672,0.0,t,0.5791513522631566,-0.5614264665518243,-2.220446049250313e-16,1.1102230246251565e-16,2.498001805406602e-16,2.220446049250313e-16,6.958382176060062e-17,0.579151352263156,-0.5614264665518243,0.0,-0.5614264665518243,0.5791513522631561
0.6872233929727672,0.0,n,0.06012123539097774,2.061670178918302,-4.440892098500626e-16,1.3877787807814457e-17,4.654751537338637e-17,5.551115123125783e-17,6.958382176060062e-17,0.060121235390977724,2.061670178918302,1.1102230246251565e-16,2.061670178918302,0.06012123539097771
0.7117670855789375,0.0,t,0.5719193015585795,-0.6157687905405126,-3.3306690738754696e-16,1.1102230246251565e-16,2.4197801231494166e-16,3.3306690738754696e-16,1.0408702250310904e-16,0.5719193015585794,-0.6157687905405127,0.0,-0.6157687905405126,0.5719193015585793
0.7117670855789375,0.0,n,0.061154385491631505,2.1353012567368124,-6.661338147750939e-16,2.7755575615628914e-17,6.706170856416571e-17,7.632783294297951e-17,1.0408702250310904e-16,0.06115438549163151,2.1353012567368124,-1.1102230246251565e-16,2.1353012567368124,0.061154385491631526
0.7363107781851077,0.0,t,0.5667032199117937,-0.6715109460902232,-4.440892098500626e-16,1.1102230246251565e-16,5.13164844039733e-16,5.551115123125783e-16,7.076311083754596e-17,0.5667032199117934,-0.6715109460902231,1.1102230246251565e-16,-0.6715109460902232,0.5667032199117934
0.7363107781851077,0.0,n,0.06189954001260101,2.208932334555323,-1.1102230246251565e-16,1.3877787807814457e-17,7.28583859910259e-17,1.3877787807814457e-17,7.076311083754596e-17,0.061899540012600944,2.208932334555323,0.0,2.208932334555323,0.06189954001260095
0.760854470791278,0.0,t,0.5635533410404573,-0.7282111897163112,-2.220446049250313e-16,1.1102230246251565e-16,1.7772239894833365e-16,2.220446049250313e-16,1.0408340855860843e-16,0.563553341040457,-0.7282111897163109,0.0,-0.7282111897163108,0.563553341040457
0.760854470791278,0.0,n,0.062349522708506196,2.2825634123738334,-4.440892098500626e-16,2.0816681711721685e-17,3.536189955575242e-17,4.85722573273506e-17,1.0408340855860843e-16,0.06234952270850615,2.282563412373834,-1.1102230246251565e-16,2.282563412373834,0.06234952270850615
0.7853981633974483,0.0,t,0.5624999999999999,-0.7853981633974484,-4.440892098500626e-16,1.1102230246251565e-16,2.0977964445877093e-16,5.551115123125783e-16,1.3877787807814457e-16,0.5625,-0.7853981633974483,0.0,-0.7853981633974483,0.5625
0.7853981633974483,0.0,n,0.06249999999999996,2.356194490192345,-7.771561172376096e-16,2.7755575615628914e-17,6.453544378663091e-17,9.71445146547012e-17,1.3877787807814457e-16,0.0625,2.356194490192345,0.0,2.356194490192345,0.0625
0.8099418560036186,0.0,t,0.5635533410404573,-0.8425851370785854,-4.440892098500626e-16,1.1102230246251565e-16,2.10057644467752e-16,4.440892098500626e-16,5.928593550334434e-17,0.5635533410404568,-0.8425851370785855,0.0,-0.8425851370785855,0.563553341040457
0.8099418560036186,0.0,n,0.062349522708506196,2.429825568010856,-2.220446049250313e-16,2.7755575615628914e-17,3.120832070380308e-17,2.7755575615628914e-17,5.928593550334434e-17,0.06234952270850617,2.429825568010856,5.551115123125783e-17,2.429825568010856,0.062349522708506154
0.8344855486097889,0.0,t,0.5667032199117937,-0.8992853807046733,-4.440892098500626e-16,1.1102230246251565e-16,4.0186867901710194e-16,5.551115123125783e-16,9.71445146547012e-17,0.5667032199117934,-0.8992853807046733,0.0,-0.8992853807046733,0.5667032199117934
0.8344855486097889,0.0,n,0.061899540012601006,2.503456645829366,-3.3306690738754696e-16,1.3877787807814457e-17,4.154435558681304e-17,4.163336342344337e-17,9.71445146547012e-17,0.061899540012600944,2.5034566458293663,-1.1102230246251565e-16,2.5034566458293668,0.06189954001260095
0.859029241215959,0.0,t,0.5719193015585792,-0.9550275362543839,-5.551115123125783e-16,1.1102230246251565e-16,6.084327794855611e-16,6.661338147750939e-16,5.553824967135427e-17,0.5719193015585793,-0.9550275362543837,0.0,-0.9550275362543837,0.5719193015585793
0.859029241215959,0.0,n,0.06115438549163153,2.577087723647877,-3.3306690738754696e-16,2.0816681711721685e-17,5.63182172019492e-17,4.163336342344337e-17,5.553824967135427e-17,0.06115438549163153,2.5770877236478773,0.0,2.5770877236478773,0.06115438549163153
0.8835729338221293,0.0,t,0.5791513522631563,-1.0093698602430723,-3.3306690738754696e-16,2.220446049250313e-16,4.918240334741595e-16,3.3306690738754696e-16,7.632783294297951e-17,0.579151352263156,-1.0093698602430723,0.0,-1.009369860243072,0.579151352263156
0.8835729338221293,0.0,n,0.06012123539097776,2.650718801466388,-2.220446049250313e-16,2.7755575615628914e-17,2.6020852139652106e-17,2.7755575615628914e-17,7.632783294297951e-17,0.060121235390977724,2.650718801466388,0.0,2.650718801466388,0.06012123539097772
0.9081166264282996,0.0,t,0.5883297234237975,-1.061912359823679,-3.3306690738754696e-16,2.220446049250313e-16,4.1486339206219796e-16,3.3306690738754696e-16,5.419449386414209e-17,0.5883297234237974,-1.061912359823679,1.1102230246251565e-16,-1.0619123598236788,0.5883297234237973
0.9081166264282996,0.0,n,0.05881003951088613,2.7243498792848992,-1.1102230246251565e-16,1.3877787807814457e-17,4.772854504744019e-17,1.3877787807814457e-17,5.419449386414209e-17,0.058810039510886085,2.724349879284899,0.0,2.724349879284899,0.05881003951088609
0.9326603190344698,0.0,t,0.599366022308818,-1.1123061185919556,-3.3306690738754696e-16,2.220446049250313e-16,3.613544257464544e-16,4.440892098500626e-16,7.196489415735147e-17,0.5993660223088182,-1.1123061185919558,1.1102230246251565e-16,-1.112306118591956,0.5993660223088182
0.9326603190344698,0.0,n,0.05723342538445454,2.7979809571034093,-4.440892098500626e-16,1.3877787807814457e-17,3.622208959480119e-17,4.85722573273506e-17,7.196489415735147e-17,0.05723342538445454,2.7979809571034093,-1.1102230246251565e-16,2.7979809571034093,0.05723342538445454
0.9572040116406401,0.0,t,0.6121539633269012,-1.1602594465819396,-3.3306690738754696e-16,2.220446049250313e-16,4.070388103071988e-16,4.440892098500626e-16,7.016522229951154e-17,0.6121539633269013,-1.1602594465819396,0.0,-1.1602594465819396,0.6121539633269013
0.9572040116406401,0.0,n,0.05540657666758554,2.8716120349219203,-2.220446049250313e-16,2.0816681711721685e-17,3.619301122287853e-17,2.7755575615628914e-17,7.016522229951154e-17,0.05540657666758553,2.8716120349219203,0.0,2.8716120349219203,0.055406576667585535
0.9817477042468103,0.0,t,0.6265703916154429,-1.205540830822659,-5.551115123125783e-16,1.1102230246251565e-16,6.31479282224417e-16,6.661338147750939e-16,7.60315664622255e-17,0.6265703916154426,-1.205540830822659,0.0,-1.205540830822659,0.6265703916154427
0.9817477042468103,0.0,n,0.053347086912079615,2.945243112740431,-8.881784197001252e-16,2.0816681711721685e-17,7.536755503231626e-17,9.71445146547012e-17,7.60315664622255e-17,0.05334708691207963,2.945243112740431,1.1102230246251565e-16,2.945243112740431,0.053347086912079615
1.0062913968529805,0.0,t,0.6424764690892026,-1.247978954910499,-2.220446049250313e-16,1.1102230246251565e-16,1.9580585738262726e-16,3.3306690738754696e-16,6.546139416680338e-17,0.6424764690892025,-1.2479789549104987,1.1102230246251565e-16,-1.2479789549104987,0.6424764690892024
1.0062913968529805,0.0,n,0.05107479013011394,3.0188741905589422,-1.1102230246251565e-16,6.938893903907228e-18,4.220764384040162e-17,1.3877787807814457e-17,6.546139416680338e-17,0.05107479013011392,3.018874190558942,-1.1102230246251565e-16,3.0188741905589414,0.05107479013011393
1.030835089459151,0.0,t,0.6597190115269623,-1.287460264156388,-3.3306690738754696e-16,2.220446049250313e-16,5.557109266127093e-16,4.440892098500626e-16,7.514702163991777e-17,0.659719011526962,-1.2874602641563881,1.1102230246251565e-16,-1.2874602641563881,0.659719011526962
1.030835089459151,0.0,n,0.04861156978186261,3.0925052683774528,-6.661338147750939e-16,2.0816681711721685e-17,4.198618600546396e-17,6.245004513516506e-17,7.514702163991777e-17,0.048611569781862575,3.0925052683774528,5.551115123125783e-17,3.0925052683774528,0.04861156978186257
1.055378782065321,0.0,t,0.6781319638193134,-1.3239246652353156,0.0,2.220446049250313e-16,3.3306690738754696e-16,0.0,4.4430599737083425e-17,0.678131963819313,-1.3239246652353154,5.551115123125783e-17,-1.3239246652353154,0.678131963819313
1.055378782065321,0.0,n,0.04598114802581242,-3.117048960983622,-3.3306690738754696e-16,2.0816681711721685e-17,3.901240879685353e-17,2.7755575615628914e-17,4.4430599737083425e-17,0.045981148025812435,-3.1170489609836234,0.0,-3.1170489609836234,0.045981148025812435
1.0799224746714913,0.0,t,0.6975379991701365,-1.3573599734072161,-4.440892098500626e-16,1.1102230246251565e-16,4.886044989792943e-16,5.551115123125783e-16,4.57980139313838e-17,0.6975379991701365,-1.3573599734072161,0.0,-1.3573599734072161,0.6975379991701365
1.0799224746714913,0.0,n,0.04320885726140909,-3.0434178831651124,-1.1102230246251565e-16,1.3877787807814457e-17,2.7880896495884057e-17,1.3877787807814457e-17,4.57980139313838e-17,0.04320885726140907,-3.0434178831651124,-1.1102230246251565e-16,-3.043417883165113,0.04320885726140907
1.1044661672776617,0.0,t,0.7177502268505875,-1.3877956761899637,-2.220446049250313e-16,2.220446049250313e-16,6.329245045284193e-16,3.3306690738754696e-16,5.76648802964689e-17,0.7177502268505863,-1.3877956761899637,-1.1102230246251565e-16,-1.3877956761899637,0.7177502268505863
1.1044661672776617,0.0,n,0.04032139616420199,-2.9697868053466014,-4.440892098500626e-16,6.938893903907228e-18,3.1986720415755645e-17,3.469446951953614e-17,5.76648802964689e-17,0.04032139616420195,-2.9697868053466014,1.1102230246251565e-16,-2.9697868053466014,0.04032139616420195
1.1290098598838318,0.0,t,0.7385739920589718,-1.415296494557975,-4.440892098500626e-16,2.220446049250313e-16,7.553400771368293e-16,6.661338147750939e-16,4.934061025491062e-17,0.7385739920589718,-1.4152964945579751,-1.1102230246251565e-16,-1.4152964945579751,0.7385739920589719
1.1290098598838318,0.0,n,0.037346572563004,-2.896155727528091,-1.1102230246251565e-15,2.0816681711721685e-17,7.63732339249962e-17,8.326672684688674e-17,4.934061025491062e-17,0.037346572563004034,-2.8961557275280914,0.0,-2.896155727528091,0.03734657256300402
1.1535535524900022,0.0,t,0.7598087505529093,-1.4399561147648927,-1.1102230246251565e-16,2.220446049250313e-16,5.026748538604307e-16,2.220446049250313e-16,4.626380998120694e-17,0.7598087505529086,-1.4399561147648927,0.0,-1.4399561147648927,0.7598087505529086
1.1535535524900022,0.0,n,0.034313035635298784,-2.82252464970958,-5.551115123125783e-16,1.3877787807814457e-17,4.092708846996033e-17,4.163336342344337e-17,4.626380998120694e-17,0.034313035635298764,-2.82252464970958,-1.1102230246251565e-16,-2.82252464970958,0.034313035635298764
1.1780972450961724,0.0,t,0.7812499999999999,-1.4618913543045002,-3.3306690738754696e-16,4.440892098500626e-16,6.401294164406829e-16,5.551115123125783e-16,5.928593550334434e-17,0.78125,-1.4618913543045002,5.551115123125783e-17,-1.4618913543045002,0.78125
1.1780972450961724,0.0,n,0.031249999999999997,-2.7488935718910703,-9.992007221626409e-16,6.938893903907228e-18,3.8045456020772473e-17,5.898059818321144e-17,5.928593550334434e-17,0.03125,-2.748893571891069,-1.1102230246251565e-16,-2.7488935718910694,0.03125000000000001
1.2026409377023426,0.0,t,0.802691249447091,-1.481236926705329,-5.551115123125783e-16,3.3306690738754696e-16,4.904391842469263e-16,8.881784197001252e-16,6.123966996043844e-17,0.8026912494470912,-1.481236926705329,5.551115123125783e-17,-1.481236926705329,0.8026912494470912
1.2026409377023426,0.0,n,0.028186964364701243,-2.6752624940725576,-3.3306690738754696e-16,6.938893903907228e-18,4.9096045625102536e-17,1.734723475976807e-17,6.123966996043844e-17,0.02818696436470125,-2.675262494072559,1.1102230246251565e-16,-2.675262494072559,0.028186964364701247
1.227184630308513,0.0,t,0.8239260079410287,-1.4981408883753156,-5.551115123125783e-16,2.220446049250313e-16,4.989582480176451e-16,8.881784197001252e-16,5.898059818321144e-17,0.8239260079410281,-1.4981408883753153,0.0,-1.4981408883753153,0.8239260079410281
1.227184630308513,0.0,n,0.025153427436995994,-2.6016314162540475,-3.3306690738754696e-16,6.938893903907228e-18,2.725538060647499e-17,1.734723475976807e-17,5.898059818321144e-17,0.025153427436995984,-2.601631416254047,-2.220446049250313e-16,-2.601631416254048,0.02515342743699599
1.2517283229146832,0.0,t,0.8447497731494138,-1.5127607886146266,-4.440892098500626e-16,3.3306690738754696e-16,2.359479019930958e-16,7.771561172376096e-16,5.790573482681624e-17,0.8447497731494136,-1.5127607886146266,0.0,-1.5127607886146266,0.8447497731494136
1.2517283229146832,0.0,n,0.022178603835798037,-2.5280003384355356,-4.440892098500626e-16,1.0408340855860843e-17,4.5102810375396984e-17,2.0816681711721685e-17,5.790573482681624e-17,0.02217860383579806,-2.528000338435537,0.0,-2.5280003384355374,0.02217860383579806
1.2762720155208536,0.0,t,0.8649620008298634,-1.5252605002167245,-5.551115123125783e-16,2.220446049250313e-16,7.603634791008489e-16,9.992007221626409e-16,5.637851296924623e-17,0.8649620008298634,-1.5252605002167243,0.0,-1.5252605002167243,0.8649620008298634
1.2762720155208536,0.0,n,0.019291142738590956,-2.454369260617025,-4.440892098500626e-16,6.938893903907228e-18,4.722941964623716e-17,1.734723475976807e-17,5.637851296924623e-17,0.019291142738590943,-2.4543692606170255,1.6653345369377348e-16,-2.454369260617026,0.019291142738590936
1.3008157081270237,0.0,t,0.8843680361806879,-1.5358076801333995,-2.220446049250313e-16,4.440892098500626e-16,3.9228154662445985e-16,3.3306690738754696e-16,5.900610330794223e-17,0.8843680361806869,-1.5358076801333995,-1.1102230246251565e-16,-1.5358076801333995,0.8843680361806869
1.3008157081270237,0.0,n,0.016518851974187548,-2.380738182798517,-1.1102230246251565e-15,3.469446951953614e-18,5.165900182494652e-17,3.8163916471489756e-17,5.900610330794223e-17,0.016518851974187582,-2.3807381827985155,3.3306690738754696e-16,-2.3807381827985155,0.016518851974187575
1.325359400733194,0.0,t,0.9027809884730378,-1.544571794200478,-2.220446049250313e-16,4.440892098500626e-16,4.441739050683927e-16,4.440892098500626e-16,3.849757495631044e-17,0.9027809884730379,-1.5445717942004777,0.0,-1.5445717942004777,0.9027809884730379
1.325359400733194,0.0,n,0.013888430218137428,-2.307107104980004,0.0,5.204170427930421e-18,2.0616953151650202e-17,0.0,3.849757495631044e-17,0.013888430218137444,-2.307107104980005,1.6653345369377348e-16,-2.307107104980005,0.013888430218137442
1.3499030933393643,0.0,t,0.9200235309107976,-1.5517226336445773,-3.3306690738754696e-16,2.220446049250313e-16,8.381156293926111e-16,6.661338147750939e-16,7.376145397762941e-17,0.9200235309107975,-1.5517226336445775,0.0,-1.5517226336445775,0.9200235309107975
1.3499030933393643,0.0,n,0.011425209869886032,-2.2334760271614926,-3.1086244689504383e-15,3.469446951953614e-18,6.323276921193321e-17,7.112366251504909e-17,7.376145397762941e-17,0.011425209869886075,-2.2334760271614935,-1.1102230246251565e-16,-2.2334760271614935,0.011425209869886075
1.3744467859455345,0.0,t,0.9359296083845577,-1.557429251148307,-3.3306690738754696e-16,2.220446049250313e-16,7.796612332912426e-16,6.661338147750939e-16,4.838603712483317e-17,0.9359296083845573,-1.557429251148307,-1.1102230246251565e-16,-1.557429251148307,0.9359296083845572
1.3744467859455345,0.0,n,0.009152913087920435,-2.1598449493429817,0.0,3.469446951953614e-18,4.17799244996573e-17,0.0,4.838603712483317e-17,0.009152913087920387,-2.1598449493429834,-3.3306690738754696e-16,-2.159844949342983,0.009152913087920395
1.3989904785517047,0.0,t,0.9503460366730988,-1.5618592483161173,-2.220446049250313e-16,4.440892098500626e-16,4.563221345618707e-16,4.440892098500626e-16,3.825252106598444e-17,0.9503460366730987,-1.5618592483161176,0.0,-1.5618592483161176,0.9503460366730987
1.3989904785517047,0.0,n,0.00709342333241448,-2.086213871524471,-8.881784197001252e-16,8.673617379884035e-19,2.083474391183281e-17,1.3010426069826053e-17,3.825252106598444e-17,0.007093423332414472,-2.0862138715244716,-1.1102230246251565e-15,-2.0862138715244725,0.007093423332414479
1.423534171157875,0.0,t,0.9631339776911823,-1.565178352687816,-2.220446049250313e-16,4.440892098500626e-16,2.9198061711971974e-16,3.3306690738754696e-16,4.367922104569409e-17,0.9631339776911818,-1.565178352687816,-1.1102230246251565e-16,-1.5651783526878162,0.9631339776911818
1.423534171157875,0.0,n,0.005266574615545444,-2.0125827937059584,-2.4424906541753444e-15,8.673617379884035e-19,3.028742989953674e-17,2.6020852139652106e-17,4.367922104569409e-17,0.005266574615545456,-2.0125827937059606,-8.881784197001252e-16,-2.012582793705962,0.005266574615545461
1.4480778637640452,0.0,t,0.9741702765762029,-1.5675502297210504,-5.551115123125783e-16,4.440892098500626e-16,8.485476136295998e-16,9.992007221626409e-16,3.445648406803154e-17,0.9741702765762026,-1.5675502297210506,0.0,-1.5675502297210506,0.9741702765762026
1.4480778637640452,0.0,n,0.0036899604891139186,-1.9389517158874487,1.7763568394002505e-15,8.673617379884035e-19,1.484943111320381e-17,1.3010426069826053e-17,3.445648406803154e-17,0.003689960489113916,-1.93895171588745,-3.3306690738754696e-16,-1.9389517158874503,0.0036899604891139116
1.4726215563702154,0.0,t,0.9833486477368443,-1.5691364825437426,-4.440892098500626e-16,4.440892098500626e-16,5.12973205387066e-16,8.881784197001252e-16,5.5411111199359783e-17,0.9833486477368439,-1.5691364825437426,5.551115123125783e-17,-1.5691364825437426,0.9833486477368439
1.4726215563702154,0.0,n,0.0023787646090222547,-1.8653206380689402,-9.880984919163893e-15,4.336808689942018e-19,3.7681656186387576e-17,4.7271214720367993e-17,5.5411111199359783e-17,0.002378764609022294,-1.865320638068939,-1.9984014443252818e-15,-1.8653206380689407,0.0023787646090222964
1.4971652489763858,0.0,t,0.9905806984414207,-1.5700967992090133,-1.1102230246251565e-16,2.220446049250313e-16,5.011184816291696e-16,1.1102230246251565e-16,3.710332463645954e-17,0.9905806984414206,-1.5700967992090133,-1.1102230246251565e-16,-1.5700967992090133,0.9905806984414207
1.4971652489763858,0.0,n,0.0013456145083684636,-1.7916895602504124,-1.099120794378905e-14,2.168404344971009e-19,3.345357807959914e-17,2.949029909160572e-17,3.710332463645954e-17,0.001345614508368485,-1.7916895602504306,5.495603971894525e-15,-1.7916895602504292,0.0013456145083684742
1.521708941582556,0.0,t,0.9957967800882068,-1.5705892133394566,-1.1102230246251565e-16,0.0,4.588743409929729e-16,2.220446049250313e-16,4.5219549843910366e-17,0.9957967800882066,-1.5705892133394566,-1.1102230246251565e-16,-1.5705892133394566,0.9957967800882066
1.521708941582556,0.0,n,0.0006004599873990316,-1.718058482431921,-1.4099832412739488e-14,1.0842021724855044e-19,3.368616165456138e-17,1.691355389077387e-17,4.5219549843910366e-17,0.000600459987399057,-1.7180584824319163,-1.3322676295501878e-15,-1.7180584824319187,0.0006004599873990525
1.5462526341887264,0.0,t,0.9989466589595442,-1.5707704492484644,-4.440892098500626e-16,2.220446049250313e-16,7.856506458112332e-16,7.771561172376096e-16,4.8599362381662736e-17,0.9989466589595432,-1.5707704492484642,0.0,-1.5707704492484642,0.998946658959543
1.5462526341887264,0.0,n,0.00015047729149384942,-1.64442740461343,2.7755575615628914e-14,2.710505431213761e-20,3.1252127621894665e-17,8.348356728138384e-18,4.8599362381662736e-17,0.00015047729149383508,-1.6444274046134013,-6.894484982922222e-14,-1.6444274046134073,0.00015047729149384598
1.5707963267948966,0.0,t,1.0000000000000002,-1.5707963267948966,0.0,1.1102230246251565e-16,2.237726045655905e-16,0.0,4.163336342344337e-17,1.0,-1.5707963267948966,0.0,-1.5707963267948966,1.0
1.5707963267948966,0.0,n,0.0,0.0,0.0,6.162975822039155e-33,4.163336342344337e-17,2.7755575615628914e-17,4.163336342344337e-17,0.0,-0.0,0.0,-1.5707963267948968,0.0
0.0,0.01,t,0.9320721399999996,0.0,7.214218503970304e-06,2.220446049250313e-16,1.463439437963247e-16,1.3448344158839554e-05,0.0,0.9320721399999999,-0.0,7.214218504636438e-06,-0.0,1.0
0.0,0.01,n,0.009703979999999944,0.0,0.02940400000000093,1.734723475976807e-18,1.5236145817218091e-18,0.0005706716558400143,0.0,0.00970398000000001,-0.0,0.02940400000000054,0.0,0.0
0.02454369260617026,0.01,t,0.9311005717626609,-2.5117170988069996e-05,7.5509434465659275e-06,3.3306690738754696e-16,5.881652891410432e-16,1.4061375520846298e-05,3.103546473091361e-17,0.9311005717626613,-2.5117170988054628e-05,7.550943446954506e-06,-2.5877546432335682e-05,0.998946658959543
0.02454369260617026,0.01,n,0.009842775462476956,0.001023730845441087,0.02984081613578049,3.469446951953614e-18,2.6020852139652106e-17,0.0005874329056830933,3.103546473091361e-17,0.009842775462476963,0.0010237308454402237,0.02984081613579731,0.07363107781851078,0.00015047729149384598
0.04908738521234052,0.01,t,0.9281952237838846,-0.00020103623824608137,8.730454771843643e-06,3.3306690738754696e-16,7.216470510075176e-16,1.6207132841339345e-05,1.7368905267604862e-17,0.9281952237838837,-0.00020103623824608506,8.730454772565288e-06,-0.00020711345544000687,0.9957967800882066
0.04908738521234052,0.01,n,0.01025782517373077,0.007841777606035053,0.031271404308327755,3.469446951953614e-18,4.4278476914291854e-17,0.0006415531966637543,1.7368905267604862e-17,0.010257825173730892,0.00784177760603608,0.03127140430831965,0.14726215563702155,0.000600459987399049
0.07363107781851078,0.01,t,0.9233840761529291,-0.0006790504252446958,1.1263104037761984e-05,4.440892098500626e-16,8.341706871896773e-16,2.080034183304935e-05,3.82033216616167e-17,0.923384076152928,-0.0006790504252446711,1.1263104038261584e-05,-0.0006995275858833474,0.9905806984414207
0.07363107781851078,0.01,n,0.010945131978153428,0.02473351541708764,0.0339404345275825,3.469446951953614e-18,2.570234768462945e-17,0.0007429650706005323,3.82033216616167e-17,0.01094513197815315,0.02473351541708625,0.03394043452756473,0.22089323345553233,0.0013456145083684742
0.09817477042468103,0.01,t,0.9167134628515222,-0.0016114212924358542,1.6007109643834116e-05,2.220446049250313e-16,5.045393962631396e-16,2.93478658236479e-05,4.16423974613979e-17,0.9167134628515209,-0.0016114212924358282,1.6007109643667583e-05,-0.001659844251154037,0.9833486477368439
0.09817477042468103,0.01,n,0.01189807673549716,0.05376924928209191,0.03799093867271569,3.469446951953614e-18,1.214306433183765e-17,0.000904038207163076,4.16423974613979e-17,0.011898076735497016,0.05376924928209378,0.037990938672711805,0.2945243112740431,0.0023787646090222894
0.1227184630308513,0.01,t,0.9082476255322823,-0.0031518261922480594,2.417937501497658e-05,2.220446049250313e-16,9.88346651101345e-16,4.392171988842897e-05,2.098316382350374e-17,0.9082476255322831,-0.0031518261922481093,2.417937501603129e-05,-0.003246097073846106,0.9741702765762027
0.1227184630308513,0.01,n,0.013107482066816445,0.09504459632138264,0.04333231567994161,3.469446951953614e-18,1.7115375544166793e-17,0.001135955101376927,2.098316382350374e-17,0.013107482066816698,0.09504459632138373,0.043332315679943445,0.36815538909255385,0.0036899604891139047
0.14726215563702155,0.01,t,0.8980680948364962,-0.005455759065193327,3.736930030956431e-05,2.220446049250313e-16,6.085896650473698e-16,6.712035266875915e-05,2.797157557069881e-17,0.8980680948364963,-0.005455759065193222,3.736930030978636e-05,-0.005617974107080484,0.9631339776911818
0.14726215563702155,0.01,n,0.014561700737643197,0.14738153731378098,0.04966770255669389,3.469446951953614e-18,1.912590519221096e-17,0.0014464924419137042,2.797157557069881e-17,0.014561700737643386,0.1473815373137776,0.049667702556701276,0.44178646691106466,0.005266574615545461
0.1718058482431918,0.01,t,0.8862729052094591,-0.00868086460818578,5.755408346691526e-05,2.220446049250313e-16,3.3425768349861557e-16,0.0001020172495217464,3.8321294114307615e-17,0.8862729052094585,-0.008680864608185861,5.755408346674873e-05,-0.00893707847877903,0.9503460366730987
0.1718058482431918,0.01,n,0.01624672782722018,0.20902463256837125,0.05660606150479536,6.938893903907228e-18,3.3876536524249764e-17,0.0018393265492785919,3.8321294114307615e-17,0.016246727827220222,0.20902463256837622,0.05660606150480341,0.5154175447295755,0.007093423332414469
0.19634954084936207,0.01,t,0.8729756507751859,-0.01298718191313642,8.711333260408294e-05,2.220446049250313e-16,5.011910037722578e-16,0.00015209563644247304,3.736708725176136e-17,0.8729756507751846,-0.012987181913136317,8.711333260402743e-05,-0.013367075646589593,0.9359296083845573
0.19634954084936207,0.01,n,0.01814633560354496,0.2781215266850624,0.06376833411897526,1.0408340855860843e-17,2.45078630658258e-17,0.002314323183603823,3.736708725176136e-17,0.01814633560354506,0.278121526685059,0.06376833411898392,0.5890486225480862,0.009152913087920388
0.22089323345553233,0.01,t,0.8583043913628955,-0.018537268593550527,0.00012883995696311157,3.3306690738754696e-16,6.936948845941011e-16,0.00022116780168890404,3.538155541877298e-17,0.8583043913628954,-0.018537268593550288,0.00012883995696388872,-0.01907369315031915,0.9200235309107975
0.22089323345553233,0.01,n,0.020242229805300913,0.3529805424601236,0.07084797455572867,3.469446951953614e-18,4.163336342344337e-17,0.0028682419643943427,3.538155541877298e-17,0.02024222980530066,0.3529805424601111,0.07084797455572,0.662679700366597,0.011425209869886079
0.2454369260617026,0.01,t,0.8424004192208575,-0.025496170118332127,0.00018594323776621735,2.220446049250313e-16,6.024394229147896e-16,0.00031327732289110344,3.685011633726422e-17,0.8424004192208572,-0.025496170118332218,0.00018594323776688348,-0.026224532594418704,0.902780988473038
0.2454369260617026,0.01,n,0.02251422582559192,0.4321729707604177,0.07762863621689542,6.938893903907228e-18,5.87802964969931e-17,0.0034954972926398153,3.685011633726422e-17,0.022514225825591833,0.4321729707604054,0.07762863621688504,0.7363107781851076,0.013888430218137428
0.2699806186678728,0.01,t,0.8254168982947946,-0.03403119151985669,0.00026203869051460993,1.1102230246251565e-16,5.440641157460055e-16,0.00043258232631560034,2.4532694666933986e-17,0.8254168982947937,-0.03403119151985658,0.00026203869051472095,-0.03498864666149702,0.884368036180687
0.2699806186678728,0.01,n,0.024940443100743764,0.5145480149866729,0.08397638493416487,6.938893903907228e-18,2.0834768719424613e-17,0.004188816500513389,2.4532694666933986e-17,0.024940443100743757,0.5145480149866736,0.08397638493416676,0.8099418560036185,0.01651885197418757
0.2945243112740431,0.01,t,0.8075173891753604,-0.04431141988054658,0.00036111783679099174,2.220446049250313e-16,8.268932009711407e-16,0.0005832178655001963,4.590466417541975e-17,0.8075173891753595,-0.04431141988054645,0.00036111783679143583,-0.04553582657817216,0.8649620008298634
0.2945243112740431,0.01,n,0.027497515832091646,0.5992068980395615,0.08982183109791508,6.938893903907228e-18,6.654425129645422e-17,0.0049397544453647635,4.590466417541975e-17,0.027497515832091497,0.5992068980395584,0.0898218310979152,0.8835729338221294,0.019291142738590943
0.3190680038802134,0.01,t,0.7888742739202421,-0.05650693621439986,0.0004874893824380333,2.220446049250313e-16,7.25336311781646e-16,0.0007691356652292924,4.0913371354252115e-17,0.788874273920242,-0.05650693621440011,0.00048748938243869944,-0.05803553818027003,0.8447497731494136
0.3190680038802134,0.01,n,0.030160818011393586,0.6854626142793157,0.09514126960596242,1.0408340855860843e-17,2.0816681711721685e-17,0.00573907703591673,4.0913371354252115e-17,0.030160818011394,0.6854626142793259,0.09514126960596803,0.9572040116406402,0.022178603835798054
0.3436116964863836,0.01,t,0.7696670959207116,-0.07078764496941381,0.000645681713346058,2.220446049250313e-16,5.003707553108401e-16,0.0009939199384003672,6.206335383118183e-17,0.7696670959207114,-0.07078764496941407,0.0006456817133464465,-0.07265543841958122,0.8239260079410281
0.3436116964863836,0.01,n,0.032904700582755596,0.7727985146620959,0.09994077784865857,1.3877787807814457e-17,2.023017827855918e-17,0.0065770427422356045,6.206335383118183e-17,0.03290470058275552,0.7727985146620878,0.09994077784865318,1.030835089459151,0.02515342743699599
0.36815538909255385,0.01,t,0.750080830800614,-0.08732163917339879,0.000840295359342158,2.220446049250313e-16,4.301099140549049e-16,0.0012605788825065245,4.166948782366562e-17,0.7500808308006147,-0.08732163917339927,0.0008402953593426576,-0.08955940008956756,0.8026912494470915
0.36815538909255385,0.01,n,0.03570273845705498,0.8608313549885761,0.10424426177232043,1.3877787807814457e-17,3.176847603916038e-17,0.007443611227411863,4.166948782366562e-17,0.03570273845705504,0.8608313549885803,0.10424426177231794,1.1044661672776614,0.028186964364701226
0.39269908169872414,0.01,t,0.7303041049999999,-0.10627301055918247,0.00107579359816945,2.220446049250313e-16,3.551188020083646e-16,0.0015713129617517252,4.163336342344337e-17,0.730304105,-0.1062730105591825,0.0010757935981697275,-0.10890497249039632,0.78125
0.39269908169872414,0.01,n,0.038527984999999855,0.9492805596121878,0.1080851057604914,6.938893903907228e-18,2.203435051085965e-17,0.008328602666927223,4.163336342344337e-17,0.038527985,0.9492805596121875,0.10808510576049385,1.1780972450961724,0.031249999999999997
0.4172427743048944,0.01,t,0.7105273791993855,-0.1277990089176102,0.001356220334152669,2.220446049250313e-16,4.84641750354243e-16,0.0019272633592848365,5.419449386414209e-17,0.7105273791993852,-0.12779900891760995,0.0013562203341533907,-0.13084021203000376,0.7598087505529086
0.4172427743048944,0.01,n,0.04135323154294481,1.0379436531147979,0.1115006563995054,6.938893903907228e-18,2.905305468237506e-17,0.009221824922558158,5.419449386414209e-17,0.041353231542944964,1.0379436531147956,0.11150065639950879,1.2517283229146834,0.03431303563529877
0.44178646691106466,0.01,t,0.6909411140792894,-0.15204645650166,0.001684837653743887,3.3306690738754696e-16,4.440892098500626e-16,0.002328247211041079,4.8696008501999263e-17,0.6909411140792886,-0.15204645650166002,0.001684837653743887,-0.15549983223692143,0.738573992058972
0.44178646691106466,0.01,n,0.044151269417244794,1.126677094999827,0.1145287599268337,6.938893903907228e-18,2.754933230553248e-17,0.010113180271105165,4.8696008501999263e-17,0.04415126941724449,1.1266770949998248,0.11452875992683059,1.325359400733194,0.037346572563004006
0.4663301595172349,0.01,t,0.671733936079759,-0.17914733578117648,0.0020636820405550704,2.220446049250313e-16,3.3766115072321297e-16,0.0027724905198383,4.8696008501999263e-17,0.671733936079758,-0.17914733578117636,0.0020636820405546263,-0.18300065060493284,0.7177502268505864
0.4663301595172349,0.01,n,0.04689515198860606,1.2153815604514304,0.11720571085033182,1.3877787807814457e-17,2.7973518220090677e-17,0.01099275924851785,4.8696008501999263e-17,0.046895151988606006,1.2153815604514355,0.11720571085033166,1.3989904785517047,0.04032139616420194
0.4908738521234052,0.01,t,0.6530908208246412,-0.20921349768993497,0.0024930491065315863,2.220446049250313e-16,2.2591401799415137e-16,0.003256374974681675,4.443059973708341e-17,0.6530908208246404,-0.2092134976899352,0.002493049106531142,-0.2134363533876801,0.6975379991701366
0.4908738521234052,0.01,n,0.049558454167909,1.3039907511466122,0.11956513206176894,1.3877787807814457e-17,1.734723475976807e-17,0.011850926234726326,4.443059973708341e-17,0.04955845416790851,1.30399075114661,0.11956513206176406,1.4726215563702154,0.04320885726140905
0.5154175447295755,0.01,t,0.6351913117052065,-0.24233048913386906,0.0029709324865832554,1.1102230246251565e-16,1.8320778418176483e-16,0.0037742210062808867,4.2207643840401616e-17,0.6351913117052063,-0.24233048913386881,0.0029709324865832554,-0.24687166155958118,0.6781319638193131
0.5154175447295755,0.01,n,0.05211552689925619,1.392462948077539,0.12163744822668843,2.0816681711721685e-17,3.5296173663131624e-17,0.012678399410029725,4.2207643840401616e-17,0.05211552689925625,1.3924629480775395,0.12163744822668882,1.5462526341887264,0.04598114802581243
0.5399612373357456,0.01,t,0.6182077907791431,-0.27855057946306233,0.0034924630018968728,2.220446049250313e-16,2.5657425463300245e-16,0.0043181356735610965,4.842149349359368e-17,0.6182077907791428,-0.2785505794630623,0.0034924630018971503,-0.2833360626385084,0.6597190115269621
0.5399612373357456,0.01,n,0.05454174417440839,1.4807746647974025,0.12344972283126582,1.3877787807814457e-17,2.400963201807245e-17,0.013466326402129046,4.842149349359368e-17,0.05454174417440817,1.4807746647973963,0.12344972283126582,1.619883712007237,0.04861156978186256
0.5645049299419159,0.01,t,0.6023038186371047,-0.31788518074490835,0.004049417539927602,1.1102230246251565e-16,4.0980627152405943e-16,0.0048779592951089246,5.875215443966827e-17,0.6023038186371046,-0.3178851807449081,0.004049417539927991,-0.3228173718843975,0.6424764690892026
0.5645049299419159,0.01,n,0.05681374019469922,1.5689158951606148,0.12502570731123497,2.0816681711721685e-17,3.93385552787944e-17,0.014206356105678018,5.875215443966827e-17,0.05681374019469935,1.5689158951606095,0.12502570731123702,1.6935147898257479,0.051074790130113915
0.5890486225480862,0.01,t,0.587632559224815,-0.3602970064455932,0.004629889370919793,2.220446049250313e-16,4.157706965858782e-16,0.0054413474799227535,5.594315114139762e-17,0.5876325592248153,-0.36029700644559387,0.004629889370920348,-0.3652554959722375,0.6265703916154428
0.5890486225480862,0.01,n,0.05890963439645507,1.6568865643239863,0.12638600454012655,2.7755575615628914e-17,2.0816681711721685e-17,0.014890706640575131,5.594315114139762e-17,0.05890963439645496,1.6568865643239878,0.12638600454012427,1.7671458676442586,0.05334708691207961
0.6135923151542565,0.01,t,0.5743353047905416,-0.4056924896579278,0.005218226404511472,0.0,4.1910561433615493e-16,0.005994023305002316,9.022229924233907e-17,0.5743353047905414,-0.4056924896579281,0.0052182264045122495,-0.41053688021295703,0.6121539633269013
0.6135923151542565,0.01,n,0.060809242172779665,1.744693884108226,0.12754828508949823,2.7755575615628914e-17,8.523720332530124e-17,0.015512229113460077,9.022229924233907e-17,0.0608092421727798,1.7446938841082216,0.12754828508950083,1.8407769454627694,0.05540657666758553
0.6381360077604268,0.01,t,0.5625401151635044,-0.45391516500267964,0.005795342855940855,1.1102230246251565e-16,5.354257458946932e-16,0.006520225675185953,7.234545657571883e-17,0.5625401151635036,-0.4539151650026793,0.005795342855940688,-0.4584902082029405,0.5993660223088182
0.6381360077604268,0.01,n,0.06249426926235712,1.8323503859954713,0.1285275184088539,2.0816681711721685e-17,4.722851994331292e-17,0.016064466686130957,7.234545657571883e-17,0.062494269262356635,1.8323503859954733,0.12852751840885124,1.9144080232812803,0.05723342538445454
0.662679700366597,0.01,t,0.5523605844677167,-0.504740872368365,0.0063394845561211555,2.220446049250313e-16,4.864946117521317e-16,0.0070033627892862604,5.1577036902917074e-17,0.5523605844677169,-0.5047408723683658,0.006339484556121544,-0.5088839669712176,0.5883297234237974
0.662679700366597,0.01,n,0.06394848793318321,1.9198724603933253,0.1293361963709892,2.7755575615628914e-17,3.659102488406331e-17,0.016541708385908037,5.1577036902917074e-17,0.0639484879331833,1.9198724603933186,0.12933619637098726,1.9880391010997909,0.05881003951088609
0.6872233929727672,0.01,t,0.5438947471484795,-0.5578757166592031,0.006827473559076147,1.1102230246251565e-16,2.3551386880256624e-16,0.007426854010153305,6.985493646932535e-17,0.543894747148479,-0.5578757166592025,0.006827473559076036,-0.5614264665518243,0.5791513522631561
0.6872233929727672,0.01,n,0.06515789326450293,2.0072792726836743,0.12998453629946982,2.7755575615628914e-17,4.4191923014683215e-17,0.016939037084473522,6.985493646932535e-17,0.06515789326450301,2.0072792726836757,0.1299845362994702,2.061670178918302,0.06012123539097771
0.7117670855789375,0.01,t,0.5372241338470721,-0.6129576613194191,0.007236375936303496,1.1102230246251565e-16,2.482534153247273e-16,0.007775111589144901,8.32847949227958e-17,0.537224133847072,-0.6129576613194196,0.007236375936304218,-0.6157687905405126,0.5719193015585793
0.7117670855789375,0.01,n,0.06611083802184674,2.0945919579336145,0.1304806565641577,2.7755575615628914e-17,6.825723746121488e-17,0.017252371102194484,8.32847949227958e-17,0.06611083802184685,2.0945919579336136,0.13048065656416075,2.1353012567368124,0.061154385491631526
0.7363107781851077,0.01,t,0.5324129862161168,-0.6695624014192412,0.007545440325187391,2.220446049250313e-16,4.638087154601832e-16,0.008034580831697058,6.520806856012869e-17,0.5324129862161162,-0.6695624014192408,0.007545440325188224,-0.6715109460902232,0.5667032199117934
0.7363107781851077,0.01,n,0.06679814482626927,2.1818330193678435,0.13083072139560942,2.7755575615628914e-17,5.275955480050203e-17,0.017478498951018405,6.520806856012869e-17,0.06679814482626911,2.1818330193678417,0.13083072139561036,2.208932334555323,0.06189954001260095
0.760854470791278,0.01,t,0.529507638237339,-0.7272137442753093,0.007738066893186013,1.1102230246251565e-16,3.775526747199538e-16,0.008194731050266912,9.437916079723833e-17,0.5295076382373387,-0.72721374427531,0.007738066893186013,-0.7282111897163108,0.563553341040457
0.760854470791278,0.01,n,0.0672131945375234,2.2690258726591352,0.13103905358800078,1.3877787807814457e-17,5.665742553231819e-17,0.017615106801646498,9.437916079723833e-17,0.06721319453752304,2.2690258726591335,0.13103905358799933,2.282563412373834,0.06234952270850615
0.7853981633974483,0.01,t,0.52853607,-0.7853981633974492,0.007803515041234332,1.1102230246251565e-16,2.3999429563331356e-16,0.008248878344159771,1.3877787807814457e-16,0.5285360699999999,-0.7853981633974482,0.007803515041234554,-0.7853981633974483,0.5625
0.7853981633974483,0.01,n,0.0673519899999999,2.3561944901923417,0.13110821479929563,2.7755575615628914e-17,6.473303057645536e-17,0.017660798344159997,1.3877787807814457e-16,0.06735199000000001,2.356194490192345,0.13110821479929557,2.356194490192345,0.0625
0.8099418560036186,0.01,t,0.529507638237339,-0.8435825825195871,0.007738066893185902,1.1102230246251565e-16,4.756622912534842e-16,0.008194731050266801,6.206335383118183e-17,0.5295076382373387,-0.8435825825195864,0.007738066893186124,-0.8425851370785855,0.563553341040457
0.8099418560036186,0.01,n,0.06721319453752306,2.4433631077255527,0.13103905358799905,2.7755575615628914e-17,4.163336342344337e-17,0.01761510680164618,6.206335383118183e-17,0.06721319453752304,2.443363107725556,0.13103905358799928,2.429825568010856,0.062349522708506154
0.8344855486097889,0.01,t,0.5324129862161168,-0.901233925375655,0.007545440325187502,1.1102230246251565e-16,2.8182026156859677e-16,0.008034580831697169,9.714838672814893e-17,0.5324129862161162,-0.9012339253756556,0.007545440325188224,-0.8992853807046733,0.5667032199117934
0.8344855486097889,0.01,n,0.06679814482626902,2.53055596101685,0.13083072139560603,1.3877787807814457e-17,7.092634035792765e-17,0.01747849895101789,9.714838672814893e-17,0.06679814482626911,2.530555961016848,0.13083072139561036,2.5034566458293668,0.06189954001260095
0.859029241215959,0.01,t,0.5372241338470723,-0.9578386654754768,0.00723637593630394,1.1102230246251565e-16,2.387624894196368e-16,0.007775111589145345,5.3072333128159466e-17,0.5372241338470718,-0.9578386654754767,0.007236375936304162,-0.9550275362543837,0.5719193015585793
0.859029241215959,0.01,n,0.06611083802184704,2.6177970224510805,0.13048065656416075,2.7755575615628914e-17,6.067888737149019e-17,0.01725237110219497,5.3072333128159466e-17,0.06611083802184689,2.617797022451076,0.13048065656416086,2.5770877236478773,0.06115438549163153
0.8835729338221293,0.01,t,0.5438947471484795,-1.012920610135694,0.006827473559076369,1.1102230246251565e-16,1.847373446039864e-16,0.007426854010153527,6.938893903907228e-17,0.543894747148479,-1.012920610135694,0.006827473559076036,-1.009369860243072,0.579151352263156
0.8835729338221293,0.01,n,0.06515789326450307,2.7051097077010136,0.12998453629947276,1.3877787807814457e-17,1.6188257608106473e-17,0.01693903708447394,6.938893903907228e-17,0.06515789326450301,2.7051097077010136,0.12998453629947015,2.650718801466388,0.06012123539097772
0.9081166264282996,0.01,t,0.5523605844677171,-1.066055454426531,0.006339484556121211,2.220446049250313e-16,3.3306690738754696e-16,0.0070033627892863715,6.331146576060242e-17,0.5523605844677169,-1.0660554544265306,0.006339484556121544,-1.0619123598236788,0.5883297234237973
0.9081166264282996,0.01,n,0.06394848793318342,2.7925165199913686,0.1293361963709882,1.3877787807814457e-17,5.551115123125783e-17,0.01654170838590796,6.331146576060242e-17,0.0639484879331833,2.7925165199913713,0.12933619637098726,2.724349879284899,0.05881003951088609
0.9326603190344698,0.01,t,0.5625401151635038,-1.1168811617922163,0.005795342855940577,1.1102230246251565e-16,2.93947482604508e-16,0.00652022567518562,6.664589960562514e-17,0.5625401151635036,-1.116881161792217,0.005795342855940688,-1.112306118591956,0.5993660223088182
0.9326603190344698,0.01,n,0.06249426926235669,2.880038594389225,0.1285275184088493,1.3877787807814457e-17,4.16423974613979e-17,0.01606446668613027,6.664589960562514e-17,0.062494269262356635,2.8800385943892164,0.12852751840885124,2.7979809571034093,0.05723342538445454
0.9572040116406401,0.01,t,0.5743353047905423,-1.1651038371369682,0.00521822640451286,0.0,3.47224777717816e-16,0.0059940233050038705,6.266651041207814e-17,0.5743353047905414,-1.1651038371369684,0.0052182264045123605,-1.1602594465819396,0.6121539633269013
0.9572040116406401,0.01,n,0.06080924217278018,2.9676950962764717,0.12754828508950128,1.3877787807814457e-17,5.92097487909921e-17,0.015512229113460584,6.266651041207814e-17,0.0608092421727798,2.967695096276468,0.12754828508950078,2.8716120349219203,0.055406576667585535
0.9817477042468103,0.01,t,0.5876325592248163,-1.2104993203493024,0.00462988937092057,1.1102230246251565e-16,3.798960099072111e-16,0.005441347479923642,6.594231344563071e-17,0.5876325592248153,-1.2104993203493026,0.004629889370920348,-1.205540830822659,0.6265703916154427
0.9817477042468103,0.01,n,0.05890963439645536,3.0555024160607007,0.126386004540124,2.0816681711721685e-17,9.67467251692963e-17,0.014890706640574902,6.594231344563071e-17,0.05890963439645496,3.0555024160607016,0.12638600454012416,2.945243112740431,0.053347086912079615
1.0062913968529805,0.01,t,0.6023038186371048,-1.2529111460499873,0.004049417539927713,1.1102230246251565e-16,3.679021290846012e-16,0.004877959295109036,5.938815787785423e-17,0.6023038186371046,-1.2529111460499882,0.004049417539928046,-1.2479789549104987,0.6424764690892024
1.0062913968529805,0.01,n,0.05681374019469947,-3.1397122219555023,0.1250257073112359,6.938893903907228e-18,5.65600331161661e-17,0.014206356105678192,5.938815787785423e-17,0.05681374019469935,-3.1397122219555067,0.12502570731123686,3.0188741905589414,0.05107479013011393
1.030835089459151,0.01,t,0.6182077907791425,-1.292245747331834,0.0034924630018963176,2.220446049250313e-16,5.863117853557872e-16,0.00431813567356043,6.898968492810676e-17,0.6182077907791428,-1.2922457473318343,0.0034924630018971503,-1.2874602641563881,0.659719011526962
1.030835089459151,0.01,n,0.05454174417440799,-3.051570991592287,0.12344972283126465,6.938893903907228e-18,4.25720235612286e-17,0.013466326402128817,6.898968492810676e-17,0.05454174417440817,-3.051570991592293,0.12344972283126582,3.0925052683774528,0.04861156978186257
1.055378782065321,0.01,t,0.6351913117052069,-1.3284658376610283,0.0029709324865832554,1.1102230246251565e-16,1.0428737611621843e-16,0.0037742210062808867,8.520035677327838e-17,0.6351913117052063,-1.3284658376610277,0.0029709324865832554,-1.3239246652353154,0.678131963819313
1.055378782065321,0.01,n,0.05211552689925657,-2.963259274872441,0.12163744822669209,6.938893903907228e-18,2.7134731179291166e-17,0.012678399410030197,8.520035677327838e-17,0.05211552689925625,-2.9632592748724362,0.12163744822668876,-3.1170489609836234,0.045981148025812435
1.0799224746714913,0.01,t,0.6530908208246408,-1.3615828291049612,0.0024930491065309757,2.220446049250313e-16,4.403933152883417e-16,0.003256374974680898,5.1019748043878786e-17,0.6530908208246402,-1.3615828291049612,0.0024930491065312532,-1.3573599734072161,0.6975379991701365
1.0799224746714913,0.01,n,0.04955845416790854,-2.874787077941511,0.11956513206176633,6.938893903907228e-18,2.7959314598220885e-17,0.011850926234725959,5.1019748043878786e-17,0.04955845416790854,-2.8747870779415075,0.11956513206176411,-3.043417883165113,0.04320885726140907
1.1044661672776617,0.01,t,0.671733936079759,-1.39164899101372,0.0020636820405544043,2.220446049250313e-16,5.953312170681638e-16,0.0027724905198374117,6.331146576060242e-17,0.6717339360797578,-1.3916489910137202,0.0020636820405547374,-1.3877956761899637,0.7177502268505863
1.1044661672776617,0.01,n,0.04689515198860615,-2.786177887246343,0.11720571085033032,6.938893903907228e-18,5.594315114139762e-17,0.010992759248517732,6.331146576060242e-17,0.04689515198860602,-2.7861778872463328,0.11720571085033177,-2.9697868053466014,0.04032139616420195
1.1290098598838318,0.01,t,0.6909411140792889,-1.4187498702932364,0.0016848376537437204,2.220446049250313e-16,5.887291398362879e-16,0.002328247211040857,4.2536112948712946e-17,0.6909411140792884,-1.4187498702932364,0.001684837653743887,-1.4152964945579751,0.7385739920589719
1.1290098598838318,0.01,n,0.044151269417244905,-2.697473421794718,0.11452875992683259,2.0816681711721685e-17,5.0515910130503314e-17,0.010113180271105096,4.2536112948712946e-17,0.04415126941724452,-2.6974734217947227,0.11452875992683076,-2.896155727528091,0.03734657256300402
1.1535535524900022,0.01,t,0.7105273791993866,-1.4429973178772864,0.0013562203341533907,2.220446049250313e-16,3.3335590258932494e-16,0.0019272633592858357,5.647850449853784e-17,0.7105273791993852,-1.4429973178772866,0.0013562203341533907,-1.4399561147648927,0.7598087505529086
1.1535535524900022,0.01,n,0.04135323154294509,-2.6087399799097,0.1115006563995099,1.3877787807814457e-17,4.8260815187375076e-17,0.009221824922558589,5.647850449853784e-17,0.041353231542944964,-2.6087399799096924,0.1115006563995089,-2.82252464970958,0.034313035635298764
1.1780972450961724,0.01,t,0.730304105,-1.4645233162357147,0.0010757935981692834,2.220446049250313e-16,3.6166810445393156e-16,0.0015713129617515031,6.206335383118184e-17,0.730304105,-1.464523316235714,0.0010757935981696165,-1.4618913543045002,0.78125
1.1780972450961724,0.01,n,0.038527985000000174,-2.520076886407084,0.10808510576049724,1.3877787807814457e-17,5.3907692601481513e-17,0.00832860266692774,6.206335383118184e-17,0.038527985,-2.520076886407084,0.1080851057604938,-2.7488935718910694,0.03125000000000001
1.2026409377023426,0.01,t,0.7500808308006146,-1.483474687621498,0.000840295359342158,3.3306690738754696e-16,4.948178243390825e-16,0.0012605788825065245,5.295880929093773e-17,0.7500808308006145,-1.4834746876214973,0.0008402953593426576,-1.481236926705329,0.8026912494470912
1.2026409377023426,0.01,n,0.03570273845705526,-2.4316276817834748,0.10424426177232626,6.938893903907228e-18,3.512547324411549e-17,0.007443611227412335,5.295880929093773e-17,0.03570273845705507,-2.431627681783478,0.10424426177231816,-2.675262494072559,0.028186964364701247
1.227184630308513,0.01,t,0.7696670959207124,-1.5000086818254823,0.000645681713346169,2.220446049250313e-16,4.884988775291378e-16,0.0009939199384004782,4.9674920646601394e-17,0.7696670959207114,-1.5000086818254825,0.0006456817133464465,-1.4981408883753153,0.8239260079410281
1.227184630308513,0.01,n,0.032904700582755596,-2.3435948414569885,0.09994077784865646,1.3877787807814457e-17,4.254537562417354e-17,0.006577042742235466,4.9674920646601394e-17,0.03290470058275552,-2.3435948414569845,0.09994077784865313,-2.601631416254048,0.02515342743699599
1.2517283229146832,0.01,t,0.7888742739202427,-1.5142893905804962,0.00048748938243881046,2.220446049250313e-16,4.029811465277341e-16,0.0007691356652305137,7.451238096990208e-17,0.7888742739202419,-1.5142893905804966,0.0004874893824385884,-1.5127607886146266,0.8447497731494136
1.2517283229146832,0.01,n,0.030160818011394357,-2.2562589410742264,0.09514126960597241,1.3877787807814457e-17,4.163336342344337e-17,0.0057390770359174795,7.451238096990208e-17,0.030160818011394013,-2.256258941074223,0.09514126960596803,-2.5280003384355374,0.02217860383579806
1.2762720155208536,0.01,t,0.8075173891753601,-1.5264849069143507,0.00036111783679110276,1.1102230246251565e-16,6.670367046887758e-16,0.0005832178655004183,5.979765694116562e-17,0.8075173891753595,-1.52648490691435,0.0003611178367913803,-1.5252605002167243,0.8649620008298634
1.2762720155208536,0.01,n,0.02749751583209182,-2.1700032248344434,0.08982183109791986,6.938893903907228e-18,7.418282144835761e-17,0.004939754445365058,5.979765694116562e-17,0.027497515832091497,-2.1700032248344545,0.08982183109791536,-2.454369260617026,0.019291142738590936
1.3008157081270237,0.01,t,0.825416898294794,-1.5367651352750404,0.00026203869051361073,3.3306690738754696e-16,9.503770465724197e-16,0.000432582326313935,5.422225032888841e-17,0.8254168982947936,-1.53676513527504,0.00026203869051466544,-1.5358076801333995,0.8843680361806869
1.3008157081270237,0.01,n,0.024940443100743594,-2.0853443417815742,0.08397638493416842,6.938893903907228e-18,3.166400747635119e-17,0.004188816500513538,5.422225032888841e-17,0.024940443100743774,-2.0853443417815707,0.08397638493416715,-2.3807381827985155,0.016518851974187575
1.325359400733194,0.01,t,0.8424004192208575,-1.5453001566765647,0.00018594323776688348,3.3306690738754696e-16,2.773883056965916e-16,0.00031327732289221366,3.5381555418772985e-17,0.8424004192208571,-1.5453001566765643,0.00018594323776682797,-1.5445717942004777,0.9027809884730379
1.325359400733194,0.01,n,0.02251422582559224,-2.0029692975553006,0.07762863621689481,6.938893903907228e-18,2.4587704204730693e-17,0.003495497292639836,3.5381555418772985e-17,0.022514225825591847,-2.0029692975553024,0.07762863621688504,-2.307107104980005,0.013888430218137442
1.3499030933393643,0.01,t,0.8583043913628956,-1.552259058201346,0.0001288399569632226,4.440892098500626e-16,9.064286683149214e-16,0.0002211678016891261,5.324922960268523e-17,0.8583043913628954,-1.5522590582013465,0.00012883995696388872,-1.5517226336445775,0.9200235309107975
1.3499030933393643,0.01,n,0.0202422298053008,-1.923776869255006,0.07084797455572184,6.938893903907228e-18,5.043722640757518e-17,0.0028682419643940513,5.324922960268523e-17,0.02024222980530066,-1.9237768692550077,0.07084797455572012,-2.2334760271614935,0.011425209869886075
1.3744467859455345,0.01,t,0.8729756507751859,-1.5578091448817601,8.711333260413845e-05,2.220446049250313e-16,5.585169809382296e-16,0.00015209563644258406,4.1714599331759725e-17,0.8729756507751846,-1.5578091448817604,8.711333260402743e-05,-1.557429251148307,0.9359296083845572
1.3744467859455345,0.01,n,0.018146335603545116,-1.8489178534799722,0.06376833411898142,6.938893903907228e-18,2.966833614976966e-17,0.002314323183604066,4.1714599331759725e-17,0.01814633560354506,-1.848917853479956,0.0637683341189838,-2.159844949342983,0.009152913087920395
1.3989904785517047,0.01,t,0.8862729052094591,-1.562115462186711,5.755408346674873e-05,2.220446049250313e-16,3.4346933171332464e-16,0.00010201724952152436,2.742838647325548e-17,0.8862729052094585,-1.5621154621867108,5.755408346669322e-05,-1.5618592483161176,0.9503460366730987
1.3989904785517047,0.01,n,0.016246727827220347,-1.7798209593632526,0.05660606150480185,3.469446951953614e-18,1.234457989446546e-17,0.0018393265492788208,2.742838647325548e-17,0.016246727827220222,-1.779820959363273,0.05660606150480285,-2.0862138715244725,0.007093423332414479
1.423534171157875,0.01,t,0.8980680948364965,-1.5653405677297039,3.736930030956431e-05,3.3306690738754696e-16,6.348396172968815e-16,6.712035266875915e-05,4.177767360805209e-17,0.8980680948364963,-1.5653405677297034,3.736930030978636e-05,-1.5651783526878162,0.9631339776911818
1.423534171157875,0.01,n,0.014561700737643405,-1.7181778641086538,0.049667702556690396,3.469446951953614e-18,2.4115152191906277e-17,0.0014464924419136244,4.177767360805209e-17,0.014561700737643386,-1.7181778641086742,0.04966770255670122,-2.012582793705962,0.005266574615545461
1.4480778637640452,0.01,t,0.9082476255322842,-1.5676445006026483,2.417937501603129e-05,2.220446049250313e-16,5.410554564232774e-16,4.3921719890316346e-05,2.60786121488806e-17,0.9082476255322831,-1.5676445006026485,2.417937501603129e-05,-1.5675502297210506,0.9741702765762026
1.4480778637640452,0.01,n,0.013107482066817115,-1.6658409231162954,0.043332315679948,6.938893903907228e-18,1.214306433183765e-17,0.0011359551013771525,2.60786121488806e-17,0.013107482066816698,-1.6658409231162807,0.043332315679943445,-1.9389517158874503,0.0036899604891139116
1.4726215563702154,0.01,t,0.9167134628515214,-1.569184905502461,1.600710964350105e-05,3.3306690738754696e-16,5.035508434800194e-16,2.934786582309279e-05,5.727215236512865e-17,0.9167134628515209,-1.5691849055024607,1.6007109643778605e-05,-1.5691364825437426,0.9833486477368439
1.4726215563702154,0.01,n,0.011898076735497021,-1.6245655760769837,0.03799093867270237,3.469446951953614e-18,2.6406617890909257e-17,0.0009040382071627481,5.727215236512865e-17,0.011898076735497016,-1.6245655760769904,0.03799093867271136,-1.8653206380689407,0.0023787646090222964
1.4971652489763858,0.01,t,0.9233840761529286,-1.5701172763696518,1.1263104038428118e-05,2.220446049250313e-16,4.458011518422968e-16,2.0800341834270597e-05,9.717935776160589e-17,0.923384076152928,-1.570117276369652,1.1263104038261584e-05,-1.5700967992090133,0.9905806984414207
1.4971652489763858,0.01,n,0.01094513197815369,-1.595529842211994,0.03394043452758061,3.469446951953614e-18,2.5405578464049533e-17,0.000742965070600508,9.717935776160589e-17,0.01094513197815315,-1.595529842211983,0.03394043452756473,-1.7916895602504292,0.0013456145083684742
1.521708941582556,0.01,t,0.9281952237838836,-1.57059529055665,8.730454772121199e-06,3.3306690738754696e-16,5.581468106381293e-16,1.6207132841894456e-05,3.8225469229901365e-17,0.9281952237838837,-1.5705952905566505,8.730454772565288e-06,-1.5705892133394566,0.9957967800882066
1.521708941582556,0.01,n,0.010257825173730693,-1.5786381044009585,0.031271404308302886,3.469446951953614e-18,4.1043389940146144e-17,0.0006415531966632391,3.8225469229901365e-17,0.010257825173730892,-1.5786381044009328,0.03127140430831893,-1.7180584824319187,0.0006004599873990525
1.5462526341887264,0.01,t,0.9311005717626627,-1.5707712096239084,7.550943447010017e-06,2.220446049250313e-16,5.224304612369406e-16,1.4061375521734476e-05,3.2959746043559335e-17,0.9311005717626613,-1.5707712096239086,7.550943446954506e-06,-1.5707704492484642,0.998946658959543
1.5462526341887264,0.01,n,0.009842775462476973,-1.5718200576403485,0.02984081613577566,3.469446951953614e-18,2.177441307208238e-17,0.0005874329056829997,3.2959746043559335e-17,0.009842775462476963,-1.5718200576403367,0.02984081613579731,-1.6444274046134073,0.00015047729149384598
1.5707963267948966,0.01,t,0.9320721399999996,-1.5707963267948966,7.2142185043588825e-06,2.220446049250313e-16,3.0329643031330436e-16,1.344834415961671e-05,2.6930150290767383e-17,0.9320721399999999,-1.5707963267948966,7.214218504636438e-06,-1.5707963267948966,1.0
1.5707963267948966,0.01,n,0.009703979999999944,-1.5707963267948961,0.02940399999999993,3.469446951953614e-18,2.2551405187698492e-17,0.0005706716558399952,2.6930150290767383e-17,0.00970398000000001,-1.5707963267948966,0.02940400000000054,-1.5707963267948968,0.0
0.0,0.02,t,0.8681782400000008,0.0,5.9495407578935566e-05,1.1102230246251565e-16,5.78073878075466e-17,0.00010330523647994472,0.0,0.8681782399999999,-0.0,5.949540757899108e-05,-0.0,1.0
0.0,0.02,n,0.01883168000000014,0.0,0.05763200000000829,3.469446951953614e-18,4.403060524845568e-18,0.002170614763520328,0.0,0.018831680000000017,-0.0,0.057632000000000294,0.0,0.0
0.02454369260617026,0.02,t,0.8672835884107811,-2.438823856949467e-05,6.0839617058161544e-05,3.3306690738754696e-16,5.794023501091365e-16,0.00010553040279948078,8.673725799423666e-17,0.867283588410781,-2.4388238569509123e-05,6.08396170589387e-05,-2.5877546432335682e-05,0.998946658959543
0.02454369260617026,0.02,n,0.018959487369888287,0.0004816644553413288,0.05803691364365099,1.0408340855860843e-17,1.8609087899113446e-16,0.002200700262428197,8.673725799423666e-17,0.018959487369888426,0.000481664455342141,0.058036913643649324,0.07363107781851078,0.00015047729149384598
0.04908738521234052,0.02,t,0.8646082496269968,-0.0001952106752209474,6.520561876827147e-05,2.220446049250313e-16,6.106325198476751e-16,0.00011275463181814604,2.2321929697643777e-17,0.8646082496269947,-0.0001952106752209115,6.520561876832698e-05,-0.00020711345544000687,0.9957967800882066
0.04908738521234052,0.02,n,0.019341678624714847,0.003768245819833097,0.05930964998525806,3.469446951953614e-18,4.341275547933047e-17,0.0022942963787183704,2.2321929697643777e-17,0.019341678624715048,0.003768245819832483,0.05930964998526311,0.14726215563702155,0.000600459987399049
0.07363107781851078,0.02,t,0.8601779886236189,-0.0006594231339218302,7.359781910165619e-05,3.3306690738754696e-16,8.782915886085504e-16,0.0001266144480038811,2.2871269884200093e-17,0.8601779886236178,-0.0006594231339218822,7.359781910215579e-05,-0.0006995275858833474,0.9905806984414207
0.07363107781851078,0.02,n,0.019974573053768836,0.012271305537915118,0.06159492224192581,6.938893903907228e-18,1.486882505166528e-17,0.002460664548125116,2.2871269884200093e-17,0.01997457305376888,0.012271305537915316,0.06159492224193003,0.22089323345553233,0.0013456145083684742
0.09817477042468103,0.02,t,0.8540354712359414,-0.001565014207659063,8.770417098569183e-05,2.220446049250313e-16,4.932859112163416e-16,0.00014980494599425853,2.2853788525261167e-17,0.8540354712359401,-0.001565014207659021,8.770417098624694e-05,-0.001659844251154037,0.9833486477368439
0.09817477042468103,0.02,n,0.02085207553772276,0.02774474347150911,0.06505367149795654,6.938893903907228e-18,1.0631817190634495e-17,0.0027130081441631843,2.2853788525261167e-17,0.020852075537722836,0.027744743471509212,0.06505367149795438,0.2945243112740431,0.0023787646090222894
0.1227184630308513,0.02,t,0.8462398532642464,-0.003061494610549548,0.00010991583714986541,2.220446049250313e-16,7.0260302868406135e-16,0.00018603032380226647,3.508261114975577e-17,0.8462398532642462,-0.0030614946105496166,0.00010991583715075359,-0.003246097073846106,0.9741702765762027
0.1227184630308513,0.02,n,0.021965735247964854,0.0512060860441029,0.06978963108554376,6.938893903907228e-18,2.0816681711721685e-17,0.0030659611189563854,3.508261114975577e-17,0.021965735247964826,0.0512060860441028,0.06978963108553993,0.36815538909255385,0.0036899604891139047
0.14726215563702155,0.02,t,0.8368662107711228,-0.005300351738463651,0.00014335208164906188,4.440892098500626e-16,3.6694240659724475e-16,0.00023993302675162642,2.172303966285794e-17,0.8368662107711219,-0.005300351738463601,0.00014335208164933944,-0.005617974107080484,0.9631339776911818
0.14726215563702155,0.02,n,0.023304827032696956,0.08301426617390532,0.07580502451139126,6.938893903907228e-18,1.4476433706704057e-17,0.003533245968894653,2.172303966285794e-17,0.023304827032696873,0.08301426617390391,0.07580502451138543,0.44178646691106466,0.005266574615545461
0.1718058482431918,0.02,t,0.8260048170579306,-0.008435453796340963,0.00019188743233206074,3.3306690738754696e-16,3.891352488241671e-16,0.0003169998868782775,2.7606095296602626e-17,0.82600481705793,-0.008435453796341115,0.00019188743233211625,-0.00893707847877903,0.9503460366730987
0.1718058482431918,0.02,n,0.02485645470600999,0.12303058106235866,0.08299510041225122,6.938893903907228e-18,2.223222581375413e-17,0.004125927908435748,2.7606095296602626e-17,0.024856454706009994,0.12303058106235999,0.08299510041225394,0.5154175447295755,0.007093423332414469
0.19634954084936207,0.02,t,0.8137602732835723,-0.012623384136437788,0.00026017685422724535,2.220446049250313e-16,3.899733997328731e-16,0.0004234431759960744,4.540205825292465e-17,0.8137602732835707,-0.012623384136437644,0.00026017685422724535,-0.013367075646589593,0.9359296083845573
0.19634954084936207,0.02,n,0.02660567524520422,0.17079385389905657,0.09117176477061162,1.3877787807814457e-17,6.200778248133208e-17,0.004851372730038089,4.540205825292465e-17,0.026605675245204186,0.17079385389905274,0.09117176477061578,0.5890486225480862,0.009152913087920388
0.22089323345553233,0.02,t,0.8002505010981398,-0.018023681502863816,0.0003536730334444682,2.220446049250313e-16,7.484844830429951e-16,0.0005660540444776263,2.3273757686693185e-17,0.8002505010981394,-0.018023681502863625,0.0003536730334453009,-0.01907369315031915,0.9200235309107975
0.22089323345553233,0.02,n,0.02853564270026568,0.2256686945830597,0.10009950451703514,1.0408340855860843e-17,1.5002855561167022e-17,0.00571280739074349,2.3273757686693185e-17,0.028535642700265793,0.22566869458305652,0.1000995045170397,0.662679700366597,0.011425209869886079
0.2454369260617026,0.02,t,0.7856056069929751,-0.024798955499221766,0.0004786278385029985,2.220446049250313e-16,7.680772285800478e-16,0.0007520254271817794,3.538155541877298e-17,0.7856056069929743,-0.024798955499221842,0.0004786278385035536,-0.026224532594418704,0.902780988473038
0.2454369260617026,0.02,n,0.030627770429575287,0.28695282193915816,0.10952980117767325,1.0408340855860843e-17,5.204170427930421e-17,0.006709307211333601,3.538155541877298e-17,0.030627770429575096,0.2869528219391574,0.10952980117766975,0.7363107781851076,0.013888430218137428
0.2699806186678728,0.02,t,0.7699666293040233,-0.03311483857529302,0.0006420675797549902,2.220446049250313e-16,5.557210413939996e-16,0.0009887412203386514,4.906538933386797e-17,0.7699666293040219,-0.03311483857529319,0.0006420675797552677,-0.03498864666149702,0.884368036180687
0.2699806186678728,0.02,n,0.032861910099425545,0.353945800538095,0.11922684438963238,6.938893903907228e-18,1.0860530958114816e-17,0.007836043683540597,4.906538933386797e-17,0.03286191009942544,0.353945800538094,0.11922684438962727,0.8099418560036185,0.01651885197418757
0.2945243112740431,0.02,t,0.7534841799355625,-0.04313972596454202,0.0008517288690823577,1.1102230246251565e-16,6.362723690243565e-16,0.0012835284568959437,4.2207643840401616e-17,0.7534841799355615,-0.04313972596454186,0.0008517288690827463,-0.04553582657817216,0.8649620008298634
0.2945243112740431,0.02,n,0.03521654572349132,0.425988005793813,0.12898297687024718,6.938893903907228e-18,4.163336342344337e-17,0.009084669805006166,4.2207643840401616e-17,0.03521654572349121,0.4259880057938148,0.12898297687024934,0.8835729338221294,0.019291142738590943
0.3190680038802134,0.02,t,0.7363169938852359,-0.055044243160902465,0.001115938837284891,2.220446049250313e-16,3.92343209745559e-16,0.00164336946005883,4.350664344060663e-17,0.7363169938852347,-0.05504424316090261,0.0011159388372848356,-0.05803553818027003,0.8447497731494136
0.3190680038802134,0.02,n,0.03766900087353795,0.5024792482651605,0.13862544788455555,6.938893903907228e-18,3.4673716309592415e-17,0.010443764234915828,4.350664344060663e-17,0.037669000873537896,0.5024792482651657,0.13862544788455883,0.9572040116406402,0.022178603835798054
0.3436116964863836,0.02,t,0.7186304005392457,-0.06900036672201248,0.0014434205047472726,2.220446049250313e-16,5.564218504178287e-16,0.0020745717109461603,5.647850449853784e-17,0.7186304005392448,-0.06900036672201236,0.0014434205047472726,-0.07265543841958122,0.8239260079410281
0.3436116964863836,0.02,n,0.040195657065822184,0.5828847145451133,0.14801710336682955,1.3877787807814457e-17,9.798529255769158e-17,0.011899289453618869,5.647850449853784e-17,0.04019565706582218,0.5828847145451137,0.14801710336683105,1.030835089459151,0.02515342743699599
0.36815538909255385,0.02,t,0.7005947314599891,-0.08518010875291372,0.0018430017666799525,2.220446049250313e-16,3.374552933280878e-16,0.002582394655614828,3.4889080099129806e-17,0.700594731459989,-0.08518010875291362,0.001843001766680119,-0.08955940008956756,0.8026912494470915
0.36815538909255385,0.02,n,0.04277218122000153,0.6667336503247326,0.15705349635291077,6.938893903907228e-18,4.311563292061766e-17,0.013435041214483096,3.4889080099129806e-17,0.04277218122000158,0.6667336503247442,0.15705349635291516,1.1044661672776614,0.028186964364701226
0.39269908169872414,0.02,t,0.6823836799999994,-0.10375365921608669,0.0023232056061567863,3.3306690738754696e-16,5.880018339482435e-16,0.0031706351818517886,8.341116186757557e-17,0.6823836799999999,-0.10375365921608629,0.0023232056061578965,-0.10890497249039632,0.78125
0.39269908169872414,0.02,n,0.04537375999999952,0.7536143116892283,0.16565829537974208,2.0816681711721685e-17,8.815882855398715e-17,0.015033079473138894,8.341116186757557e-17,0.045373760000000006,0.753614311689222,0.1656582953797472,1.1780972450961724,0.031249999999999997
0.4172427743048944,0.02,t,0.6641726285400124,-0.1248868649413846,0.0028917010234765783,1.1102230246251565e-16,3.908020529499657e-16,0.0038411773394285698,6.397344083151129e-17,0.664172628540011,-0.12488686494138433,0.002891701023476745,-0.13084021203000376,0.7598087505529086
0.4172427743048944,0.02,n,0.047975338779998676,0.8431673302147908,0.17377821800676396,1.3877787807814457e-17,3.125924440516482e-17,0.016674137762917936,6.397344083151129e-17,0.047975338779998426,0.8431673302147831,0.17377821800676063,1.2517283229146834,0.03431303563529877
0.44178646691106466,0.02,t,0.6461369594607558,-0.14873791286594543,0.0035546003954051164,2.220446049250313e-16,2.8449465006019636e-16,0.004593517383170154,6.254634441385502e-17,0.6461369594607551,-0.14873791286594604,0.0035546003954056715,-0.15549983223692143,0.738573992058972
0.44178646691106466,0.02,n,0.0505518629341779,0.9350787194942847,0.18137819299748276,1.3877787807814457e-17,2.9079264368403834e-17,0.018338011103315226,6.254634441385502e-17,0.05055186293417784,0.9350787194942753,0.1813781929974802,1.325359400733194,0.037346572563004006
0.4663301595172349,0.02,t,0.6284503661147666,-0.1754530823984221,0.004315601463230068,1.1102230246251565e-16,3.935643731047609e-16,0.00542428263914474,6.283435673255384e-17,0.6284503661147651,-0.17545308239842236,0.004315601463230012,-0.18300065060493284,0.7177502268505864
0.4663301595172349,0.02,n,0.05307851912646226,1.0290731757393738,0.18843709234290723,1.3877787807814457e-17,4.8628385742629874e-17,0.020003923620115875,6.283435673255384e-17,0.05307851912646212,1.0290731757393798,0.18843709234290557,1.3989904785517047,0.04032139616420194
0.4908738521234052,0.02,t,0.611283180064439,-0.20516144491802724,0.005174992780260068,1.1102230246251565e-16,2.797157557069881e-16,0.0063267720870557875,4.350664344060664e-17,0.6112831800644383,-0.2051614449180275,0.005174992780260068,-0.2134363533876801,0.6975379991701366
0.4908738521234052,0.02,n,0.0555309742765087,1.1249079815671572,0.194944149658074,2.0816681711721685e-17,2.9201179999951493e-17,0.021650877120036736,4.350664344060664e-17,0.05553097427650882,1.1249079815671559,0.19494414965807288,1.4726215563702154,0.04320885726140905
0.5154175447295755,0.02,t,0.5948007306959777,-0.23796842682338992,0.006128571483682899,2.220446049250313e-16,1.6653345369377348e-16,0.00729055759323427,4.157007018585401e-17,0.5948007306959778,-0.23796842682339014,0.006128571483683842,-0.24687166155958118,0.6781319638193131
0.5154175447295755,0.02,n,0.05788560990057419,1.2223676258630205,0.20089605610632377,2.7755575615628914e-17,3.469446951953614e-17,0.023257981468669045,4.157007018585401e-17,0.0578856099005746,1.2223676258630132,0.20089605610632494,1.5462526341887264,0.04598114802581243
0.5399612373357456,0.02,t,0.5791617530070258,-0.2739482278368983,0.007166561354727041,2.220446049250313e-16,3.619046819793204e-16,0.00830119647447225,4.85722573273506e-17,0.5791617530070254,-0.27394822783689815,0.007166561354727319,-0.2833360626385084,0.6597190115269621
0.5399612373357456,0.02,n,0.060119749570424826,1.3212591463319445,0.20629466399651847,2.0816681711721685e-17,2.359479019930958e-17,0.02480476707437125,4.85722573273506e-17,0.06011974957042494,1.3212591463319407,0.2062946639965192,1.619883712007237,0.04861156978186256
0.5645049299419159,0.02,t,0.5645168589018609,-0.3131352104133651,0.008272664098480542,2.220446049250313e-16,3.4962949979989046e-16,0.009340116703248857,6.39734408315113e-17,0.5645168589018605,-0.3131352104133654,0.008272664098481153,-0.3228173718843975,0.6424764690892026
0.5645049299419159,0.02,n,0.06221187729973409,1.4214081480649488,0.21114520552862626,1.3877787807814457e-17,7.329109602263026e-17,0.026271479237548065,6.39734408315113e-17,0.06221187729973421,1.4214081480649474,0.2111452055286267,1.6935147898257479,0.051074790130113915
0.5890486225480862,0.02,t,0.5510070867164298,-0.35551455777443275,0.009423420270402383,2.220446049250313e-16,3.3306690738754696e-16,0.010384742700197958,1.2185911527557424e-16,0.5510070867164291,-0.3555145577744327,0.009423420270402494,-0.3652554959722375,0.6265703916154428
0.5890486225480862,0.02,n,0.06414184475479583,1.5226554282824782,0.21545493243741892,1.3877787807814457e-17,4.0207612884051024e-17,0.0276393536561119,1.2185911527557424e-16,0.06414184475479585,1.522655428282479,0.2154549324374188,1.7671458676442586,0.05334708691207961
0.6135923151542565,0.02,t,0.5387625429420705,-0.4010127365881164,0.01058808612779627,2.220446049250313e-16,3.5288504608132434e-16,0.01140892841420238,9.309503074677274e-17,0.5387625429420697,-0.4010127365881164,0.010588086127797047,-0.41053688021295703,0.6121539633269013
0.6135923151542565,0.02,n,0.06589106529399007,1.6248541306123794,0.21923209074591393,1.3877787807814457e-17,6.360447169761874e-17,0.028890872011753943,9.309503074677274e-17,0.06589106529399004,1.62485413061237,0.21923209074591488,1.8407769454627694,0.05540657666758553
0.6381360077604268,0.02,t,0.5279011492288789,-0.44948857744448,0.01172923273062354,2.220446049250313e-16,2.92830461746828e-16,0.0123837508761383,5.553824967135429e-17,0.5279011492288779,-0.44948857744447973,0.011729232730623484,-0.4584902082029405,0.5993660223088182
0.6381360077604268,0.02,n,0.06744269296730358,1.7278673537534055,0.22248515727743784,1.3877787807814457e-17,2.406967202558922e-17,0.03000999630408898,5.553824967135429e-17,0.06744269296730317,1.7278673537534088,0.22248515727743562,1.9144080232812803,0.05723342538445454
0.662679700366597,0.02,t,0.5185275067357531,-0.5007260584446172,0.012804227082890085,1.1102230246251565e-16,1.6085253590184376e-16,0.0132786878899388,1.1102569054260746e-16,0.5185275067357537,-0.5007260584446167,0.012804227082890918,-0.5088839669712176,0.5883297234237974
0.662679700366597,0.02,n,0.06878178475203502,1.8315661445715758,0.2252222776584924,2.7755575615628914e-17,2.7769124835677133e-17,0.030982380446538976,1.1102569054260746e-16,0.0687817847520352,1.8315661445715767,0.22522227765849412,1.9880391010997909,0.05881003951088609
0.6872233929727672,0.02,t,0.5107318887640612,-0.5544300723116531,0.013767650928834696,1.1102230246251565e-16,1.760642418301573e-16,0.01406315672545605,6.947562107041945e-17,0.5107318887640597,-0.5544300723116533,0.013767650928834085,-0.5614264665518243,0.5791513522631561
0.6872233929727672,0.02,n,0.06989544446227745,1.9358278120487404,0.2274508576712937,2.7755575615628914e-17,3.6951755695977753e-17,0.03179555758052256,6.947562107041945e-17,0.06989544446227718,1.9358278120487402,0.22745085767129214,2.061670178918302,0.06012123539097771
0.7117670855789375,0.02,t,0.5045893713763824,-0.6102264829591487,0.01457455383821582,1.1102230246251565e-16,1.7772239894833365e-16,0.014708329918633134,8.009840277583555e-17,0.504589371376382,-0.6102264829591488,0.014574553838216597,-0.6157687905405126,0.5719193015585793
0.7117670855789375,0.02,n,0.07077294694623086,2.040534504739147,0.2291772703590506,1.3877787807814457e-17,4.628819572127218e-17,0.03243910159280619,8.009840277583555e-17,0.07077294694623114,2.0405345047391448,0.22917727035905316,2.1353012567368124,0.061154385491631526
0.7363107781851077,0.02,t,0.500159110373006,-0.6676675450599281,0.015184247036310272,2.220446049250313e-16,4.47569310715965e-16,0.015189078978729786,6.245155095336133e-17,0.5001591103730052,-0.6676675450599291,0.015184247036310883,-0.6715109460902232,0.5667032199117934
0.7363107781851077,0.02,n,0.07140584137528515,2.1455719998677063,0.23040665014594802,2.7755575615628914e-17,2.5704189700636245e-17,0.032904761424264774,6.245155095336133e-17,0.07140584137528497,2.145571999867699,0.23040665014594724,2.208932334555323,0.06189954001260095
0.760854470791278,0.02,t,0.4974837715892199,-0.7262432249982522,0.015564168083169794,5.551115123125783e-17,1.386472916759872e-16,0.015485842079327738,8.777083671441756e-17,0.4974837715892189,-0.7262432249982522,0.01556416808316935,-0.7282111897163108,0.563553341040457
0.760854470791278,0.02,n,0.07178803263011181,2.250828656690038,0.23114275255762168,1.3877787807814457e-17,5.4201751632199365e-17,0.033186566925640815,8.777083671441756e-17,0.07178803263011159,2.2508286566900355,0.2311427525576203,2.282563412373834,0.06234952270850615
0.7853981633974483,0.02,t,0.4965891200000003,-0.7853981633974486,0.015693240758556715,1.1102230246251565e-16,1.957260176389244e-16,0.015586185236479644,1.1102230246251565e-16,0.49658911999999994,-0.7853981633974482,0.015693240758557103,-0.7853981633974483,0.5625
0.7853981633974483,0.02,n,0.0719158399999998,2.3561944901923435,0.2313878641790172,2.7755575615628914e-17,6.114936442358479e-17,0.03328090523647977,1.1102230246251565e-16,0.07191584000000002,2.356194490192345,0.2313878641790183,2.356194490192345,0.0625
0.8099418560036186,0.02,t,0.4974837715892194,-0.8445531017966436,0.015564168083168906,2.220446049250313e-16,2.1660805922931673e-16,0.01548584207932685,6.664589960562512e-17,0.4974837715892188,-0.8445531017966442,0.015564168083169405,-0.8425851370785855,0.563553341040457
0.8099418560036186,0.02,n,0.07178803263011159,2.4615603236946586,0.23114275255761974,2.7755575615628914e-17,3.6651705168674654e-17,0.03318656692564043,6.664589960562512e-17,0.07178803263011159,2.461560323694654,0.23114275255762018,2.429825568010856,0.062349522708506154
0.8344855486097889,0.02,t,0.5001591103730054,-0.9031287817349677,0.015184247036309995,2.220446049250313e-16,4.012843553872601e-16,0.015189078978729509,1.3878871967638605e-16,0.5001591103730052,-0.9031287817349672,0.015184247036310883,-0.8992853807046733,0.5667032199117934
0.8344855486097889,0.02,n,0.07140584137528501,2.566816980516987,0.23040665014594658,4.163336342344337e-17,8.576280373052653e-17,0.0329047614242645,1.3878871967638605e-16,0.07140584137528497,2.5668169805169905,0.23040665014594724,2.5034566458293668,0.06189954001260095
0.859029241215959,0.02,t,0.5045893713763823,-0.9605698438357484,0.01457455383821571,2.220446049250313e-16,3.522794432497589e-16,0.014708329918633023,6.939435983819303e-17,0.5045893713763818,-0.9605698438357475,0.01457455383821643,-0.9550275362543837,0.5719193015585793
0.859029241215959,0.02,n,0.07077294694623104,2.67185447564554,0.22917727035905272,2.7755575615628914e-17,7.186973548813031e-17,0.03243910159280657,6.939435983819303e-17,0.07077294694623117,2.671854475645545,0.22917727035905305,2.5770877236478773,0.06115438549163153
0.8835729338221293,0.02,t,0.5107318887640605,-1.016366254483243,0.013767650928833641,1.1102230246251565e-16,2.220446049250313e-16,0.01406315672545494,6.939435983819303e-17,0.5107318887640597,-1.0163662544832432,0.013767650928834085,-1.009369860243072,0.579151352263156
0.8835729338221293,0.02,n,0.06989544446227747,2.7765611683359466,0.22745085767129086,2.7755575615628914e-17,1.3877787807814457e-17,0.031795557580522174,6.939435983819303e-17,0.06989544446227718,2.7765611683359492,0.22745085767129203,2.650718801466388,0.06012123539097772
0.9081166264282996,0.02,t,0.5185275067357541,-1.0700702683502803,0.012804227082890474,1.1102230246251565e-16,2.237726045655905e-16,0.013278687889939245,6.941061969544859e-17,0.5185275067357537,-1.0700702683502799,0.012804227082890918,-1.0619123598236788,0.5883297234237973
0.9081166264282996,0.02,n,0.06878178475203528,2.880822835813108,0.22522227765849367,2.7755575615628914e-17,6.598175999840478e-17,0.030982380446539275,6.941061969544859e-17,0.0687817847520352,2.880822835813113,0.22522227765849417,2.724349879284899,0.05881003951088609
0.9326603190344698,0.02,t,0.5279011492288785,-1.1213077493504162,0.011729232730623429,1.1102230246251565e-16,2.5517121892742753e-16,0.012383750876138189,7.603651369627843e-17,0.5279011492288779,-1.1213077493504167,0.011729232730623484,-1.112306118591956,0.5993660223088182
0.9326603190344698,0.02,n,0.06744269296730326,2.984521626631283,0.22248515727743384,1.3877787807814457e-17,6.843473545530903e-17,0.030009996304088293,7.603651369627843e-17,0.06744269296730317,2.9845216266312806,0.2224851572774355,2.7979809571034093,0.05723342538445454
0.9572040116406401,0.02,t,0.5387625429420703,-1.1697835902067797,0.010588086127797103,2.220446049250313e-16,4.0377120064987706e-16,0.011408928414203268,4.885025661874572e-17,0.5387625429420697,-1.1697835902067801,0.010588086127797047,-1.1602594465819396,0.6121539633269013
0.9572040116406401,0.02,n,0.0658910652939904,3.0875348497723283,0.2192320907459151,1.3877787807814457e-17,3.337934339503096e-17,0.02889087201175424,4.885025661874572e-17,0.06589106529399004,3.0875348497723194,0.21923209074591488,2.8716120349219203,0.055406576667585535
0.9817477042468103,0.02,t,0.5510070867164295,-1.2152817690204634,0.009423420270401994,2.220446049250313e-16,5.116408647525956e-16,0.010384742700197513,5.0761044285972426e-17,0.551007086716429,-1.2152817690204638,0.009423420270402327,-1.205540830822659,0.6265703916154427
0.9817477042468103,0.02,n,0.06414184475479574,-3.0934517550773717,0.21545493243741853,1.3877787807814457e-17,5.417640677079309e-17,0.02763935365611181,5.0761044285972426e-17,0.06414184475479587,-3.0934517550773757,0.2154549324374188,2.945243112740431,0.053347086912079615
1.0062913968529805,0.02,t,0.5645168589018609,-1.2576611163815314,0.00827266409848093,2.220446049250313e-16,1.1828366193813582e-16,0.009340116703249302,5.2845041577819695e-17,0.5645168589018604,-1.257661116381531,0.008272664098481042,-1.2479789549104987,0.6424764690892024
1.0062913968529805,0.02,n,0.06221187729973397,-2.9922044748598386,0.2111452055286268,2.0816681711721685e-17,3.859759734048396e-17,0.026271479237548086,5.2845041577819695e-17,0.06221187729973422,-2.992204474859845,0.21114520552862676,3.0188741905589414,0.05107479013011393
1.030835089459151,0.02,t,0.5791617530070259,-1.296848098957998,0.007166561354727041,2.220446049250313e-16,4.025355018746457e-16,0.00830119647447225,6.331146576060242e-17,0.5791617530070254,-1.2968480989579985,0.007166561354727319,-1.2874602641563881,0.659719011526962
1.030835089459151,0.02,n,0.06011974957042505,-2.892055473126833,0.2062946639965198,1.3877787807814457e-17,6.847300880717019e-17,0.0248047670743715,6.331146576060242e-17,0.06011974957042494,-2.8920554731268373,0.20629466399651908,3.0925052683774528,0.04861156978186257
1.055378782065321,0.02,t,0.5948007306959784,-1.3328278999715075,0.006128571483683398,1.1102230246251565e-16,4.528708280125701e-16,0.0072905575932348254,6.958382176060062e-17,0.5948007306959778,-1.3328278999715062,0.006128571483683842,-1.3239246652353154,0.678131963819313
1.055378782065321,0.02,n,0.05788560990057452,-2.7931639526579115,0.20089605610632655,2.7755575615628914e-17,4.85722573273506e-17,0.023257981468669503,6.958382176060062e-17,0.0578856099005746,-2.79316395265791,0.20089605610632494,-3.1170489609836234,0.045981148025812435
1.0799224746714913,0.02,t,0.6112831800644394,-1.3656348818768693,0.005174992780260179,2.220446049250313e-16,2.2729511820139823e-16,0.0063267720870558986,5.647850449853784e-17,0.6112831800644382,-1.3656348818768689,0.005174992780260179,-1.3573599734072161,0.6975379991701365
1.0799224746714913,0.02,n,0.055530974276508833,-2.695704308362061,0.19494414965807205,2.0816681711721685e-17,6.650324694209399e-17,0.021650877120036577,5.647850449853784e-17,0.055530974276508833,-2.6957043083620533,0.19494414965807294,-3.043417883165113,0.04320885726140907
1.1044661672776617,0.02,t,0.6284503661147663,-1.3953432443964733,0.004315601463229568,1.1102230246251565e-16,4.632458786145298e-16,0.0054242826391440735,6.266651041207814e-17,0.628450366114765,-1.3953432443964742,0.004315601463229901,-1.3877956761899637,0.7177502268505863
1.1044661672776617,0.02,n,0.05307851912646206,-2.599869502534285,0.1884370923429015,2.0816681711721685e-17,6.119131401911036e-17,0.020003923620115188,6.266651041207814e-17,0.053078519126462144,-2.5998695025342773,0.1884370923429058,-2.9697868053466014,0.04032139616420195
1.1290098598838318,0.02,t,0.6461369594607564,-1.4220584139289498,0.0035546003954055605,2.220446049250313e-16,4.2276033262255756e-16,0.004593517383170709,1.1168440202394181e-16,0.6461369594607549,-1.4220584139289507,0.003554600395405505,-1.4152964945579751,0.7385739920589719
1.1290098598838318,0.02,n,0.050551862934178064,-2.505875046289181,0.18137819299748154,1.3877787807814457e-17,4.9893873575561044e-17,0.018338011103315163,1.1168440202394181e-16,0.05055186293417787,-2.5058750462891726,0.18137819299748031,-2.896155727528091,0.03734657256300402
1.1535535524900022,0.02,t,0.6641726285400121,-1.445909461853513,0.0028917010234770224,1.1102230246251565e-16,2.3263411494723067e-16,0.003841177339429125,4.300225195458439e-17,0.664172628540011,-1.4459094618535122,0.002891701023476745,-1.4399561147648927,0.7598087505529086
1.1535535524900022,0.02,n,0.047975338779998385,-2.413963657009677,0.1737782180067598,1.3877787807814457e-17,3.893176502985339e-17,0.016674137762917436,4.300225195458439e-17,0.047975338779998426,-2.4139636570096794,0.1737782180067607,-2.82252464970958,0.034313035635298764
1.1780972450961724,0.02,t,0.6823836800000004,-1.4670426675788104,0.002323205606157619,2.220446049250313e-16,3.9752557771615443e-16,0.003170635181852899,1.3212399247126703e-16,0.6823836799999999,-1.4670426675788102,0.0023232056061578965,-1.4618913543045002,0.78125
1.1780972450961724,0.02,n,0.045373760000000034,-2.3244106384841214,0.16565829537974675,1.3877787807814457e-17,4.85722573273506e-17,0.015033079473139487,1.3212399247126703e-16,0.045373760000000006,-2.3244106384841188,0.16565829537974713,-2.7488935718910694,0.03125000000000001
1.2026409377023426,0.02,t,0.7005947314599894,-1.4856162180419834,0.0018430017666799525,1.1102230246251565e-16,4.1814652047727775e-16,0.002582394655614828,8.568901862535443e-17,0.7005947314599887,-1.485616218041983,0.001843001766680119,-1.481236926705329,0.8026912494470912
1.2026409377023426,0.02,n,0.04277218122000169,-2.2375299771196335,0.157053496352917,6.938893903907228e-18,7.813961720417601e-17,0.013435041214483679,8.568901862535443e-17,0.04277218122000161,-2.2375299771196415,0.15705349635291532,-2.675262494072559,0.028186964364701247
1.227184630308513,0.02,t,0.7186304005392465,-1.5017959600728845,0.001443420504747328,1.1102230246251565e-16,4.204894291766344e-16,0.0020745717109462714,4.446445162750825e-17,0.7186304005392448,-1.5017959600728843,0.0014434205047472726,-1.4981408883753153,0.8239260079410281
1.227184630308513,0.02,n,0.04019565706582239,-2.1536810413400116,0.14801710336683094,1.3877787807814457e-17,3.7702283919323906e-17,0.011899289453619042,4.446445162750825e-17,0.04019565706582218,-2.1536810413400103,0.14801710336683105,-2.601631416254048,0.02515342743699599
1.2517283229146832,0.02,t,0.736316993885235,-1.515752083633994,0.001115938837284336,2.220446049250313e-16,3.356589068483857e-16,0.0016433694600579418,6.011761731193422e-17,0.7363169938852346,-1.5157520836339942,0.0011159388372850576,-1.5127607886146266,0.8447497731494136
1.2517283229146832,0.02,n,0.03766900087353756,-2.0732755750600624,0.138625447884555,1.3877787807814457e-17,2.84313911139382e-17,0.010443764234915675,6.011761731193422e-17,0.03766900087353791,-2.0732755750600624,0.13862544788455888,-2.5280003384355374,0.02217860383579806
1.2762720155208536,0.02,t,0.7534841799355625,-1.5276566008303543,0.0008517288690822467,3.3306690738754696e-16,7.224842445979592e-16,0.0012835284568957217,5.5429776423915534e-17,0.7534841799355616,-1.5276566008303547,0.0008517288690827463,-1.5252605002167243,0.8649620008298634
1.2762720155208536,0.02,n,0.035216545723491095,-1.9967843325887162,0.1289829768702459,1.3877787807814457e-17,6.379090314380697e-17,0.009084669805006017,5.5429776423915534e-17,0.0352165457234912,-1.996784332588711,0.12898297687024912,-2.454369260617026,0.019291142738590936
1.3008157081270237,0.02,t,0.769966629304023,-1.5376814882196035,0.0006420675797548236,1.1102230246251565e-16,3.440187666209576e-16,0.0009887412203384294,5.0997624859470604e-17,0.7699666293040219,-1.5376814882196035,0.0006420675797553232,-1.5358076801333995,0.8843680361806869
1.3008157081270237,0.02,n,0.03286191009942546,-1.9247421273329939,0.11922684438962922,6.938893903907228e-18,5.578979352732416e-17,0.007836043683540368,5.0997624859470604e-17,0.03286191009942544,-1.9247421273329908,0.11922684438962722,-2.3807381827985155,0.016518851974187575
1.325359400733194,0.02,t,0.7856056069929747,-1.5459973712956743,0.0004786278385034426,1.1102230246251565e-16,2.603894784103585e-16,0.0007520254271824456,3.6594031814720145e-17,0.7856056069929742,-1.5459973712956747,0.0004786278385034981,-1.5445717942004777,0.9027809884730379
1.325359400733194,0.02,n,0.030627770429574812,-1.8577491487340527,0.10952980117766214,1.3877787807814457e-17,2.595186272420965e-17,0.006709307211332817,3.6594031814720145e-17,0.030627770429575114,-1.8577491487340545,0.1095298011776702,-2.307107104980005,0.013888430218137442
1.3499030933393643,0.02,t,0.8002505010981401,-1.5527726452920327,0.0003536730334450233,2.220446049250313e-16,9.42478934837472e-16,0.0005660540444785145,5.647850449853784e-17,0.8002505010981394,-1.552772645292033,0.00035367303344513434,-1.5517226336445775,0.9200235309107975
1.3499030933393643,0.02,n,0.028535642700265793,-1.7964650213779465,0.10009950451703725,6.938893903907228e-18,7.287155654140196e-17,0.005712807390743632,5.647850449853784e-17,0.028535642700265793,-1.796465021377953,0.1000995045170398,-2.2334760271614935,0.011425209869886075
1.3744467859455345,0.02,t,0.8137602732835714,-1.5581729426584592,0.0002601768542270788,3.3306690738754696e-16,4.545902364027965e-16,0.00042344317599574133,1.0067376188629204e-16,0.8137602732835707,-1.558172942658459,0.00026017685422724535,-1.557429251148307,0.9359296083845572
1.3744467859455345,0.02,n,0.02660567524520394,-1.7415901806939522,0.09117176477060823,1.0408340855860843e-17,7.173978245397858e-17,0.004851372730037856,1.0067376188629204e-16,0.026605675245204186,-1.7415901806939496,0.09117176477061573,-2.159844949342983,0.009152913087920395
1.3989904785517047,0.02,t,0.8260048170579307,-1.5623608729985552,0.00019188743233167216,1.1102230246251565e-16,4.928317084482185e-16,0.0003169998868777224,1.041412166211372e-16,0.82600481705793,-1.5623608729985554,0.00019188743233211625,-1.5618592483161176,0.9503460366730987
1.3989904785517047,0.02,n,0.024856454706010084,-1.6938269078572556,0.08299510041224933,1.0408340855860843e-17,2.42861286636753e-17,0.004125927908435668,1.041412166211372e-16,0.024856454706009994,-1.6938269078572565,0.08299510041225361,-2.0862138715244725,0.007093423332414479
1.423534171157875,0.02,t,0.8368662107711228,-1.565495975056433,0.00014335208164906188,3.3306690738754696e-16,3.11883791264804e-16,0.00023993302675162642,6.245004513516506e-17,0.8368662107711219,-1.565495975056433,0.00014335208164939495,-1.5651783526878162,0.9631339776911818
1.423534171157875,0.02,n,0.02330482703269699,-1.65381059296881,0.07580502451138804,6.938893903907228e-18,5.664476480668373e-17,0.003533245968894507,6.245004513516506e-17,0.023304827032696873,-1.6538105929688005,0.07580502451138543,-2.012582793705962,0.005266574615545461
1.4480778637640452,0.02,t,0.8462398532642468,-1.567734832184347,0.00010991583714986541,4.440892098500626e-16,9.536242369347844e-16,0.00018603032380226647,6.557765269547436e-17,0.8462398532642462,-1.567734832184347,0.00010991583715075359,-1.5675502297210506,0.9741702765762026
1.4480778637640452,0.02,n,0.021965735247964545,-1.6220024128389972,0.06978963108553221,1.0408340855860843e-17,5.972434917008923e-17,0.0030659611189558338,6.557765269547436e-17,0.021965735247964826,-1.6220024128389994,0.06978963108553954,-1.9389517158874503,0.0036899604891139116
1.4726215563702154,0.02,t,0.8540354712359413,-1.569231312587238,8.770417098608041e-05,1.1102230246251565e-16,1.730829869875132e-16,0.00014980494599492467,3.5020904983651434e-17,0.85403547123594,-1.5692313125872375,8.770417098624694e-05,-1.5691364825437426,0.9833486477368439
1.4726215563702154,0.02,n,0.020852075537722913,-1.5985410702664065,0.06505367149794683,3.469446951953614e-18,2.0816681711721685e-17,0.002713008144162799,3.5020904983651434e-17,0.020852075537722854,-1.598541070266406,0.06505367149795444,-1.8653206380689407,0.0023787646090222964
1.4971652489763858,0.02,t,0.8601779886236179,-1.5701369036609745,7.35978191017117e-05,2.220446049250313e-16,4.465070479587789e-16,0.00012661444800399213,4.674936728576957e-17,0.8601779886236178,-1.5701369036609747,7.359781910215579e-05,-1.5700967992090133,0.9905806984414207
1.4971652489763858,0.02,n,0.01997457305376856,-1.5830676323328183,0.061594922241923644,6.938893903907228e-18,2.1566631742888427e-17,0.0024606645481249946,4.674936728576957e-17,0.01997457305376888,-1.5830676323328121,0.06159492224193003,-1.7916895602504292,0.0013456145083684742
1.521708941582556,0.02,t,0.8646082496269953,-1.5706011161196756,6.52056187679384e-05,3.3306690738754696e-16,4.949201985349587e-16,0.00011275463181759093,2.4159470417934385e-17,0.8646082496269947,-1.5706011161196758,6.520561876832698e-05,-1.5705892133394566,0.9957967800882066
1.521708941582556,0.02,n,0.019341678624714975,-1.5745645726147242,0.059309649985261725,3.469446951953614e-18,1.0707681577829762e-17,0.0022942963787185265,2.4159470417934385e-17,0.019341678624715048,-1.574564572614729,0.059309649985262725,-1.7180584824319187,0.0006004599873990525
1.5462526341887264,0.02,t,0.8672835884107821,-1.570771938556327,6.083961705849461e-05,3.3306690738754696e-16,6.694733129489798e-16,0.0001055304028000359,1.9081958235744878e-17,0.867283588410781,-1.570771938556327,6.08396170589387e-05,-1.5707704492484642,0.998946658959543
1.5462526341887264,0.02,n,0.01895948736988825,-1.571277991250247,0.05803691364363639,3.469446951953614e-18,1.0551910960100405e-17,0.0022007002624276385,1.9081958235744878e-17,0.018959487369888426,-1.5712779912502388,0.058036913643649324,-1.6444274046134073,0.00015047729149384598
1.5707963267948966,0.02,t,0.8681782400000007,-1.5707963267948966,5.949540757899108e-05,1.1102230246251565e-16,3.8858193075012817e-16,0.00010330523648005574,2.525795506525166e-17,0.8681782399999999,-1.5707963267948966,5.949540757899108e-05,-1.5707963267948966,1.0
1.5707963267948966,0.02,n,0.01883168000000013,-1.5707963267948963,0.057632000000007566,3.469446951953614e-18,2.1391466827894982e-17,0.0021706147635203003,2.525795506525166e-17,0.018831680000000017,-1.5707963267948966,0.057632000000000294,-1.5707963267948968,0.0
0.0,0.05,t,0.6990875000000003,0.0,0.0010194628712426046,2.220446049250313e-16,1.0976320117100941e-16,0.001425387499999653,2.4532694666933986e-17,0.6990875,-0.0,0.0010194628712427711,-0.0,1.0
0.0,0.05,n,0.04298750000000008,0.0,0.1354999999999984,1.3877787807814457e-17,1.8428960233800928e-18,0.011649612499999885,2.4532694666933986e-17,0.042987500000000005,-0.0,0.1355,0.0,0.0
0.02454369260617026,0.05,t,0.6983964029433564,-2.239215335730084e-05,0.0010282459853649395,1.1102230246251565e-16,4.0223242529401614e-16,0.001436246595039603,2.7758963540648015e-17,0.6983964029433563,-2.239215335731607e-05,0.0010282459853654946,-2.5877546432335682e-05,0.998946658959543
0.02454369260617026,0.05,n,0.04308622815094907,0.00015395954815212423,0.135830746889252,1.3877787807814457e-17,3.179198626263542e-17,0.011704869100768255,2.7758963540648015e-17,0.043086228150949105,0.00015395954815218074,0.13583074688925206,0.07363107781851078,0.00015047729149384598
0.04908738521234052,0.05,t,0.6963297674158734,-0.00017925988943463903,0.001055384705311635,2.220446049250313e-16,4.996020551443428e-16,0.0014697915727678312,1.179643851532415e-16,0.6963297674158724,-0.00017925988943463656,0.0010553847053116905,-0.00020711345544000687,0.9957967800882066
0.04908738521234052,0.05,n,0.0433814617977322,0.0012199273966567168,0.13683919256174426,1.3877787807814457e-17,7.011945281242203e-17,0.011872568409099657,1.179643851532415e-16,0.043381461797732515,0.0012199273966572238,0.1368391925617473,0.14726215563702155,0.000600459987399049
0.07363107781851078,0.05,t,0.6929074962474175,-0.0006056919056083351,0.0011032548391043395,3.3306690738754696e-16,7.487590437806055e-16,0.0015289070965732732,5.029202406721468e-17,0.6929074962474161,-0.0006056919056083341,0.0011032548391045616,-0.0006995275858833474,0.9905806984414207
0.07363107781851078,0.05,n,0.04387035767894114,0.004053302664411997,0.13857066321495576,2.0816681711721685e-17,5.441599135190742e-17,0.012158289118096403,5.029202406721468e-17,0.043870357678940555,0.004053302664411992,0.13857066321495282,0.22089323345553233,0.0013456145083684742
0.09817477042468103,0.05,t,0.6881625477801452,-0.0014380020731838774,0.0011758408055261849,1.1102230246251565e-16,1.6743451780617611e-16,0.00161833920902954,6.46009834604963e-17,0.6881625477801433,-0.0014380020731838677,0.0011758408055254632,-0.001659844251154037,0.9833486477368439
0.09817477042468103,0.05,n,0.0445482074599796,0.009405571309355194,0.141090595840138,1.3877787807814457e-17,6.842684314534311e-17,0.012570666268277207,6.46009834604963e-17,0.044548207459979526,0.009405571309355057,0.1410905958401391,0.2945243112740431,0.0023787646090222894
0.1227184630308513,0.05,t,0.6821406184616475,-0.0028143387840806776,0.00127876970511126,2.220446049250313e-16,6.057099507701541e-16,0.0017446015150291982,2.7809732887839817e-17,0.6821406184616465,-0.0028143387840807183,0.0012787697051114266,-0.003246097073846106,0.9741702765762027
0.1227184630308513,0.05,n,0.04540848307690807,0.017892947610135157,0.14447205661196338,1.3877787807814457e-17,1.8280354025418942e-17,0.013120513875500887,2.7809732887839817e-17,0.04540848307690764,0.017892947610135247,0.14447205661196,0.36815538909255385,0.0036899604891139047
0.14726215563702155,0.05,t,0.6748997027631847,-0.004875288655497617,0.0014193526655525424,2.220446049250313e-16,5.046324089535707e-16,0.0019158413841950939,3.873273376921573e-17,0.6748997027631843,-0.00487528865549759,0.0014193526655532085,-0.005617974107080484,0.9631339776911818
0.14726215563702155,0.05,n,0.046442899605259484,0.029983442974929626,0.1487826410013699,1.3877787807814457e-17,1.9108577398908777e-17,0.01381979451806397,3.873273376921573e-17,0.04644289960525938,0.029983442974929317,0.1487826410013684,0.44178646691106466,0.005266574615545461
0.1718058482431918,0.05,t,0.6665095346612208,-0.007764469577862404,0.0016066264556650611,2.220446049250313e-16,3.823414472573009e-16,0.0021416637026794305,2.797157557069881e-17,0.66650953466122,-0.007764469577862385,0.001606626455664617,-0.00893707847877903,0.9503460366730987
0.1718058482431918,0.05,n,0.04764149504839687,0.04600082326859029,0.15407332260459028,1.3877787807814457e-17,3.082755745892265e-17,0.014680566871913284,2.797157557069881e-17,0.047641495048397146,0.04600082326859006,0.15407332260459256,0.5154175447295755,0.007093423332414469
0.19634954084936207,0.05,t,0.6570509160611092,-0.011629104965659026,0.0018513854360566184,2.220446049250313e-16,5.553310198526139e-16,0.00243290899348636,4.860322466063819e-17,0.657050916061108,-0.01162910496565894,0.0018513854360566184,-0.013367075646589593,0.9359296083845573
0.19634954084936207,0.05,n,0.04899272627698477,0.06614125981693529,0.16037090660891795,2.0816681711721685e-17,5.212769713595634e-17,0.015714015860565207,4.860322466063819e-17,0.048992726276984574,0.06614125981693467,0.16037090660891712,0.5890486225480862,0.009152913087920388
0.22089323345553233,0.05,t,0.6466149386305747,-0.016620566576972116,0.0021661903202554456,2.220446049250313e-16,7.467362058380573e-16,0.0028013820419882096,5.541620233863207e-17,0.6466149386305742,-0.016620566576972206,0.0021661903202560007,-0.01907369315031915,0.9200235309107975
0.22089323345553233,0.05,n,0.05048358019563259,0.09049757165578542,0.1676746347176894,1.3877787807814457e-17,5.006713685883697e-17,0.016929631737087746,5.541620233863207e-17,0.05048358019563226,0.09049757165578619,0.16767463471768712,0.662679700366597,0.011425209869886079
0.2454369260617026,0.05,t,0.6353021065371605,-0.02289486695941977,0.002565335864074314,2.220446049250313e-16,4.61062796019546e-16,0.003259526556843473,3.198672041575565e-17,0.6353021065371602,-0.022894866959419825,0.0025653358640745916,-0.026224532594418704,0.902780988473038
0.2454369260617026,0.05,n,0.05209969906611989,0.11908645824949547,0.17595655222544543,1.3877787807814457e-17,2.6532202234594085e-17,0.018334566839315426,3.198672041575565e-17,0.05209969906611996,0.11908645824949513,0.17595655222544643,0.7363107781851076,0.013888430218137428
0.2699806186678728,0.05,t,0.6232213685381496,-0.03061307387403355,0.003064754466143571,1.1102230246251565e-16,4.999014376318559e-16,0.0038200409452467943,3.1417178366276926e-17,0.6232213685381487,-0.030613073874033538,0.003064754466144015,-0.03498864666149702,0.884368036180687
0.2699806186678728,0.05,n,0.05382551878026447,0.15187538097771727,0.18516467797373737,1.3877787807814457e-17,3.5028862996532763e-17,0.019933169703434048,3.1417178366276926e-17,0.053825518780264474,0.15187538097771633,0.18516467797373865,0.8099418560036185,0.01651885197418757
0.2945243112740431,0.05,t,0.6104890687444743,-0.03994160721258196,0.003681826864909421,2.220446049250313e-16,3.3335590258932494e-16,0.00449543010807385,9.790051449744584e-17,0.6104890687444733,-0.03994160721258178,0.0036818268649096986,-0.04553582657817216,0.8649620008298634
0.2945243112740431,0.05,n,0.05564441875078961,0.18880717316078924,0.1952278277174022,1.3877787807814457e-17,6.144850722645531e-17,0.021726677994628282,9.790051449744584e-17,0.05564441875078953,0.18880717316078655,0.195227827717402,0.8835729338221294,0.019291142738590943
0.3190680038802134,0.05,t,0.597227826163331,-0.05105236308555419,0.004435064990846893,2.220446049250313e-16,2.557331485697363e-16,0.005297488446753151,5.618469141565346e-17,0.5972278261633304,-0.05105236308555466,0.00443506499084706,-0.05803553818027003,0.8447497731494136
0.3190680038802134,0.05,n,0.057538881976667,0.22982167751685614,0.20606103331175418,1.3877787807814457e-17,3.805142473290242e-17,0.02371304295143014,5.618469141565346e-17,0.05753888197666709,0.229821677516859,0.20606103331175585,0.9572040116406402,0.022178603835798054
0.3436116964863836,0.05,t,0.583565353810109,-0.06412258895513452,0.005343626242670763,2.220446049250313e-16,4.479887691307701e-16,0.00623671027786632,5.2186064346577006e-17,0.5835653538101084,-0.06412258895513447,0.005343626242670763,-0.07265543841958122,0.8239260079410281
0.3436116964863836,0.05,n,0.05949066374141288,0.2748745936130468,0.21757074304263202,2.0816681711721685e-17,2.023017827855918e-17,0.02588685582863714,5.2186064346577006e-17,0.05949066374141308,0.2748745936130463,0.21757074304263385,1.030835089459151,0.02515342743699599
0.36815538909255385,0.05,t,0.5696332287622367,-0.07933440699543608,0.0064266141409619615,2.220446049250313e-16,3.496553854402134e-16,0.007321625926250408,7.634754316485564e-17,0.5696332287622367,-0.07933440699543612,0.0064266141409619615,-0.08955940008956756,0.8026912494470915
0.36815538909255385,0.05,n,0.06148096731968013,0.3239542863766399,0.22965927039369366,2.0816681711721685e-17,4.149595302294423e-17,0.028239348195472525,7.634754316485564e-17,0.06148096731968048,0.32395428637664025,0.2296592703936957,1.1044661672776614,0.028186964364701226
0.39269908169872414,0.05,t,0.555565625,-0.09687384965640305,0.007702119236778493,2.220446049250313e-16,1.8993542646171417e-16,0.008558065375210755,5.508259233909042e-17,0.555565625,-0.0968738496564033,0.007702119236779104,-0.10890497249039632,0.78125
0.39269908169872414,0.05,n,0.06349062499999976,0.37709765039372356,0.2422282074662268,1.3877787807814457e-17,4.163336342344337e-17,0.030758440569320693,5.508259233909042e-17,0.06349062500000001,0.3770976503937237,0.24222820746622714,1.1780972450961724,0.031249999999999997
0.4172427743048944,0.05,t,0.5414980212377638,-0.11692923183842863,0.009185958838069719,2.220446049250313e-16,2.893323271249518e-16,0.00994835706797259,5.551115123125783e-17,0.5414980212377634,-0.11692923183842868,0.009185958838070218,-0.13084021203000376,0.7598087505529086
0.4172427743048944,0.05,n,0.06550028268031961,0.43440634749182866,0.25518070139979965,2.7755575615628914e-17,3.708360020832444e-17,0.033428816152498216,5.551115123125783e-17,0.06550028268031952,0.43440634749182633,0.2551807013997991,1.2517283229146834,0.03431303563529877
0.44178646691106466,0.05,t,0.5275658961898927,-0.139688639865854,0.010890087876947563,1.1102230246251565e-16,3.469446951953614e-16,0.011490477940777066,4.177767360805209e-17,0.5275658961898915,-0.13968863986585375,0.010890087876946952,-0.15549983223692143,0.738573992058972
0.44178646691106466,0.05,n,0.06749058625858745,0.4960649265998861,0.2684226006511965,1.3877787807814457e-17,4.294973544573237e-17,0.0362319973660079,4.177767360805209e-17,0.06749058625858693,0.4960649265998847,0.2684226006511955,1.325359400733194,0.037346572563004006
0.4663301595172349,0.05,t,0.5139034238366708,-0.16533627305748982,0.012820680005369733,2.220446049250313e-16,3.3306690738754696e-16,0.013177182701347712,8.326672684688674e-17,0.5139034238366698,-0.16533627305748994,0.012820680005369456,-0.18300065060493284,0.7177502268505864
0.4663301595172349,0.05,n,0.06944236802333305,0.5623625594006153,0.28186252018005176,2.7755575615628914e-17,6.697488573173575e-17,0.03914640171665459,8.326672684688674e-17,0.0694423680233329,0.5623625594006136,0.2818625201800522,1.3989904785517047,0.04032139616420194
0.4908738521234052,0.05,t,0.5006421812555274,-0.19404733802973284,0.014975921762358901,1.1102230246251565e-16,1.8204807618082116e-16,0.014995156274838939,4.252726876253798e-17,0.5006421812555266,-0.19404733802973295,0.01497592176235868,-0.2134363533876801,0.6975379991701366
0.4908738521234052,0.05,n,0.07133683124921057,0.6337204130404774,0.2954108620166049,1.3877787807814457e-17,1.9759586786772274e-17,0.042147349625724743,4.252726876253798e-17,0.07133683124921049,0.633720413040476,0.29541086201660466,1.4726215563702154,0.04320885726140905
0.5154175447295755,0.05,t,0.48790988146185116,-0.22598118422218394,0.0173436263064492,2.220446049250313e-16,4.718298749232463e-16,0.01692425331059655,5.857742764772359e-17,0.4879098814618512,-0.2259811842221836,0.017343626306449977,-0.24687166155958118,0.6781319638193131
0.5154175447295755,0.05,n,0.07315573121973522,0.7107270039007175,0.3089777701104936,2.7755575615628914e-17,4.6601396338347654e-17,0.045206989406152816,5.857742764772359e-17,0.07315573121973554,0.7107270039007139,0.30897777011049476,1.5462526341887264,0.04598114802581243
0.5399612373357456,0.05,t,0.4758291434628402,-0.26127240494115866,0.019898856681898003,1.6653345369377348e-16,2.2729511820139823e-16,0.018936911861674677,5.575456304969596e-17,0.4758291434628398,-0.2612724049411586,0.019898856681898003,-0.2833360626385084,0.6597190115269621
0.5399612373357456,0.05,n,0.07488155093388003,0.7941840785245462,0.3224699013042909,1.3877787807814457e-17,5.528385276169501e-17,0.04829409267832105,5.575456304969596e-17,0.07488155093388003,0.7941840785245452,0.3224699013042905,1.619883712007237,0.04861156978186256
0.5645049299419159,0.05,t,0.46451631136942645,-0.3000197433679294,0.02260184620135658,1.6653345369377348e-16,2.2887833992611187e-16,0.020997852455186483,4.50777833816775e-17,0.4645163113694258,-0.30001974336792975,0.022601846201356413,-0.3228173718843975,0.6424764690892026
0.5645049299419159,0.05,n,0.07649766980436797,0.8851651940827546,0.33578576044567776,2.7755575615628914e-17,3.2229879407742823e-17,0.05137365645516412,4.50777833816775e-17,0.07649766980436776,0.8851651940827574,0.33578576044567615,1.6935147898257479,0.051074790130113915
0.5890486225480862,0.05,t,0.4540803339388924,-0.34227287454198757,0.02539660100526009,1.6653345369377348e-16,2.2588022597148935e-16,0.023064194130762605,5.551115123125783e-17,0.45408033393889197,-0.3422728745419878,0.02539660100526031,-0.3652554959722375,0.6265703916154428
0.5890486225480862,0.05,n,0.07798852372301555,0.9850870711911041,0.3488091851019214,1.3877787807814457e-17,4.2968340906526284e-17,0.05440622681425384,5.551115123125783e-17,0.07798852372301544,0.9850870711911024,0.34880918510192116,1.7671458676442586,0.05334708691207961
0.6135923151542565,0.05,t,0.4446217153387805,-0.3880175146480604,0.028210642112817097,1.6653345369377348e-16,2.7873327731698013e-16,0.02508612817401834,5.561946577567963e-17,0.4446217153387799,-0.3880175146480609,0.028210642112817208,-0.41053688021295703,0.6121539633269013
0.6135923151542565,0.05,n,0.07933975495160288,1.0957872874005743,0.3614004117266711,2.7755575615628914e-17,6.001281415599912e-17,0.05734684021160494,5.561946577567963e-17,0.07933975495160286,1.095787287400583,0.3614004117266699,1.8407769454627694,0.05540657666758553
0.6381360077604268,0.05,t,0.43623154723681606,-0.43715984642270206,0.030956355916353595,1.1102230246251565e-16,2.5324586304240974e-16,0.027008278076408987,9.813077866773594e-17,0.4362315472368156,-0.4371598464227023,0.030956355916353928,-0.4584902082029405,0.5993660223088182
0.6381360077604268,0.05,n,0.08053835039474053,1.2195852535033418,0.3733841408510148,0.0,2.6377562098186907e-17,0.06014348553539636,9.813077866773594e-17,0.08053835039474062,1.2195852535033365,0.3733841408510142,1.9144080232812803,0.05723342538445454
0.662679700366597,0.05,t,0.42899063153835343,-0.4895119005474488,0.03353433317353299,5.551115123125783e-17,4.611901312154369e-16,0.02877182953266294,4.166948782366562e-17,0.42899063153835343,-0.4895119005474488,0.03353433317353338,-0.5088839669712176,0.5883297234237974
0.662679700366597,0.05,n,0.0815727669230923,1.359266184318171,0.3845345118675079,2.7755575615628914e-17,4.349084866184108e-17,0.06273508822090659,4.166948782366562e-17,0.08157276692309237,1.3592661843181704,0.3845345118675086,1.9880391010997909,0.05881003951088609
0.6872233929727672,0.05,t,0.4229687022198577,-0.5447801729885882,0.035838855787344304,1.1102230246251565e-16,1.4946834900704541e-16,0.03031742864283532,7.017862360648852e-17,0.4229687022198566,-0.5447801729885877,0.03583885578734369,-0.5614264665518243,0.5791513522631561
0.6872233929727672,0.05,n,0.0824330425400208,1.517856986728552,0.3945587621017351,1.3877787807814457e-17,4.004879573891107e-17,0.06504935844174056,7.017862360648852e-17,0.08243304254002048,1.5178569867285596,0.39455876210173413,2.061670178918302,0.06012123539097771
0.7117670855789375,0.05,t,0.41822375375258464,-0.6025601716219141,0.037765334955836616,1.1102230246251565e-16,1.716587549445839e-16,0.03158872029390736,1.192622389734055e-16,0.4182237537525839,-0.6025601716219142,0.03776533495583673,-0.6157687905405126,0.5719193015585793
0.7117670855789375,0.05,n,0.08311089232105957,1.6979660192990929,0.40308610632923125,1.3877787807814457e-17,5.605761634133632e-17,0.06700169195848782,1.192622389734055e-16,0.08311089232105943,1.6979660192990809,0.4030861063292319,2.1353012567368124,0.061154385491631526
0.7363107781851077,0.05,t,0.4148014825841283,-0.662339500941713,0.03921905890016586,1.1102230246251565e-16,3.5511728259786153e-16,0.03253624755468609,1.3877787807814457e-16,0.4148014825841276,-0.6623395009417129,0.03921905890016614,-0.6715109460902232,0.5667032199117934
0.7363107781851077,0.05,n,0.08359978820226768,1.9004402229641102,0.40967709444407546,2.7755575615628914e-17,5.45706935062807e-17,0.06849783665369025,1.3877787807814457e-16,0.0835997882022675,1.900440222964111,0.40967709444407563,2.208932334555323,0.06189954001260095
0.760854470791278,0.05,t,0.41273484705664526,-0.7235112851615905,0.04012417523066203,5.551115123125783e-17,6.542297310539713e-17,0.03312129065420266,1.0145166561818402e-16,0.4127348470566438,-0.7235112851615904,0.040124175230661197,-0.7282111897163108,0.563553341040457
0.760854470791278,0.05,n,0.08389502184905148,2.122459020326764,0.41387671797143327,2.7755575615628914e-17,3.281257612278292e-17,0.06944439259405423,1.0145166561818402e-16,0.08389502184905087,2.1224590203267604,0.4138767179714321,2.282563412373834,0.06234952270850615
0.7853981633974483,0.05,t,0.4120437500000004,-0.7853981633974486,0.04043155308143809,1.6653345369377348e-16,4.179654816561277e-16,0.03331913749999965,6.133173666733497e-17,0.41204375,-0.7853981633974482,0.04043155308143842,-0.7853981633974483,0.5625
0.7853981633974483,0.05,n,0.08399375000000017,2.3561944901923306,0.41532338715678147,2.7755575615628914e-17,1.11318574012893e-16,0.06976913749999997,6.133173666733497e-17,0.08399374999999999,2.356194490192345,0.41532338715678246,2.356194490192345,0.0625
0.8099418560036186,0.05,t,0.41273484705664465,-0.8472850416333064,0.04012417523066142,1.1102230246251565e-16,8.767453633457307e-17,0.03312129065420211,8.326672684688674e-17,0.41273484705664376,-0.8472850416333062,0.040124175230661197,-0.8425851370785855,0.563553341040457
0.8099418560036186,0.05,n,0.0838950218490512,2.589929960057932,0.413876717971434,2.7755575615628914e-17,4.163336342344337e-17,0.06944439259405412,8.326672684688674e-17,0.08389502184905089,2.589929960057929,0.4138767179714321,2.429825568010856,0.062349522708506154
0.8344855486097889,0.05,t,0.41480148258412897,-0.908456825853183,0.03921905890016658,2.220446049250313e-16,1.9478403400799703e-16,0.03253624755468676,1.249000902703301e-16,0.4148014825841276,-0.9084568258531835,0.03921905890016619,-0.8992853807046733,0.5667032199117934
0.8344855486097889,0.05,n,0.08359978820226809,2.8119487574205864,0.4096770944440761,2.7755575615628914e-17,1.6910361531879185e-16,0.06849783665369068,1.249000902703301e-16,0.0835997882022675,2.811948757420578,0.40967709444407563,2.5034566458293668,0.06189954001260095
0.859029241215959,0.05,t,0.41822375375258464,-0.9682361551729818,0.03776533495583684,1.1102230246251565e-16,2.871797608407867e-16,0.03158872029390758,8.32847949227958e-17,0.41822375375258386,-0.9682361551729822,0.03776533495583678,-0.9550275362543837,0.5719193015585793
0.859029241215959,0.05,n,0.08311089232105949,3.0144229610856117,0.40308610632923214,1.3877787807814457e-17,4.264201713540467e-17,0.0670016919584879,8.32847949227958e-17,0.08311089232105943,3.014422961085608,0.4030861063292319,2.5770877236478773,0.06115438549163153
0.8835729338221293,0.05,t,0.42296870221985705,-1.0260161538063093,0.035838855787343527,1.6653345369377348e-16,2.220446049250313e-16,0.0303174286428346,1.3880227048335013e-16,0.4229687022198566,-1.0260161538063088,0.03583885578734369,-1.009369860243072,0.579151352263156
0.8835729338221293,0.05,n,0.08243304254002051,-3.088653313523455,0.39455876210173485,2.7755575615628914e-17,2.597478924522463e-17,0.06504935844174028,1.3880227048335013e-16,0.08243304254002048,-3.088653313523457,0.39455876210173413,2.650718801466388,0.06012123539097772
0.9081166264282996,0.05,t,0.4289906315383539,-1.081284426247448,0.03353433317353288,1.6653345369377348e-16,2.7755575615628914e-16,0.028771829532662885,6.941061969544859e-17,0.42899063153835343,-1.081284426247448,0.03353433317353338,-1.0619123598236788,0.5883297234237973
0.9081166264282996,0.05,n,0.08157276692309237,-2.9300625111130754,0.3845345118675081,2.7755575615628914e-17,3.8044026822659695e-17,0.06273508822090666,6.941061969544859e-17,0.08157276692309237,-2.930062511113067,0.38453451186750864,2.724349879284899,0.05881003951088609
0.9326603190344698,0.05,t,0.4362315472368161,-1.1336364803721937,0.03095635591635454,1.1102230246251565e-16,1.6234899367354853e-16,0.02700827807640982,5.924944159480054e-17,0.4362315472368156,-1.133636480372194,0.030956355916353873,-1.112306118591956,0.5993660223088182
0.9326603190344698,0.05,n,0.08053835039474054,-2.7903815802982312,0.3733841408510143,2.7755575615628914e-17,3.956015873212291e-17,0.06014348553539629,5.924944159480054e-17,0.08053835039474062,-2.7903815802982335,0.3733841408510142,2.7979809571034093,0.05723342538445454
0.9572040116406401,0.05,t,0.4446217153387805,-1.1827788121468352,0.028210642112817097,1.1102230246251565e-16,2.5476231888929306e-16,0.02508612817401834,1.1102230246251565e-16,0.4446217153387799,-1.1827788121468357,0.028210642112817208,-1.1602594465819396,0.6121539633269013
0.9572040116406401,0.05,n,0.07933975495160299,-2.666583614195465,0.3614004117266699,2.7755575615628914e-17,2.7755575615628914e-17,0.05734684021160484,1.1102230246251565e-16,0.07933975495160286,-2.66658361419548,0.3614004117266699,2.8716120349219203,0.055406576667585535
0.9817477042468103,0.05,t,0.45408033393889286,-1.2285234522529094,0.02539660100526031,5.551115123125783e-17,4.766692120033244e-16,0.023064194130762827,3.114058155613595e-17,0.4540803339388919,-1.2285234522529087,0.025396601005260366,-1.205540830822659,0.6265703916154427
0.9817477042468103,0.05,n,0.07798852372301586,-2.5558833979860016,0.3488091851019216,2.7755575615628914e-17,5.905208952737882e-17,0.05440622681425409,3.114058155613595e-17,0.07798852372301544,-2.5558833979859994,0.34880918510192116,2.945243112740431,0.053347086912079615
1.0062913968529805,0.05,t,0.4645163113694267,-1.2707765834269669,0.022601846201357023,1.6653345369377348e-16,1.2917272731787446e-16,0.020997852455186927,9.522431088065202e-17,0.4645163113694257,-1.2707765834269666,0.022601846201356413,-1.2479789549104987,0.6424764690892024
1.0062913968529805,0.05,n,0.07649766980436841,-2.455961520877657,0.33578576044567765,1.3877787807814457e-17,7.211194674741378e-17,0.0513736564551644,9.522431088065202e-17,0.07649766980436776,-2.455961520877655,0.3357857604456762,3.0188741905589414,0.05107479013011393
1.030835089459151,0.05,t,0.4758291434628402,-1.3095239218537376,0.01989885668189767,1.6653345369377348e-16,3.683546764448236e-16,0.018936911861674344,8.333897564733124e-17,0.4758291434628398,-1.309523921853738,0.01989885668189806,-1.2874602641563881,0.659719011526962
1.030835089459151,0.05,n,0.0748815509338799,-2.364980405319439,0.32246990130429115,2.7755575615628914e-17,4.459288859690261e-17,0.048294092678321,8.333897564733124e-17,0.07488155093388003,-2.364980405319442,0.32246990130429054,3.0925052683774528,0.04861156978186257
1.055378782065321,0.05,t,0.4879098814618517,-1.3448151425727128,0.017343626306449755,1.1102230246251565e-16,3.611856206764891e-16,0.016924253310597104,3.469446951953614e-17,0.4879098814618512,-1.3448151425727128,0.017343626306449977,-1.3239246652353154,0.678131963819313
1.055378782065321,0.05,n,0.07315573121973554,-2.281523330695615,0.30897777011049443,1.3877787807814457e-17,2.7755575615628914e-17,0.04520698940615313,3.469446951953614e-17,0.07315573121973554,-2.2815233306956104,0.30897777011049476,-3.1170489609836234,0.045981148025812435
1.0799224746714913,0.05,t,0.5006421812555263,-1.3767489887651634,0.01497592176235818,2.220446049250313e-16,4.490496109398439e-16,0.014995156274838217,8.391472671209643e-17,0.5006421812555265,-1.3767489887651634,0.01497592176235879,-1.3573599734072161,0.6975379991701365
1.0799224746714913,0.05,n,0.07133683124921004,-2.2045167398353698,0.29541086201660205,2.7755575615628914e-17,8.629508627179774e-17,0.04214734962572402,8.391472671209643e-17,0.0713368312492105,-2.2045167398353733,0.29541086201660477,-3.043417883165113,0.04320885726140907
1.1044661672776617,0.05,t,0.5139034238366711,-1.4054600537374067,0.012820680005369178,2.220446049250313e-16,3.273069708340169e-16,0.013177182701347157,1.113606002252634e-16,0.5139034238366696,-1.4054600537374067,0.012820680005369345,-1.3877956761899637,0.7177502268505863
1.1044661672776617,0.05,n,0.06944236802333294,-2.133158886195509,0.28186252018005287,2.7755575615628914e-17,2.949029909160572e-17,0.03914640171665468,1.113606002252634e-16,0.06944236802333291,-2.133158886195511,0.28186252018005226,-2.9697868053466014,0.04032139616420195
1.1290098598838318,0.05,t,0.5275658961898922,-1.4311076869290429,0.010890087876947063,1.1102230246251565e-16,4.570145841693701e-16,0.011490477940776511,6.209365080825174e-17,0.5275658961898915,-1.4311076869290427,0.010890087876947174,-1.4152964945579751,0.7385739920589719
1.1290098598838318,0.05,n,0.06749058625858724,-2.066861253394776,0.268422600651197,1.3877787807814457e-17,1.0055707758981057e-16,0.03623199736600785,6.209365080825174e-17,0.06749058625858693,-2.0668612533947823,0.2684226006511956,-2.896155727528091,0.03734657256300402
1.1535535524900022,0.05,t,0.5414980212377644,-1.4538670949564678,0.009185958838069885,0.0,4.684198811278933e-16,0.009948357067972813,1.6782945342419286e-16,0.5414980212377634,-1.453867094956468,0.009185958838070218,-1.4399561147648927,0.7598087505529086
1.1535535524900022,0.05,n,0.06550028268031961,-2.005202674286724,0.2551807013997981,1.3877787807814457e-17,4.600397306961035e-17,0.033428816152498014,1.6782945342419286e-16,0.06550028268031952,-2.005202674286723,0.2551807013997991,-2.82252464970958,0.034313035635298764
1.1780972450961724,0.05,t,0.5555656250000006,-1.4739224771384933,0.007702119236779381,1.1102230246251565e-16,2.4919303346401136e-16,0.008558065375211754,6.958382176060062e-17,0.555565625,-1.4739224771384933,0.007702119236779104,-1.4618913543045002,0.78125
1.1780972450961724,0.05,n,0.0634906250000003,-1.9478939771886223,0.24222820746622747,2.7755575615628914e-17,2.4546394750852792e-17,0.03075844056932104,6.958382176060062e-17,0.06349062500000001,-1.9478939771886203,0.24222820746622714,-2.7488935718910694,0.03125000000000001
1.2026409377023426,0.05,t,0.5696332287622372,-1.491461919799461,0.0064266141409618505,2.220446049250313e-16,4.581020628083914e-16,0.007321625926250297,5.682377955034956e-17,0.5696332287622365,-1.4914619197994605,0.006426614140962128,-1.481236926705329,0.8026912494470912
1.2026409377023426,0.05,n,0.061480967319680675,-1.8947506131715361,0.2296592703936981,2.7755575615628914e-17,4.235887837390338e-17,0.028239348195473322,5.682377955034956e-17,0.061480967319680495,-1.8947506131715373,0.22965927039369582,-2.675262494072559,0.028186964364701247
1.227184630308513,0.05,t,0.5835653538101094,-1.506673737839762,0.005343626242670374,2.220446049250313e-16,4.597280514502106e-16,0.006236710277865876,1.5501285534357748e-16,0.5835653538101084,-1.506673737839762,0.005343626242670763,-1.4981408883753153,0.8239260079410281
1.227184630308513,0.05,n,0.05949066374141316,-1.8456709204079473,0.21757074304263357,1.3877787807814457e-17,6.277924787397048e-17,0.025886855828637444,1.5501285534357748e-16,0.05949066374141308,-1.845670920407943,0.21757074304263385,-2.601631416254048,0.02515342743699599
1.2517283229146832,0.05,t,0.5972278261633305,-1.519743963709342,0.004435064990847004,1.1102230246251565e-16,3.3738030318740266e-16,0.005297488446753262,1.4934750137995173e-16,0.5972278261633301,-1.519743963709342,0.004435064990847004,-1.5127607886146266,0.8447497731494136
1.2517283229146832,0.05,n,0.057538881976666664,-1.8006180043117608,0.20606103331175324,6.938893903907228e-18,2.3452230328151117e-17,0.023713042951429897,1.4934750137995173e-16,0.05753888197666712,-1.8006180043117557,0.20606103331175607,-2.5280003384355374,0.02217860383579806
1.2762720155208536,0.05,t,0.6104890687444736,-1.5308547195823148,0.00368182686490931,2.220446049250313e-16,4.133780263969744e-16,0.004495430108073739,8.355534721610418e-17,0.6104890687444734,-1.5308547195823148,0.0036818268649096986,-1.5252605002167243,0.8649620008298634
1.2762720155208536,0.05,n,0.055644418750789224,-1.7596034999556858,0.1952278277174011,2.7755575615628914e-17,5.4179142758831266e-17,0.021726677994628005,8.355534721610418e-17,0.055644418750789515,-1.7596034999556829,0.19522782771740177,-2.454369260617026,0.019291142738590936
1.3008157081270237,0.05,t,0.6232213685381502,-1.5401832529208628,0.0030647544661440707,2.220446049250313e-16,3.5912289793016716e-16,0.0038200409452474604,6.455875440461582e-17,0.6232213685381487,-1.5401832529208632,0.003064754466144126,-1.5358076801333995,0.8843680361806869
1.3008157081270237,0.05,n,0.05382551878026486,-1.7226717077726157,0.1851646779737413,2.0816681711721685e-17,4.85722573273506e-17,0.019933169703434617,6.455875440461582e-17,0.053825518780264474,-1.7226717077726132,0.1851646779737387,-2.3807381827985155,0.016518851974187575
1.325359400733194,0.05,t,0.6353021065371606,-1.5479014598354763,0.002565335864074314,1.1102230246251565e-16,3.3429453680766887e-16,0.003259526556843473,9.062166216467615e-17,0.6353021065371601,-1.5479014598354768,0.0025653358640744806,-1.5445717942004777,0.9027809884730379
1.325359400733194,0.05,n,0.052099699066119824,-1.6898827850443907,0.17595655222544593,2.0816681711721685e-17,5.205796477158644e-17,0.01833456683931546,9.062166216467615e-17,0.052099699066119984,-1.689882785044392,0.17595655222544654,-2.307107104980005,0.013888430218137442
1.3499030933393643,0.05,t,0.6466149386305743,-1.5541757602179243,0.002166190320255612,1.1102230246251565e-16,5.551548787055441e-16,0.0028013820419884317,6.283435673255384e-17,0.6466149386305742,-1.5541757602179245,0.0021661903202560007,-1.5517226336445775,0.9200235309107975
1.3499030933393643,0.05,n,0.05048358019563215,-1.6612938984506829,0.16767463471768596,1.3877787807814457e-17,6.660356386321695e-17,0.016929631737087253,6.283435673255384e-17,0.05048358019563226,-1.6612938984506826,0.16767463471768712,-2.2334760271614935,0.011425209869886075
1.3744467859455345,0.05,t,0.6570509160611083,-1.5591672218292376,0.0018513854360561743,1.1102230246251565e-16,5.538951236772597e-16,0.002432908993485805,5.740991273821589e-17,0.657050916061108,-1.5591672218292376,0.0018513854360566184,-1.557429251148307,0.9359296083845572
1.3744467859455345,0.05,n,0.048992726276984415,-1.6369375866118305,0.16037090660891495,1.3877787807814457e-17,6.395615231222802e-17,0.015714015860564805,5.740991273821589e-17,0.048992726276984574,-1.6369375866118314,0.16037090660891712,-2.159844949342983,0.009152913087920395
1.3989904785517047,0.05,t,0.6665095346612205,-1.5630318572170343,0.0016066264556644505,1.1102230246251565e-16,4.80362932763819e-16,0.0021416637026786534,4.7801390554066475e-17,0.66650953466122,-1.5630318572170343,0.001606626455664617,-1.5618592483161176,0.9503460366730987
1.3989904785517047,0.05,n,0.04764149504839736,-1.6167971500634841,0.15407332260459455,1.3877787807814457e-17,4.2013358794492344e-17,0.014680566871913839,4.7801390554066475e-17,0.047641495048397146,-1.6167971500634868,0.15407332260459244,-2.0862138715244725,0.007093423332414479
1.423534171157875,0.05,t,0.6748997027631847,-1.565921038139399,0.0014193526655526534,2.220446049250313e-16,4.0336196944422427e-16,0.0019158413841952049,4.0876578746671455e-17,0.6748997027631843,-1.565921038139399,0.0014193526655532085,-1.5651783526878162,0.9631339776911818
1.423534171157875,0.05,n,0.04644289960525914,-1.6007797697698172,0.14878264100136507,1.3877787807814457e-17,3.4474842353957286e-17,0.013819794518063422,4.0876578746671455e-17,0.04644289960525938,-1.6007797697698258,0.1487826410013684,-2.012582793705962,0.005266574615545461
1.4480778637640452,0.05,t,0.682140618461647,-1.5679819880108161,0.001278769705110594,2.220446049250313e-16,5.241169331394642e-16,0.00174460151502831,4.1635622116700063e-17,0.6821406184616465,-1.567981988010816,0.0012787697051114266,-1.5675502297210506,0.9741702765762026
1.4480778637640452,0.05,n,0.045408483076907535,-1.588689274405027,0.1444720566119589,6.938893903907228e-18,3.285177728932299e-17,0.013120513875500325,4.1635622116700063e-17,0.04540848307690764,-1.5886892744050318,0.14447205661195994,-1.9389517158874503,0.0036899604891139116
1.4726215563702154,0.05,t,0.6881625477801446,-1.5693583247217129,0.0011758408055257963,2.220446049250313e-16,2.2984093659501136e-16,0.001618339209028985,6.278794417731604e-17,0.6881625477801433,-1.5693583247217127,0.0011758408055256298,-1.5691364825437426,0.9833486477368439
1.4726215563702154,0.05,n,0.044548207459979935,-1.5802018981042496,0.14109059584014072,6.938893903907228e-18,1.523603046729644e-17,0.01257066626827754,6.278794417731604e-17,0.044548207459979526,-1.5802018981042518,0.14109059584013922,-1.8653206380689407,0.0023787646090222964
1.4971652489763858,0.05,t,0.6929074962474167,-1.5701906348892882,0.0011032548391045616,2.220446049250313e-16,1.5403905743663414e-16,0.0015289070965736062,3.4705309847724295e-17,0.6929074962474161,-1.5701906348892882,0.0011032548391045616,-1.5700967992090133,0.9905806984414207
1.4971652489763858,0.05,n,0.04387035767894095,-1.5748496294593073,0.1385706632149563,1.3877787807814457e-17,2.1034923633424712e-17,0.012158289118096396,3.4705309847724295e-17,0.043870357678940555,-1.5748496294593086,0.13857066321495287,-1.7916895602504292,0.0013456145083684742
1.521708941582556,0.05,t,0.6963297674158732,-1.570617066905462,0.0010553847053116905,2.220446049250313e-16,4.201507523845425e-16,0.0014697915727679423,4.2914688736145985e-17,0.6963297674158724,-1.570617066905462,0.001055384705311857,-1.5705892133394566,0.9957967800882066
1.521708941582556,0.05,n,0.043381461797732675,-1.5720162541915546,0.13683919256174965,1.3877787807814457e-17,2.5200907718075906e-17,0.011872568409100254,4.2914688736145985e-17,0.043381461797732515,-1.5720162541915539,0.1368391925617472,-1.7180584824319187,0.0006004599873990525
1.5462526341887264,0.05,t,0.6983964029433578,-1.5707739346415397,0.0010282459853656056,2.220446049250313e-16,4.440892098500626e-16,0.0014362465950406023,2.1103821920200817e-17,0.6983964029433563,-1.5707739346415392,0.0010282459853654946,-1.5707704492484642,0.998946658959543
1.5462526341887264,0.05,n,0.043086228150949465,-1.5709502863430451,0.13583074688925517,1.3877787807814457e-17,2.0816681711721685e-17,0.011704869100768636,2.1103821920200817e-17,0.043086228150949105,-1.570950286343049,0.13583074688925206,-1.6444274046134073,0.00015047729149384598
1.5707963267948966,0.05,t,0.6990875000000003,-1.5707963267948966,0.0010194628712429377,2.220446049250313e-16,3.8880312269725364e-16,0.001425387500000097,5.2502259312378486e-17,0.6990875,-1.5707963267948966,0.0010194628712427711,-1.5707963267948966,1.0
1.5707963267948966,0.05,n,0.042987500000000074,-1.5707963267948963,0.13549999999999834,1.3877787807814457e-17,1.389302603484999e-17,0.011649612499999878,5.2502259312378486e-17,0.042987500000000005,-1.5707963267948966,0.1355,-1.5707963267948968,0.0
